daties,cities,population,rakuyaPurchases,criteoDailyWeightAction,criteoDailyWeightspend,criteoDailyWeightSession,rtbhouseDailyWeightspend,rtbhouseDailyWeightAction,rtbhouseDailyWeightSession,Google_Ads_Total_spend,Google_Ads_Total_Advance,rakuya_fb_dpa_advance_allzone_ASC_Campaign2_spend,rakuya_fb_dpa_advance_allzone_ASC_Campaign2_purchase,rakuya_fb_dpa_advance_allzone2_spend,rakuya_fb_dpa_advance_allzone2_purchase
2026-03-01,TPC,2465110,25.5925,2.111223814,719.6233044,2011.890734,554.9045668,2.639029768,377.3812568,294.909799,0,1592.496123,8.656017638,312.3555633,2.639029768
2026-03-01,NTPC,4041120,54.3973,3.460985019,1179.69751,3298.145674,909.6697279,4.326231274,618.6510721,344.993914,5,2523.058079,9.863807304,545.1051405,2.422689513
2026-03-01,KLC,361050,3.4594,0.3092183952,105.3989453,294.6696697,81.2735715,0.3865229939,55.27278813,139.306906,0,239.7370218,1.499709217,54.96356974,0.2628356359
2026-03-01,TYC,2332150,41.4069,1.997351282,680.8091685,1903.375904,524.9748228,2.496689102,357.0265416,430.606735,1,1595.184601,7.689802435,285.3216306,1.997351282
2026-03-01,HCC,457320,7.3071,0.3916680694,133.5024115,373.2400868,102.9442729,0.4895850868,70.01066741,79.031286,0,287.680197,1.194587612,61.62897073,0.2937510521
2026-03-01,HSQ,593210,10.8018,0.508049977,173.171883,484.1462256,133.5335697,0.6350624712,90.81393339,107.736038,0,363.4589535,2.184614901,82.02466878,0.508049977
2026-03-01,ILQ,448110,6.8482,0.3837802383,130.8137969,365.7233781,100.8710708,0.4797252979,68.6007176,116.462489,1,278.9890443,1.151340715,59.81215015,0.1918901192
2026-03-01,TCC,2854310,63.4341,2.444551052,833.2398935,2329.534925,642.5147981,3.055688816,436.9635006,361.488119,4,1887.682323,8.311473578,383.4278326,1.344503079
2026-03-01,MLQ,531090,11.7549,0.454847798,155.0376011,433.4472091,119.5501484,0.5685597476,81.3040439,147.20936,2,327.8088081,1.319058614,66.08938506,0.2501662889
2026-03-01,CHQ,1224190,12.0373,1.048447769,357.3697129,999.1183019,275.5692937,1.310559712,187.4100388,197.827175,8,799.546269,3.09292092,168.9049357,0.7863358271
2026-03-01,NTQ,473460,3.177,0.4054910438,138.2140552,386.4126902,106.5774412,0.5068638048,72.48152408,75.081357,1,329.8669641,1.378669549,65.79092186,0.1621964175
2026-03-01,YLQ,654120,3.6006,0.5602158611,190.9529375,533.8577048,147.244616,0.7002698263,100.1385852,84.407115,0,420.8621656,1.848712342,84.00436837,0.3361295166
2026-03-01,TNC,1857211,37.418,1.59059356,542.1633585,1515.756133,418.0644537,1.98824195,284.3185989,426.146246,4,1165.507431,4.453661968,252.1090793,0.8748264581
2026-03-01,KSC,2735462,51.3262,2.34276463,798.5453807,2232.537554,615.7617129,2.928455787,418.7691776,448.462442,3,1731.4202,8.668229131,349.7747593,2.225626398
2026-03-01,CYC,261900,4.1654,0.2243021678,76.45473972,213.7487508,58.95457243,0.2803777098,40.0940125,245.30165,0,178.3538687,0.6841216119,32.56867477,0.1570115175
2026-03-01,CYQ,481230,4.0595,0.4121455984,140.4823001,392.754148,108.3264944,0.515181998,73.67102571,150.92658,0,302.3294037,1.442509594,59.98779185,0.267894639
2026-03-01,PTQ,791244,8.3661,0.6776546181,230.9826425,645.7709683,178.1116904,0.8470682726,121.130763,109.597415,1,526.1649282,1.694136545,105.9512995,0.4743582327
2026-03-01,HLQ,315240,2.5063,0.2699847857,92.02593413,257.2820016,70.96158615,0.3374809822,48.25978045,49.607143,0,221.7790022,1.187933057,43.37305583,0.2699847857
2026-03-01,TTQ,210140,0.9178,0.1799727283,61.34478428,171.5050114,47.30322203,0.2249659104,32.17012519,112.457463,0,132.2349621,0.5219209121,25.53813015,0.1349795462
2026-03-01,PHQ,107450,0.1765,0.09202469619,31.36716984,87.69493424,24.18735704,0.1150308702,16.44941444,45.966272,0,67.18262945,0.1978530968,18.40493924,0.05061358291
2026-03-01,KMQ,143180,0.1059,0.1226253699,41.7975931,116.8558463,32.23030042,0.1532817124,21.91928488,30.687155,0,87.11306281,0.3801386468,21.65564033,0.09196902746
2026-03-01,MZQ,14130,0.1059,0.01210152589,4.12487771,11.5321491,3.180710609,0.01512690737,2.163147753,0,0,8.936976872,0.0447756458,1.887838039,0.01210152589
2026-03-02,TPC,2465110,23.78,3.694641675,609.6844911,1457.48336,624.9043036,2.005662623,306.5496978,249.495532,2,1457.694482,5.489181917,279.9482778,2.216785005
2026-03-02,NTPC,4041120,50.5448,6.056723783,999.4719062,2389.291008,1024.422147,3.287935768,502.5350247,351.140385,3,2498.658134,12.63259532,462.2145493,3.63403427
2026-03-02,KLC,361050,3.2144,0.5411321915,89.2968612,213.4689191,91.52601661,0.2937574754,44.89851098,103.904237,0,237.8198677,0.9276551855,41.46618679,0.1855310371
2026-03-02,TYC,2332150,38.4744,3.495364743,576.8000965,1378.871457,591.1990019,1.897483718,290.0154061,427.46826,1,1274.60972,7.989405127,322.8718347,1.697748589
2026-03-02,HCC,457320,6.7896,0.6854191215,113.1068843,270.3880517,115.9304194,0.372084666,56.87020368,94.46407,0,237.3508501,1.116253998,75.86610505,0.3525012625
2026-03-02,HSQ,593210,10.0368,0.8890874597,146.7159425,350.7323016,150.3784748,0.4826474781,73.76885666,104.559481,0,309.910486,1.676564924,94.16706324,0.3048299862
2026-03-02,ILQ,448110,6.3632,0.6716154171,110.8290167,264.9426875,113.5956884,0.3645912264,55.72489061,184.058931,0,244.8709811,1.170529727,72.36176394,0.2878351788
2026-03-02,TCC,2854310,58.9416,4.277964342,705.9435643,1687.595819,723.5663328,2.3223235,354.9488128,392.077815,0,1476.631063,7.333653157,728.9651238,3.544599026
2026-03-02,MLQ,531090,10.9224,0.7959836466,131.3520842,314.0041774,134.631082,0.4321054081,66.04390028,100.279293,1,284.3935857,1.478255344,142.5947847,0.7504988668
2026-03-02,CHQ,1224190,11.1848,1.834783597,302.773368,723.7959177,310.331628,0.996025381,152.2346161,203.042111,0,690.7698129,3.302610474,306.5661278,0.996025381
2026-03-02,NTQ,473460,2.952,0.7096093267,117.0987174,279.9307421,120.0219023,0.3852164916,58.87729956,104.785386,0,251.8707619,1.196198579,123.3909246,0.6487856701
2026-03-02,YLQ,654120,3.3456,0.9803777569,161.7805369,386.7450197,165.819133,0.532205068,81.34334303,101.961695,0,360.0787447,1.624625997,144.423649,0.504194275
2026-03-02,TNC,1857211,34.768,2.78353873,459.3355848,1098.066264,470.8021738,1.511063882,230.9541849,422.433326,2,1015.593988,5.248958748,383.571637,1.749652916
2026-03-02,KSC,2735462,47.6912,4.099838102,676.5494268,1617.327562,693.438417,2.225626398,340.1694243,459.224506,4,1463.525064,7.379708584,635.9434588,2.108488167
2026-03-02,CYC,261900,3.8704,0.3925287937,64.77454078,154.8470016,66.39153511,0.2130870594,32.56867477,209.758238,0,146.8506293,0.6392611783,54.69608362,0.3028079266
2026-03-02,CYQ,481230,3.772,0.7212547972,119.0204363,284.5247139,121.9915939,0.3915383185,59.84354089,147.200159,2,275.4987253,1.195222235,94.75227307,0.3503237586
2026-03-02,PTQ,791244,7.7736,1.185895582,195.6947947,467.8188656,200.5800069,0.6437718872,98.39545055,106.412636,1,477.0010857,1.829667469,163.0098184,0.4065927708
2026-03-02,HLQ,315240,2.3288,0.472473375,77.96688139,186.3839968,79.91320171,0.2564855464,39.20179089,50.391314,0,200.3557095,0.7559574001,52.40404691,0.2294870679
2026-03-02,TTQ,210140,0.8528,0.3149522746,51.97297442,124.244173,53.27039781,0.1709740919,26.13204015,128.699271,0,137.7601249,0.5129222757,23.8463865,0.107983637
2026-03-02,PHQ,107450,0.164,0.1610432183,26.57512183,63.52924902,27.23852786,0.08742346138,13.36198589,48.404509,0,32.18563749,0.09202469619,10.45400549,0.07361975695
2026-03-02,KMQ,143180,0.0984,0.2145943974,35.4120609,84.65442414,36.29606719,0.1164941014,17.80520372,52.762789,0,39.39953136,0.2084631289,12.85727004,0.09810029596
2026-03-02,MZQ,14130,0.0984,0.02117767031,3.494708901,8.3542884,3.581948801,0.0114964496,1.75714156,0,0,3.780516689,0.02480812808,1.188974919,0.00907614442
2026-03-03,TPC,2465110,19.3575,2.005662623,428.6776618,1357.30579,623.2860505,2.427907386,2058.020974,194.953466,0,676.963916,3.800202865,224.1064079,1.794540242
2026-03-03,NTPC,4041120,41.1447,3.287935768,702.7426251,2225.067269,1021.769302,3.980132772,3373.768196,281.063687,2,1168.94769,6.748920787,344.0219109,4.153182023
2026-03-03,KLC,361050,2.6166,0.2937574754,62.78586748,198.7965062,91.28900071,0.3556011544,301.4260916,168.657304,1,101.160798,0.3710620742,33.64296139,0.2473747161
2026-03-03,TYC,2332150,31.3191,1.897483718,405.5561857,1284.097139,589.6680321,2.296953974,1947.018029,419.338046,1,641.3494966,3.295629615,202.7311551,1.098543205
2026-03-03,HCC,457320,5.5269,0.372084666,79.5270265,251.8034018,115.6302058,0.4504182799,381.7980341,122.838767,0,124.7854469,0.5679187007,40.6159788,0.1762506313
2026-03-03,HSQ,593210,8.1702,0.4826474781,103.1580237,326.6253302,149.9890545,0.5842574735,495.2471176,109.126857,0,156.3777829,0.5334524758,51.08442519,0.3556349839
2026-03-03,ILQ,448110,5.1798,0.3645912264,77.92542606,246.7323152,113.3015209,0.4413472741,374.1089763,99.345234,4,124.8437115,0.7867494886,40.12422392,0.2878351788
2026-03-03,TCC,2854310,47.9799,2.3223235,496.3587575,1571.601872,721.6925845,2.81123371,2382.948366,341.540607,5,807.9241228,7.089198052,239.4437756,1.955640842
2026-03-03,MLQ,531090,8.8911,0.4321054081,92.35548085,292.4216494,134.2824412,0.5230749678,443.3856335,102.456344,0,159.469638,1.273573835,43.93829729,0.5913021375
2026-03-03,CHQ,1224190,9.1047,0.996025381,212.8841742,674.047071,309.5279927,1.205714935,1022.026886,304.854934,0,463.1518022,2.096895539,127.8057831,0.8387582156
2026-03-03,NTQ,473460,2.403,0.3852164916,82.33373997,260.6901921,119.7110934,0.4663147004,395.2726695,140.525612,1,210.0038116,1.236747684,59.83020352,0.425765596
2026-03-03,YLQ,654120,2.7234,0.532205068,113.7501499,360.1627771,165.3897276,0.6442482402,546.0984214,99.250684,0,283.6092797,1.736669169,70.64322008,0.7282806194
2026-03-03,TNC,1857211,28.302,1.511063882,322.9652506,1022.5926,469.5829838,1.829182594,1550.510602,363.927597,4,777.4026025,6.044255529,215.2868384,1.431534204
2026-03-03,KSC,2735462,38.8218,2.225626398,475.6913298,1506.163381,691.6426879,2.694179324,2283.726961,417.918649,3,1197.504141,11.83096138,325.87856,1.757073472
2026-03-03,CYC,261900,3.1506,0.2130870594,45.54388227,144.2038637,66.2196075,0.257947493,218.6497532,182.685555,2,119.5867008,0.8523482377,34.53131874,0.4486043356
2026-03-03,CYQ,481230,3.0705,0.3915383185,83.68492732,264.9684052,121.6756843,0.4739674382,401.7595293,129.403567,0,232.3264738,1.586760554,70.55932645,0.9273275964
2026-03-03,PTQ,791244,6.3279,0.6437718872,137.5957372,435.664154,200.0605846,0.7793028108,660.5777217,131.660989,1,373.7942873,2.371791163,106.7306023,1.355309236
2026-03-03,HLQ,315240,1.8957,0.2564855464,54.81960079,173.5732187,79.70625837,0.3104825036,263.1811691,51.31906,0,143.1864311,0.8369528358,44.26400562,0.3644794607
2026-03-03,TTQ,210140,0.6942,0.1709740919,36.54292257,115.704467,53.13244872,0.2069686376,175.4374156,72.340895,0,94.92661555,0.5939100034,29.00260517,0.1709740919
2026-03-03,PHQ,107450,0.1335,0.08742346138,18.68533849,59.16267718,27.16799093,0.1058284006,89.70567385,56.241223,1,45.6166419,0.3450926107,14.18560692,0.119632105
2026-03-03,KMQ,143180,0.0801,0.1164941014,24.89871349,78.83585034,36.20207484,0.1410191754,119.5352106,38.700497,0,66.9718458,0.3801386468,19.25218308,0.1900693234
2026-03-03,MZQ,14130,0.0801,0.0114964496,2.457178528,7.780070996,3.572672982,0.01391675478,11.79656744,0,0,6.416229028,0.03811980656,1.947740592,0.01210152589
2026-03-04,TPC,2465110,20.2275,4.116886438,406.7388795,1306.319735,572.8172452,2.639029768,1909.390817,167.505749,0,1192.102527,9.289384782,354.5800396,3.589080484
2026-03-04,NTPC,4041120,42.9939,6.748920787,666.7777993,2141.48448,939.0344553,4.326231274,3130.114851,262.496491,2,1835.187306,13.67089082,553.9306523,2.422689513
2026-03-04,KLC,361050,2.7342,0.6029758706,59.57262453,191.328882,83.89713497,0.3865229939,279.6571166,122.067573,0,165.8647472,0.8348896669,49.72231794,0.3246793149
2026-03-04,TYC,2332150,32.7267,3.894834999,384.8007099,1235.861106,541.9213498,2.496689102,1806.404499,446.926622,0,1070.380552,6.691126794,310.2885216,1.398145897
2026-03-04,HCC,457320,5.7753,0.7637527354,75.45700775,242.344618,106.2673806,0.4895850868,354.224602,77.487114,1,207.740744,1.116253998,59.51396315,0.2350008417
2026-03-04,HSQ,593210,8.5374,0.9906974551,97.87862234,314.3559233,137.8441198,0.6350624712,459.4803992,122.120545,2,282.5011897,0.9144899586,82.93915874,0.5334524758
2026-03-04,ILQ,448110,5.4126,0.7483714648,73.93737371,237.4640225,104.1272543,0.4797252979,347.0908476,109.237412,0,203.9983857,1.285663798,61.32808209,0.4989143098
2026-03-04,TCC,2854310,50.1363,4.766874552,470.9562053,1512.565964,663.2555915,3.055688816,2210.851972,501.97623,0,1371.637596,8.189246026,406.52884,2.933461263
2026-03-04,MLQ,531090,9.2907,0.8869532062,87.62892996,281.437075,123.4093046,0.5685597476,411.3643486,104.235445,0,255.1241299,1.000665156,75.07262907,0.6822716971
2026-03-04,CHQ,1224190,9.5139,2.04447315,201.9892293,648.7270574,284.4648488,1.310559712,948.2161627,279.46388,0,586.1347255,2.830808978,205.6006076,1.048447769
2026-03-04,NTQ,473460,2.511,0.7907075355,78.12007979,250.8975834,110.01783,0.5068638048,366.7261,142.63569,1,205.6650574,1.581415071,54.78184002,0.3852164916
2026-03-04,YLQ,654120,2.8458,1.092420929,107.9286668,346.633564,151.9977674,0.7002698263,506.6592248,151.972941,0,294.1413379,1.820701548,83.33210933,0.4761834819
2026-03-04,TNC,1857211,29.574,3.101657442,306.4365976,984.1797653,431.5598447,1.98824195,1438.532816,387.556019,1,872.7586865,5.726136817,240.2591573,1.113415492
2026-03-04,KSC,2735462,40.5666,4.568391028,451.3464912,1449.585615,635.6388994,2.928455787,2118.796331,518.21813,1,1293.908905,5.388358649,404.4783134,3.279870482
2026-03-04,CYC,261900,3.2922,0.4373892273,43.21304629,138.7869663,60.85766417,0.2803777098,202.8588806,213.603788,4,124.3082614,0.7401971538,35.21544035,0.3476683601
2026-03-04,CYQ,481230,3.2085,0.8036839169,79.40211633,255.015089,111.8233438,0.515181998,372.7444792,121.199764,0,233.3156233,1.030363996,72.0430506,0.6594329574
2026-03-04,PTQ,791244,6.6123,1.321426505,130.5538893,419.2987949,183.861251,0.8470682726,612.8708366,152.89123,1,358.3098793,2.541204818,99.47969793,0.6437718872
2026-03-04,HLQ,315240,1.9809,0.5264703322,52.01405389,167.0530862,73.25227207,0.3374809822,244.1742402,50.055087,2,143.6454053,1.039441425,42.36061288,0.2969832643
2026-03-04,TTQ,210140,0.7254,0.3509468202,34.67273596,111.3581256,48.83020065,0.2249659104,162.7673355,87.676079,0,96.24041647,0.5399181849,27.30186289,0.1979700011
2026-03-04,PHQ,107450,0.1395,0.1794481576,17.72906386,56.94028077,24.96814057,0.1150308702,83.22713524,27.85,0,50.89885946,0.3773012544,13.36658712,0.05981605252
2026-03-04,KMQ,143180,0.0837,0.2391194714,23.62445196,75.87444765,33.27071537,0.1532817124,110.9023846,39.575212,0,67.69533548,0.4291887948,19.3257583,0.09810029596
2026-03-04,MZQ,14130,0.0837,0.02359797549,2.331425522,7.487819146,3.283386005,0.01512690737,10.94462002,0,0,7.037642383,0.04356549321,1.811598426,0.01270660219
2026-03-05,TPC,2465110,25.955,6.01698787,408.2557938,1304.630756,608.8326123,4.222447628,1638.731925,411.416566,0,1179.857429,5.172498345,320.3782138,2.005662623
2026-03-05,NTPC,4041120,55.1678,9.863807304,669.264517,2138.715692,998.0753987,6.921970038,2686.416572,533.316939,0,1930.191345,10.55600431,566.0440998,4.326231274
2026-03-05,KLC,361050,3.5084,0.8812724262,59.79479795,191.0815073,89.17209158,0.6184367903,240.0153183,86.656741,0,193.8490119,0.9121942657,61.62722616,0.3092183952
2026-03-05,TYC,2332150,41.9934,5.692451153,386.2358068,1234.263225,575.9941653,3.994702563,1550.344065,421.610888,2,1277.705615,5.892186281,403.3650913,1.697748589
2026-03-05,HCC,457320,7.4106,1.116253998,75.73842126,242.0312835,112.9488462,0.7833361389,304.0127555,72.904802,0,259.4213458,1.46875526,82.30904479,0.6658357181
2026-03-05,HSQ,593210,10.9548,1.447942434,98.24365625,313.9494833,146.5109443,1.016099954,394.3483921,85.358876,0,350.8339116,1.676564924,108.2908526,0.9652949563
2026-03-05,ILQ,448110,6.9452,1.093773679,74.21311981,237.1569983,110.6741614,0.7675604767,297.890221,118.542187,0,264.3094501,1.151340715,75.12498166,0.5564813456
2026-03-05,TCC,2854310,64.3326,6.966970499,472.7126152,1510.610323,704.957188,4.889102105,1897.460527,499.544224,0,1677.57316,8.678156236,564.3246105,5.13355721
2026-03-05,MLQ,531090,11.9214,1.296316224,87.9557381,281.0731968,131.1685532,0.9096955961,353.0528608,108.757466,0,299.6764717,1.296316224,91.6745737,0.6822716971
2026-03-05,CHQ,1224190,12.2078,2.988076143,202.742539,647.8882991,302.3503193,2.096895539,813.8051587,266.720855,0,652.0296678,2.516274647,194.7491732,0.9436029925
2026-03-05,NTQ,473460,3.222,1.155649475,78.41142511,250.5731905,116.9351017,0.8109820876,314.7421482,122.185676,0,243.4365482,1.034002162,74.67117572,0.3041182829
2026-03-05,YLQ,654120,3.6516,1.596615204,108.3311819,346.1853914,161.5544898,1.120431722,434.8395514,126.771966,0,352.0396471,1.092420929,108.6538663,0.7562914125
2026-03-05,TNC,1857211,37.948,4.533191646,307.5794391,982.9072905,458.6937803,3.18118712,1234.618721,610.300963,0,1100.690744,4.056013578,354.5433046,1.749652916
2026-03-05,KSC,2735462,52.0532,6.676879195,453.0297676,1447.711403,675.6041212,4.68552926,1818.453906,525.21018,1,1685.502013,6.325464501,476.9868787,2.34276463
2026-03-05,CYC,261900,4.2244,0.6392611783,43.3742074,138.6075246,64.68403485,0.4486043356,174.1033427,181.889803,0,148.790843,0.6392611783,50.26611581,0.2243021678
2026-03-05,CYQ,481230,4.117,1.174614955,79.69824294,254.6853725,118.8541355,0.8242911968,319.9074135,211.761451,2,250.0899491,0.8242911968,109.1361545,0.4945747181
2026-03-05,PTQ,791244,8.4846,1.931315662,131.0407841,418.7566712,195.4213611,1.355309236,525.9955146,88.413158,0,402.797905,1.626371083,154.7763148,1.11813012
2026-03-05,HLQ,315240,2.5418,0.7694566393,52.20803796,166.8370983,77.85794253,0.5399695715,209.5621907,53.079683,1,161.963873,0.9044490322,67.46919796,0.5534688108
2026-03-05,TTQ,210140,0.9308,0.5129222757,34.80204637,111.2141475,51.90035542,0.3599454566,139.6948317,130.179186,0,100.631751,0.368944093,50.59033393,0.3869413659
2026-03-05,PHQ,107450,0.179,0.2622703841,17.7951836,56.86666101,26.53798986,0.1840493924,71.42956918,52.541442,0,55.00776215,0.2116568012,28.64268669,0.1610432183
2026-03-05,KMQ,143180,0.1074,0.3494823043,23.71255829,75.77634736,35.36258156,0.2452507399,95.18181215,38.357633,0,76.65925002,0.3678761098,37.70730126,0.3372197674
2026-03-05,MZQ,14130,0.1074,0.03448934879,2.340120468,7.478137925,3.489825935,0.02420305179,9.393204398,0,0,7.416420143,0.02057259402,3.479188694,0.01875736513
2026-03-06,TPC,2465110,22.8375,5.383620726,360.6213065,1279.929437,626.4254403,2.216785005,1305.369684,247.446062,0,1011.909574,4.5391312,768.0632236,5.383620726
2026-03-06,NTPC,4041120,48.5415,8.825511798,591.1760425,2098.222168,1026.915787,3.63403427,2139.927037,372.443623,0,1667.329533,7.26806854,1234.187258,8.306364045
2026-03-06,KLC,361050,3.087,0.7885069077,52.8180579,187.4636521,91.74880846,0.3246793149,191.1897337,108.469654,0,140.3542296,0.4638275927,110.5764981,0.6648195496
2026-03-06,TYC,2332150,36.9495,5.093245768,341.1705685,1210.894215,592.6380935,2.097218846,1234.962297,422.992141,5,877.0369478,4.194437692,805.7315071,5.892186281
2026-03-06,HCC,457320,6.5205,0.9987535771,66.90141044,237.4487671,116.2126162,0.4112514729,242.1683673,81.37377,0,175.9568802,0.6462523146,175.4672951,0.9008365597
2026-03-06,HSQ,593210,9.639,1.295527441,86.78077864,308.0052985,150.7445248,0.5334524758,314.1273008,98.919711,0,239.2407342,1.117709949,234.2872469,1.295527441
2026-03-06,ILQ,448110,6.111,0.9786396078,65.55407818,232.6667695,113.8722021,0.4029692503,237.2913214,104.82894,0,168.8633049,0.8826945482,173.871637,0.8826945482
2026-03-06,TCC,2854310,56.6055,6.233605184,417.5574321,1482.009076,725.3276319,2.566778605,1511.465916,579.140115,0,985.7652119,4.766874552,1031.967227,4.155736789
2026-03-06,MLQ,531090,10.4895,1.159861885,77.69323466,275.7514776,134.9587999,0.4775901879,281.2323935,122.402068,1,190.6949393,0.932437986,192.2641642,0.9551803759
2026-03-06,CHQ,1224190,10.7415,2.673541812,179.0869362,635.6214602,311.0870346,1.100870158,648.2552559,259.531015,3,415.9716525,1.572671654,458.0144081,1.939628374
2026-03-06,NTQ,473460,2.835,1.034002162,69.26253343,245.8289453,120.3140586,0.425765596,250.7151124,108.314004,0,28458.90232,141.3541779,9461.423898,56.89039345
2026-03-06,YLQ,654120,3.213,1.428550446,95.69131155,339.6308658,166.2227686,0.5882266541,346.3814669,105.861514,0,0,0,0,0
2026-03-06,TNC,1857211,33.39,4.056013578,271.6916719,964.2973458,471.9481964,1.670123238,983.4639982,589.060313,1,0,0,0,0
2026-03-06,KSC,2735462,45.801,5.974049806,400.1711406,1420.301057,695.1263789,2.459902861,1448.531371,474.451602,2,0,0,0,0
2026-03-06,CYC,261900,3.717,0.5719705279,38.31338974,135.9831892,66.55314482,0.2355172762,138.6860304,215.346395,0,0,0,0,0
2026-03-06,CYQ,481230,3.6225,1.050971276,70.39920788,249.863269,122.2885448,0.4327528783,254.8296235,178.501206,1,0,0,0,0
2026-03-06,PTQ,791244,7.4655,1.728019276,115.7512018,410.8281122,201.068257,0.711537349,418.9938504,108.904591,1,0,0,0,0
2026-03-06,HLQ,315240,2.2365,0.6884612036,46.11650623,163.6782764,80.10772575,0.283484025,166.931593,50.685688,0,0,0,0,0
2026-03-06,TTQ,210140,0.819,0.4589304572,30.74141168,109.1084665,53.40006816,0.1889713647,111.2771379,125.660878,0,0,0,0,0
2026-03-06,PHQ,107450,0.1575,0.2346629753,15.71887639,55.78997207,27.30483166,0.096625931,56.89886965,46.11561,0,0,0,0,0
2026-03-06,KMQ,143180,0.0945,0.3126946934,20.94582338,74.34163053,36.38441877,0.1287566384,75.81926624,43.331263,0,0,0,0,0
2026-03-06,MZQ,14130,0.0945,0.03085889103,2.06707979,7.336550073,3.590667951,0.01270660219,7.48237346,0,0,0,0,0,0
2026-03-07,TPC,2465110,20.8075,2.744590958,342.6748485,1262.300718,591.6768076,1.372295479,1450.833005,273.175101,0,0,0,0,0
2026-03-07,NTPC,4041120,44.2267,4.499280524,561.7559394,2069.322943,969.9514345,2.249640262,2378.388905,406.682625,1,0,0,0,0
2026-03-07,KLC,361050,2.8126,0.4019839137,50.18954694,184.8816785,86.6593829,0.2009919569,212.4948812,119.364212,0,0,0,0,0
2026-03-07,TYC,2332150,33.6651,2.596556666,324.1920839,1194.216331,559.7636888,1.298278333,1372.579801,420.342506,0,0,0,0,0
2026-03-07,HCC,457320,5.9409,0.5091684903,63.57203602,234.1783387,109.7661515,0.2545842451,269.1542973,74.26322,0,0,0,0,0
2026-03-07,HSQ,593210,8.7822,0.6604649701,82.46209982,303.7630812,142.3825302,0.330232485,349.1319442,95.482439,0,0,0,0,0
2026-03-07,ILQ,448110,5.5678,0.4989143098,62.29175427,229.4622045,107.5555631,0.2494571549,263.7337798,114.597748,0,0,0,0,0
2026-03-07,TCC,2854310,51.5739,3.177916368,396.7775259,1461.597074,685.0927661,1.588958184,1679.895483,535.379088,1,0,0,0,0
2026-03-07,MLQ,531090,9.5571,0.5913021375,73.82680095,271.9534985,127.4724599,0.2956510687,312.5714068,102.199222,1,0,0,0,0
2026-03-07,CHQ,1224190,9.7867,1.3629821,170.1746059,626.8669214,293.8306327,0.6814910502,720.4933072,228.467431,1,0,0,0,0
2026-03-07,NTQ,473460,2.583,0.527138357,65.81565681,242.4430951,113.6400815,0.2635691785,278.6534453,95.136184,0,0,0,0,0
2026-03-07,YLQ,654120,2.9274,0.7282806194,90.92919663,334.9530633,157.0021757,0.3641403097,384.9803397,96.071279,1,0,0,0,0
2026-03-07,TNC,1857211,30.422,2.067771628,258.1708313,951.0158896,445.768617,1.033885814,1093.055895,571.790473,2,0,0,0,0
2026-03-07,KSC,2735462,41.7298,3.045594019,380.2564699,1400.738972,656.5668158,1.522797009,1609.947854,571.617685,7,0,0,0,0
2026-03-07,CYC,261900,3.3866,0.2915928182,36.40670916,134.1102661,62.86135544,0.1457964091,154.1404497,226.532875,0,0,0,0,0
2026-03-07,CYQ,481230,3.3005,0.5357892779,66.89576422,246.4218533,115.5050404,0.267894639,283.2264552,136.915204,0,0,0,0,0
2026-03-07,PTQ,791244,6.8019,0.8809510035,109.9907987,405.1696962,189.9147397,0.4404755018,465.6842535,100.12426,0,0,0,0,0
2026-03-07,HLQ,315240,2.0377,0.3509802215,43.82150056,161.4239034,75.66404616,0.1754901107,185.5335448,52.362568,0,0,0,0,0
2026-03-07,TTQ,210140,0.7462,0.2339645468,29.21155351,107.6056943,50.43789703,0.1169822734,123.6772589,124.405023,0,0,0,0,0
2026-03-07,PHQ,107450,0.1435,0.119632105,14.93662046,55.02156585,25.79019718,0.05981605252,63.23937122,46.673979,0,0,0,0,0
2026-03-07,KMQ,143180,0.0861,0.1594129809,19.90344642,73.31770869,34.3661278,0.07970649046,84.26815423,35.823672,0,0,0,0,0
2026-03-07,MZQ,14130,0.0861,0.01573198366,1.964210769,7.235502331,3.391488936,0.00786599183,8.316168594,0,0,0,0,0,0
2026-03-08,TPC,2465110,24.4325,6.333671442,573.6321776,1244.777561,605.1960293,3.483519293,1340.732683,254.278833,0,0,0,0,0
2026-03-08,NTPC,4041120,51.9317,10.38295506,940.3703955,2040.596767,992.113852,5.710625281,2197.898536,347.666707,1,0,0,0,0
2026-03-08,KLC,361050,3.3026,0.9276551855,84.01649327,182.3151658,88.63946289,0.510210352,196.3691418,98.115034,0,0,0,0,0
2026-03-08,TYC,2332150,39.5301,5.992053845,542.6923274,1177.638316,572.5537277,3.295629615,1268.417931,420.557843,2,0,0,0,0
2026-03-08,HCC,457320,6.9759,1.175004208,106.4185645,230.9274937,112.2741979,0.6462523146,248.7288075,81.39305,0,0,0,0,0
2026-03-08,HSQ,593210,10.3122,1.524149931,138.040227,299.5462664,145.6358282,0.838282462,322.6371379,90.684353,0,0,0,0,0
2026-03-08,ILQ,448110,6.5378,1.151340715,104.2753934,226.2768285,110.0130999,0.6332373933,243.7196404,123.836201,0,0,0,0,0
2026-03-08,TCC,2854310,60.5589,7.333653157,664.1991883,1441.307301,700.7464488,4.033509237,1552.412146,521.266539,0,0,0,0,0
2026-03-08,MLQ,531090,11.2221,1.364543394,123.5848758,268.1782617,130.3850778,0.7504988668,288.8510941,101.345376,0,0,0,0,0
2026-03-08,CHQ,1224190,11.4917,3.145343308,284.8695497,618.1648049,300.544368,1.72993882,665.816756,259.060964,0,0,0,0,0
2026-03-08,NTQ,473460,3.033,1.216473131,110.1743496,239.0775194,116.2366434,0.6690602223,257.5070874,98.058603,1,0,0,0,0
2026-03-08,YLQ,654120,3.4374,1.680647583,152.2140107,330.3032717,160.589518,0.9243561708,355.7650826,101.712405,0,0,0,0,0
2026-03-08,TNC,1857211,35.722,4.77178068,432.1738139,937.8139631,455.9539829,2.624479374,1010.10644,551.495129,0,0,0,0,0
2026-03-08,KSC,2735462,48.9998,7.02829389,636.5432066,1381.294026,671.5687092,3.865561639,1487.772678,534.345977,1,0,0,0,0
2026-03-08,CYC,261900,3.9766,0.6729065035,60.94424481,132.2485581,64.29767437,0.3700985769,142.4430917,230.300643,0,0,0,0,0
2026-03-08,CYQ,481230,3.8755,1.236436795,111.982432,243.0010448,118.1442147,0.6800402374,261.7330623,146.064277,0,0,0,0,0
2026-03-08,PTQ,791244,7.9869,2.032963854,184.1228257,399.5451628,194.254101,1.11813012,430.3445652,94.230654,2,0,0,0,0
2026-03-08,HLQ,315240,2.3927,0.8099543572,73.35648619,159.1830297,77.39289373,0.4454748965,171.4538382,48.378835,1,0,0,0,0
2026-03-08,TTQ,210140,0.8762,0.5399181849,48.89967012,106.1119206,51.59035239,0.2969550017,114.2916811,125.850449,0,0,0,0,0
2026-03-08,PHQ,107450,0.1685,0.2760740886,25.0036621,54.25776087,26.37947732,0.1518407487,58.44028332,43.92,0,0,0,0,0
2026-03-08,KMQ,143180,0.1011,0.3678761098,33.31804877,72.29991812,35.15135936,0.2023318604,77.87324118,46.796323,0,0,0,0,0
2026-03-08,MZQ,14130,0.1011,0.03630457768,3.288057194,7.135059666,3.468981057,0.01996751772,7.685074018,0,0,0,0,0,0
2026-03-09,TPC,2465110,23.8525,6.122549061,712.7502153,1240.871797,615.1261705,4.5391312,1281.512855,200.146503,0,0,0,0,0
2026-03-09,NTPC,4041120,50.6989,10.03685655,1168.430273,2034.193945,1008.392595,7.44111779,2100.817906,404.353121,0,0,0,0,0
2026-03-09,KLC,361050,3.2242,0.896733346,104.3922848,181.7431118,90.09387161,0.6648195496,187.6955659,82.843351,0,0,0,0,0
2026-03-09,TYC,2332150,38.5917,5.792318717,674.3067914,1173.943216,581.9482694,4.294305256,1212.392228,408.423473,2,0,0,0,0
2026-03-09,HCC,457320,6.8103,1.135837401,132.2273361,230.2029078,114.1164087,0.8420863493,237.7425182,88.131296,0,0,0,0,0
2026-03-09,HSQ,593210,10.0674,1.473344933,171.5179263,298.606374,148.0254413,1.092307451,308.386336,126.865944,0,0,0,0,0
2026-03-09,ILQ,448110,6.3826,1.112962691,129.5644004,225.5668351,111.8182102,0.8251275124,232.9546047,89.092291,0,0,0,0,0
2026-03-09,TCC,2854310,59.1213,7.089198052,825.2816576,1436.784881,712.2443946,5.255784763,1483.842489,493.667776,2,0,0,0,0
2026-03-09,MLQ,531090,10.9557,1.319058614,153.556844,267.3367933,132.5244544,0.9779227658,276.0926134,98.871487,1,0,0,0,0
2026-03-09,CHQ,1224190,11.2189,3.040498531,353.9564912,616.2251765,305.4757421,2.254162704,636.4077961,264.944575,0,0,0,0,0
2026-03-09,NTQ,473460,2.961,1.175924027,136.8939791,238.327361,118.1438705,0.8718057442,246.1330636,233.014336,0,0,0,0,0
2026-03-09,YLQ,654120,3.3558,1.624625997,189.1291548,329.2668723,163.2244933,1.204464101,340.0510277,169.52405,0,0,0,0,0
2026-03-09,TNC,1857211,34.874,4.612721324,536.9851812,934.871365,463.4353397,3.419776154,965.490291,515.916659,1,0,0,0,0
2026-03-09,KSC,2735462,47.8366,6.794017427,790.9185105,1376.959911,682.5879026,5.036943954,1422.05813,525.872887,5,0,0,0,0
2026-03-09,CYC,261900,3.8822,0.6504762867,75.72452401,131.8335991,65.35267962,0.4822496608,136.1514159,205.123078,2,0,0,0,0
2026-03-09,CYQ,481230,3.7835,1.195222235,139.1405601,242.2385755,120.0827415,0.8861130366,250.1723782,136.938207,0,0,0,0,0
2026-03-09,PTQ,791244,7.7973,1.965198392,228.7765379,398.2915018,197.4414495,1.456957429,411.3363532,188.981516,2,0,0,0,0
2026-03-09,HLQ,315240,2.3359,0.7829558786,91.14699866,158.6835578,78.66276717,0.5804672893,163.8807649,88.682278,0,0,0,0,0
2026-03-09,TTQ,210140,0.8554,0.5219209121,60.75888307,105.7789711,52.43685412,0.3869413659,109.2434461,71.890942,0,0,0,0,0
2026-03-09,PHQ,107450,0.1645,0.266871619,31.06758345,54.08751519,26.81231548,0.1978530968,55.85899059,54.095567,0,0,0,0,0
2026-03-09,KMQ,143180,0.0987,0.3556135728,41.39838621,72.07306119,35.72812779,0.2636445454,74.43359956,45.682421,0,0,0,0,0
2026-03-09,MZQ,14130,0.0987,0.03509442509,4.085481192,7.112671843,3.525900584,0.02601828067,7.345626217,0,0,0,0,0,0
2026-03-10,TPC,2465110,18.705,4.5391312,389.1291617,1234.854809,644.8659247,1.794540242,1500.869009,206.10504,1,0,0,0,0
2026-03-10,NTPC,4041120,39.7578,7.44111779,637.9097233,2024.330138,1057.145761,2.941837266,2460.41425,422.904829,2,0,0,0,0
2026-03-10,KLC,361050,2.5284,0.6648195496,56.99343389,180.8618393,94.44967654,0.2628356359,219.8233571,114.55418,0,0,0,0,0
2026-03-10,TYC,2332150,30.2634,4.294305256,368.1408028,1168.250765,610.0839583,1.697748589,1419.917026,425.441375,2,0,0,0,0
2026-03-10,HCC,457320,5.3406,0.8420863493,72.19010439,229.0866538,119.633641,0.332917859,278.4368306,72.050891,0,0,0,0,0
2026-03-10,HSQ,593210,7.8948,1.092307451,93.64097748,297.1584315,155.1820873,0.4318424804,361.1727286,93.374935,4,0,0,0,0
2026-03-10,ILQ,448110,5.0052,0.8251275124,70.73626274,224.4730614,117.2243306,0.3262132026,272.8293714,122.417751,0,0,0,0,0
2026-03-10,TCC,2854310,46.3626,5.255784763,450.566205,1429.817911,746.679563,2.077868395,1737.831343,509.197828,5,0,0,0,0
2026-03-10,MLQ,531090,8.5914,0.9779227658,83.83504447,266.0404771,138.9316679,0.3866206283,323.3512996,90.915701,2,0,0,0,0
2026-03-10,CHQ,1224190,8.7978,2.254162704,193.2441264,613.2371004,320.2447016,0.8911806041,745.3415193,270.307561,0,0,0,0,0
2026-03-10,NTQ,473460,2.322,0.8718057442,74.737879,237.1717115,123.8558201,0.3446673872,288.2635831,85.662213,0,0,0,0,0
2026-03-10,YLQ,654120,2.6316,1.204464101,103.2559063,327.6702571,171.115974,0.4761834819,398.2574556,94.067452,0,0,0,0,0
2026-03-10,TNC,1857211,27.348,3.419776154,293.1694567,930.3381733,485.8412359,1.352004526,1130.752962,506.455528,1,0,0,0,0
2026-03-10,KSC,2735462,37.5132,5.036943954,431.8054914,1370.283032,715.5892566,1.991349935,1665.471375,505.519032,4,0,0,0,0
2026-03-10,CYC,261900,3.0444,0.4822496608,41.34214191,131.194338,68.5123121,0.1906568426,159.4564111,173.501984,0,0,0,0,0
2026-03-10,CYQ,481230,2.967,0.8861130366,75.9644099,241.0639605,125.8884305,0.3503237586,292.9943059,139.98699,0,0,0,0,0
2026-03-10,PTQ,791244,6.1146,1.456957429,124.9015721,396.3601861,206.9872313,0.5760064254,481.744668,100.308473,1,0,0,0,0
2026-03-10,HLQ,315240,1.8318,0.5804672893,49.76211079,157.9141012,82.46590786,0.2294870679,191.9321842,49.302227,0,0,0,0,0
2026-03-10,TTQ,210140,0.6708,0.3869413659,33.17158343,105.2660488,54.97203996,0.1529768191,127.9426126,122.862754,3,0,0,0,0
2026-03-10,PHQ,107450,0.129,0.1978530968,16.96148587,53.8252448,28.10862137,0.07822099176,65.42035652,36.660245,0,0,0,0,0
2026-03-10,KMQ,143180,0.0774,0.2636445454,22.60163375,71.72357888,37.45549006,0.1042315645,87.17437549,67.689605,0,0,0,0,0
2026-03-10,MZQ,14130,0.0774,0.02601828067,2.230486694,7.078182495,3.696368729,0.01028629701,8.602974757,0,0,0,0,0,0
2026-03-11,TPC,2465110,21.17,6.439232633,501.5856094,1233.904758,615.4966903,1.688979051,1717.26945,206.911724,0,0,0,0,0
2026-03-11,NTPC,4041120,44.9972,10.55600431,822.2625513,2022.772694,1008.999998,2.768788015,2815.165214,376.03349,0,0,0,0,0
2026-03-11,KLC,361050,2.8616,0.9431161052,73.46426093,180.7226911,90.14813944,0.2473747161,251.5182426,99.003199,0,0,0,0,0
2026-03-11,TYC,2332150,34.2516,6.091921409,474.5317162,1167.351957,582.2988046,1.597881025,1624.645533,413.869045,7,0,0,0,0
2026-03-11,HCC,457320,6.0444,1.194587612,93.05269577,228.9104032,114.1851465,0.3133344556,318.5828077,185.212395,0,0,0,0,0
2026-03-11,HSQ,593210,8.9352,1.54955243,120.7027676,296.9298091,148.1146041,0.4064399816,413.2478513,97.074203,0,0,0,0,0
2026-03-11,ILQ,448110,5.6648,1.170529727,91.17870092,224.3003603,111.8855637,0.3070241907,312.1668459,119.861396,0,0,0,0,0
2026-03-11,TCC,2854310,52.4724,7.45588071,580.7776613,1428.717863,712.6734134,1.955640842,1988.397826,471.23687,0,0,0,0,0
2026-03-11,MLQ,531090,9.7236,1.387285784,108.0629673,265.8357956,132.6042802,0.3638782384,369.9731989,98.683651,0,0,0,0,0
2026-03-11,CHQ,1224190,9.9572,3.197765697,249.0907453,612.7652989,305.6597447,0.8387582156,852.8074157,390.202444,4,0,0,0,0
2026-03-11,NTQ,473460,2.628,1.236747684,96.33676494,236.9892406,118.2150342,0.3243928351,329.826415,107.777583,1,0,0,0,0
2026-03-11,YLQ,654120,2.9784,1.708658376,133.0963644,327.41816,163.3228112,0.4481726889,455.6795814,206.535271,0,0,0,0,0
2026-03-11,TNC,1857211,30.952,4.851310358,377.8940133,929.6224062,463.7144889,1.272474848,1293.788802,426.17034,1,0,0,0,0
2026-03-11,KSC,2735462,42.4568,7.145432121,556.5951922,1369.228788,682.9990578,1.874211704,1905.60475,472.362697,1,0,0,0,0
2026-03-11,CYC,261900,3.4456,0.6841216119,53.28982118,131.093402,65.39204465,0.1794417343,182.4473833,167.545118,0,0,0,0,0
2026-03-11,CYQ,481230,3.358,1.257044075,97.91775734,240.878495,120.1550731,0.3297164787,335.2392297,142.91566,0,0,0,0,0
2026-03-11,PTQ,791244,6.9204,2.066846585,160.997523,396.0552415,197.5603779,0.5421236945,551.2042663,94.51608,7,0,0,0,0
2026-03-11,HLQ,315240,2.0732,0.8234535965,64.14312039,157.792608,78.7101495,0.2159878286,219.6056247,42.99639,0,0,0,0,0
2026-03-11,TTQ,210140,0.7592,0.5489168214,42.75801078,105.1850611,52.46843934,0.1439781827,146.3898172,103.611001,1,0,0,0,0
2026-03-11,PHQ,107450,0.146,0.2806753234,21.86327333,53.78383369,26.82846582,0.07361975695,74.85288788,47.636344,0,0,0,0,0
2026-03-11,KMQ,143180,0.0876,0.3740073783,29.1333967,71.66839746,35.74964854,0.09810029596,99.74347591,33.424116,0,0,0,0,0
2026-03-11,MZQ,14130,0.0876,0.03690965397,2.875086572,7.072736808,3.528024402,0.009681220714,9.843381161,0,0,0,0,0,0
2026-03-12,TPC,2465110,21.895,5.172498345,612.6507606,1232.004657,617.4168483,2.005662623,1771.000096,210.925084,3,0,0,0,0
2026-03-12,NTPC,4041120,46.5382,8.479413296,1004.33459,2019.657808,1012.147764,3.287935768,2903.247283,400.988314,7,0,0,0,0
2026-03-12,KLC,361050,2.9596,0.7575850681,89.73131305,180.4443945,90.42937357,0.2937574754,259.3878508,97.803495,0,0,0,0,0
2026-03-12,TYC,2332150,35.4246,4.89351064,579.6063751,1165.55434,584.1153956,1.897483718,1675.478123,425.13599,0,0,0,0,0
2026-03-12,HCC,457320,6.2514,0.9595867701,113.6571779,228.5579019,114.5413686,0.372084666,328.5507601,87.162984,0,0,0,0,0
2026-03-12,HSQ,593210,9.2412,1.244722444,147.4297527,296.4725641,148.5766755,0.4826474781,426.1777232,91.025275,0,0,0,0,0
2026-03-12,ILQ,448110,5.8588,0.9402615839,111.3682279,223.9549581,112.2346118,0.3645912264,321.9340529,111.09564,0,0,0,0,0
2026-03-12,TCC,2854310,54.2694,5.989150078,709.3781585,1426.517767,714.8967325,2.3223235,2050.61165,516.971968,0,0,0,0,0
2026-03-12,MLQ,531090,10.0566,1.114377105,131.9911454,265.4264326,133.0179643,0.4321054081,381.5490754,106.914848,0,0,0,0,0
2026-03-12,CHQ,1224190,10.2982,2.568697035,304.2464371,611.8216959,306.6133079,0.996025381,879.4904114,316.384153,0,0,0,0,0
2026-03-12,NTQ,473460,2.718,0.9934530574,117.6684323,236.6242986,118.5838283,0.3852164916,340.1461621,101.699805,0,0,0,0,0
2026-03-12,YLQ,654120,3.0804,1.37252886,162.5676402,326.9139657,163.8323275,0.532205068,469.9370751,116.773318,8,0,0,0,0
2026-03-12,TNC,1857211,32.012,3.896954222,461.5703687,928.190872,465.1611337,1.511063882,1334.269408,446.246939,0,0,0,0,0
2026-03-12,KSC,2735462,43.9108,5.739773343,679.8410111,1367.1203,685.1298022,2.225626398,1965.22811,532.988407,4,0,0,0,0
2026-03-12,CYC,261900,3.5636,0.5495403112,65.08968532,130.89153,65.59604747,0.2130870594,188.1558735,168.026368,1,0,0,0,0
2026-03-12,CYQ,481230,3.473,1.009756716,119.5995008,240.5075639,120.5299195,0.3915383185,345.7283352,156.227577,0,0,0,0,0
2026-03-12,PTQ,791244,7.1574,1.660253814,196.6468995,395.4453524,198.1767048,0.6437718872,568.4505764,96.568257,0,0,0,0,0
2026-03-12,HLQ,315240,2.1442,0.6614627251,78.34621001,157.5496217,78.95570066,0.2564855464,226.4767375,42.581876,0,0,0,0,0
2026-03-12,TTQ,210140,0.7852,0.4409331844,52.2258361,105.0230856,52.63212453,0.1709740919,150.9701231,119.826226,0,0,0,0,0
2026-03-12,PHQ,107450,0.151,0.2254605057,26.70441653,53.70101146,26.91216228,0.08742346138,77.1949164,36.250086,0,0,0,0,0
2026-03-12,KMQ,143180,0.0906,0.3004321564,35.58434954,71.55803463,35.86117631,0.1164941014,102.8642916,53.594671,0,0,0,0,0
2026-03-12,MZQ,14130,0.0906,0.02964873844,3.511711545,7.061845435,3.53903074,0.0114964496,10.151365,0,0,0,0,0,0
2026-03-13,TPC,2465110,21.8225,5.172498345,556.1892465,1228.415576,605.7143347,3.377958103,1719.275113,183.056732,1,0,0,0,0
2026-03-13,NTPC,4041120,46.3841,8.479413296,911.7757373,2013.774133,992.9635239,5.53757603,2818.45315,411.030925,1,0,0,0,0
2026-03-13,KLC,361050,2.9498,0.7575850681,81.46173089,179.9187232,88.71537601,0.4947494323,251.8120001,110.341187,0,0,0,0,0
2026-03-13,TYC,2332150,35.3073,4.89351064,526.1902111,1162.158843,573.0440774,3.195762051,1626.543016,432.723365,0,0,0,0,0
2026-03-13,HCC,457320,6.2307,0.9595867701,103.1826029,227.8920662,112.3703525,0.6266689111,318.9548924,78.82578,0,0,0,0,0
2026-03-13,HSQ,593210,9.2106,1.244722444,133.8427181,295.6088791,145.7605545,0.8128799632,413.7304988,104.997158,1,0,0,0,0
2026-03-13,ILQ,448110,5.8394,0.9402615839,101.1046011,223.3025317,110.1073179,0.6140483814,312.5314371,93.805498,0,0,0,0,0
2026-03-13,TCC,2854310,54.0897,5.989150078,644.0023075,1422.36203,701.346586,3.911281684,1990.72015,508.842526,4,0,0,0,0
2026-03-13,MLQ,531090,10.0233,1.114377105,119.8269233,264.6531913,130.496743,0.7277564769,370.4053043,99.277763,1,0,0,0,0
2026-03-13,CHQ,1224190,10.2641,2.568697035,276.2072742,610.0393347,300.801762,1.677516431,853.8034411,310.198919,5,0,0,0,0
2026-03-13,NTQ,473460,2.709,0.9934530574,106.8241825,235.9349638,116.3361915,0.6487856701,330.2116315,105.248143,0,0,0,0,0
2026-03-13,YLQ,654120,3.0702,1.37252886,147.5855073,325.9615988,160.727051,0.8963453777,456.2117865,117.664538,1,0,0,0,0
2026-03-13,TNC,1857211,31.906,3.896954222,419.0323299,925.486863,456.3444736,2.544949696,1295.299866,466.275721,1,0,0,0,0
2026-03-13,KSC,2735462,43.7654,5.739773343,617.1872852,1363.1376,672.1438579,3.748423408,1907.830376,483.074935,0,0,0,0,0
2026-03-13,CYC,261900,3.5518,0.5495403112,59.0910603,130.5102163,64.35274055,0.3588834685,182.6604704,167.154473,0,0,0,0,0
2026-03-13,CYQ,481230,3.4615,1.009756716,108.577285,239.8069164,118.2453965,0.6594329574,335.6307681,200.780378,1,0,0,0,0
2026-03-13,PTQ,791244,7.1337,1.660253814,178.5240432,394.2933395,194.4204652,1.084247389,551.8480382,132.714274,0,0,0,0,0
2026-03-13,HLQ,315240,2.1371,0.6614627251,71.12587189,157.0906476,77.459175,0.4319756572,219.8621103,66.90173,0,0,0,0,0
2026-03-13,TTQ,210140,0.7826,0.4409331844,47.41273544,104.717132,51.6345357,0.2879563653,146.5607913,93.431899,0,0,0,0,0
2026-03-13,PHQ,107450,0.1505,0.2254605057,24.24335406,53.54456948,26.40206939,0.1472395139,74.94031134,28.12,0,0,0,0,0
2026-03-13,KMQ,143180,0.0903,0.3004321564,32.30491796,71.3495715,35.18146389,0.1962005919,99.85997002,32.359488,0,0,0,0,0
2026-03-13,MZQ,14130,0.0903,0.02964873844,3.188074387,7.041272841,3.471951982,0.01936244143,9.854877611,0,0,0,0,0,0
2026-03-14,TPC,2465110,23.2725,7.600405731,401.3183124,1222.609711,627.6837297,4.116886438,1656.571766,235.175322,1,0,0,0,0
2026-03-14,NTPC,4041120,49.4661,12.45954607,657.8917203,2004.256424,1028.978534,6.748920787,2715.661895,526.839217,1,0,0,0,0
2026-03-14,KLC,361050,3.1458,1.113186223,58.7787063,179.0683726,91.93310263,0.6029758706,242.6282138,88.758552,3,0,0,0,0
2026-03-14,TYC,2332150,37.6533,7.190464614,379.6725104,1156.666127,593.8285149,3.894834999,1567.221683,416.016322,0,0,0,0,0
2026-03-14,HCC,457320,6.6447,1.41000505,74.45139999,226.814979,116.4460504,0.7637527354,307.3223507,80.913546,0,0,0,0,0
2026-03-14,HSQ,593210,9.8226,1.828979917,96.57420403,294.2117417,151.0473226,0.9906974551,398.6414144,105.006602,1,0,0,0,0
2026-03-14,ILQ,448110,6.2274,1.381608858,72.95201795,222.247136,114.1009351,0.7483714648,301.133164,104.476432,1,0,0,0,0
2026-03-14,TCC,2854310,57.6837,8.800383789,464.6798205,1415.639514,726.7845843,4.766874552,1918.116983,581.024898,2,0,0,0,0
2026-03-14,MLQ,531090,10.6893,1.637452073,86.46110824,263.4023598,135.2298891,0.8869532062,356.8963247,133.197158,2,0,0,0,0
2026-03-14,CHQ,1224190,10.9461,3.77441197,199.2973396,607.1561033,311.7119094,2.04447315,822.6645423,288.694628,0,0,0,0,0
2026-03-14,NTQ,473460,2.889,1.459767758,77.07898154,234.8198635,120.5557313,0.7907075355,318.1685475,149.869735,0,0,0,0,0
2026-03-14,YLQ,654120,3.2742,2.0167771,106.4903126,324.4210051,166.5566572,1.092420929,439.5733754,149.988194,0,0,0,0,0
2026-03-14,TNC,1857211,34.026,5.726136817,302.3527487,921.1127307,472.8961902,3.101657442,1248.059237,759.631518,0,0,0,0,0
2026-03-14,KSC,2735462,46.6734,8.433952668,445.331443,1356.694997,696.5226666,4.568391028,1838.250267,625.443189,3,0,0,0,0
2026-03-14,CYC,261900,3.7878,0.8074878042,42.63715048,129.8933854,66.68682891,0.4373892273,175.998696,265.369291,0,0,0,0,0
2026-03-14,CYQ,481230,3.6915,1.483724154,78.34393251,238.673516,122.5341836,0.8036839169,323.3900438,166.57505,1,0,0,0,0
2026-03-14,PTQ,791244,7.6077,2.439556625,128.814011,392.4297893,201.4721392,1.321426505,531.7216961,154.345356,0,0,0,0,0
2026-03-14,HLQ,315240,2.2791,0.9719452286,51.32086795,156.3481894,80.26863668,0.5264703322,211.8435621,50.217884,1,0,0,0,0
2026-03-14,TTQ,210140,0.8346,0.6479018219,34.21065598,104.222207,53.50733191,0.3509468202,141.2156013,82.556295,0,0,0,0,0
2026-03-14,PHQ,107450,0.1605,0.3312889063,17.49279045,53.29150156,27.35967838,0.1794481576,72.20717787,44.717312,0,0,0,0,0
2026-03-14,KMQ,143180,0.0963,0.4414513318,23.30961132,71.01235174,36.45750349,0.2391194714,96.21799653,51.717679,0,0,0,0,0
2026-03-14,MZQ,14130,0.0963,0.04356549321,2.300354854,7.007993645,3.59788046,0.02359797549,9.495462292,0,0,0,0,0,0
2026-03-15,TPC,2465110,23.78,8.022650494,626.059143,1221.554099,566.711586,2.111223814,1386.018434,207.365116,0,0,0,0,0
2026-03-15,NTPC,4041120,50.5448,13.15174307,1026.315306,2002.525932,929.0252866,3.460985019,2272.136665,416.134797,1,0,0,0,0
2026-03-15,KLC,361050,3.2144,1.175029902,91.69515907,178.9137634,83.00287538,0.3092183952,203.0018764,105.787355,0,0,0,0,0
2026-03-15,TYC,2332150,38.4744,7.589934871,592.2915531,1155.667452,536.1450099,1.997351282,1311.261116,411.684519,2,0,0,0,0
2026-03-15,HCC,457320,6.7896,1.488338664,116.1446618,226.619145,105.1346765,0.3916680694,257.1300876,79.033692,0,0,0,0,0
2026-03-15,HSQ,593210,10.0368,1.930589913,150.6563781,293.9577167,136.3748392,0.508049977,333.5348099,97.460171,0,0,0,0,0
2026-03-15,ILQ,448110,6.3632,1.458364906,113.8056162,222.0552459,103.0173618,0.3837802383,251.9517265,112.03639,0,0,0,0,0
2026-03-15,TCC,2854310,58.9416,9.289293999,724.9035023,1414.417239,656.1859499,2.444551052,1604.847766,571.990454,5,0,0,0,0
2026-03-15,MLQ,531090,10.9224,1.728421633,134.8798838,263.1749359,122.0938847,0.454847798,298.6075794,104.944058,2,0,0,0,0
2026-03-15,CHQ,1224190,11.1848,3.984101524,310.9051289,606.6318794,281.4327379,1.048447769,688.3059607,316.985534,1,0,0,0,0
2026-03-15,NTQ,473460,2.952,1.540865967,120.2437059,234.617118,108.8451499,0.4054910438,266.2048703,107.448947,1,0,0,0,0
2026-03-15,YLQ,654120,3.3456,2.128820272,166.1255711,324.1408972,150.3776232,0.5602158611,367.7817128,102.538587,1,0,0,0,0
2026-03-15,TNC,1857211,34.768,6.044255529,471.6722284,920.3174339,426.9598482,1.59059356,1044.224672,566.959271,1,0,0,0,0
2026-03-15,KSC,2735462,47.6912,8.902505594,694.7199092,1355.523615,628.8636241,2.34276463,1538.02498,451.153544,0,0,0,0,0
2026-03-15,CYC,261900,3.8704,0.8523482377,66.51422839,129.7812343,60.2089823,0.2243021678,147.2543732,249.544148,0,0,0,0,0
2026-03-15,CYQ,481230,3.772,1.566153274,122.2170375,238.4674432,110.6314187,0.4121455984,270.5735853,160.696394,2,0,0,0,0
2026-03-15,PTQ,791244,7.7736,2.575087549,200.950684,392.090962,181.9014738,0.6776546181,444.8802568,107.199067,0,0,0,0,0
2026-03-15,HLQ,315240,2.3288,1.025942186,80.06088338,156.213197,72.47147607,0.2699847857,177.2450118,47.493337,0,0,0,0,0
2026-03-15,TTQ,210140,0.8528,0.6838963676,53.3688429,104.1322206,48.30971952,0.1799727283,118.1520961,127.056294,1,0,0,0,0
2026-03-15,PHQ,107450,0.164,0.3496938455,27.28886537,53.24548922,24.70200515,0.09202469619,60.41421305,44.874087,0,0,0,0,0
2026-03-15,KMQ,143180,0.0984,0.4659764058,36.36314327,70.95103905,32.9160828,0.1226253699,80.50355537,40.347454,0,0,0,0,0
2026-03-15,MZQ,14130,0.0984,0.04598579839,3.588568336,7.001942882,3.248388392,0.01210152589,7.944651749,0,0,0,0,0,0
2026-03-16,TPC,2465110,22.475,5.278059535,891.9508926,1183.868754,625.2526555,2.850152149,1580.67327,220.706565,4,0,0,0,0
2026-03-16,NTPC,4041120,47.771,8.652462547,1462.198681,1940.747349,1024.99321,4.672329775,2591.239484,398.642987,1,0,0,0,0
2026-03-16,KLC,361050,3.038,0.7730459879,130.6387422,173.3942151,91.57703765,0.4174448335,231.5118125,122.440644,0,0,0,0,0
2026-03-16,TYC,2332150,36.363,4.993378204,843.8419682,1120.014731,591.5285649,2.69642423,1495.416905,390.74925,1,0,0,0,0
2026-03-16,HCC,457320,6.417,0.9791701736,165.4721218,219.6278699,115.9950446,0.5287518938,293.2418836,77.401663,0,0,0,0,0
2026-03-16,HSQ,593210,9.486,1.270124942,214.6412083,284.8890246,150.462303,0.6858674689,380.3770178,99.135994,0,0,0,0,0
2026-03-16,ILQ,448110,6.014,0.9594505959,162.139667,215.2047687,113.6590122,0.5181033218,287.3362644,101.798835,1,0,0,0,0
2026-03-16,TCC,2854310,55.707,6.111377631,1032.775151,1370.782003,723.9696838,3.300143921,1830.235373,462.310577,4,0,0,0,0
2026-03-16,MLQ,531090,10.323,1.137119495,192.1643251,255.0559028,134.7061319,0.6140445274,340.5445464,94.191689,0,0,0,0,0
2026-03-16,CHQ,1224190,10.571,2.621119424,442.9487379,587.9170867,310.5046218,1.415404489,784.972845,346.569693,0,0,0,0,0
2026-03-16,NTQ,473460,2.79,1.01372761,171.3120589,227.3791028,120.0888083,0.5474129092,303.5911445,125.284066,1,0,0,0,0
2026-03-16,YLQ,654120,3.162,1.400539653,236.6802771,314.1410441,165.9115687,0.7562914125,419.4336152,100.544737,0,0,0,0,0
2026-03-16,TNC,1857211,32.86,3.9764839,671.9947626,891.9253389,471.0646217,2.147301306,1190.877398,448.957106,2,0,0,0,0
2026-03-16,KSC,2735462,45.074,5.856911575,989.7723723,1313.705266,693.8249731,3.16273225,1754.027878,530.388287,2,0,0,0,0
2026-03-16,CYC,261900,3.658,0.5607554196,94.76329201,125.7774406,66.42854496,0.3028079266,167.935033,276.153134,0,0,0,0,0
2026-03-16,CYQ,481230,3.565,1.030363996,174.1234785,231.1106443,122.0595979,0.5563965578,308.5734095,140.337937,0,0,0,0,0
2026-03-16,PTQ,791244,7.347,1.694136545,286.2958619,379.9948271,200.6918199,0.9148337344,507.3600126,138.941999,0,0,0,0,0
2026-03-16,HLQ,315240,2.201,0.6749619643,114.0633073,151.3939686,79.9577492,0.3644794607,202.1376091,40.421072,0,0,0,0,0
2026-03-16,TTQ,210140,0.806,0.4499318208,76.03496825,100.9197074,53.30009331,0.2429631832,134.7455817,78.054584,0,0,0,0,0
2026-03-16,PHQ,107450,0.155,0.2300617405,38.87863966,51.60284839,27.25371194,0.1242333399,68.89889004,64.241147,1,0,0,0,0
2026-03-16,KMQ,143180,0.093,0.3065634249,51.80682761,68.7621762,36.31630037,0.1655442494,91.80961448,48.310961,0,0,0,0,0
2026-03-16,MZQ,14130,0.093,0.03025381473,5.11265871,6.785930644,3.583945553,0.01633705996,9.060412436,0,0,0,0,0,0
2026-03-17,TPC,2465110,20.01,5.383620726,517.283614,1161.912026,700.1208744,2.005662623,1976.211051,270.294746,0,0,0,0,0
2026-03-17,NTPC,4041120,42.5316,8.825511798,847.9967054,1904.753105,1147.72666,3.287935768,3239.655027,491.877229,2,0,0,0,0
2026-03-17,KLC,361050,2.7048,0.7885069077,75.76345431,170.1783438,102.5425404,0.2937574754,289.4438788,84.525743,0,0,0,0,0
2026-03-17,TYC,2332150,32.3748,5.093245768,489.3830216,1099.242278,662.358636,1.897483718,1869.620667,417.50517,11,0,0,0,0
2026-03-17,HCC,457320,5.7132,0.9987535771,95.9649437,215.554522,129.8843777,0.372084666,366.6208964,77.324479,1,0,0,0,0
2026-03-17,HSQ,593210,8.4456,1.295527441,124.4803732,279.6053048,168.4787713,0.4826474781,475.560181,99.515672,0,0,0,0,0
2026-03-17,ILQ,448110,5.3544,0.9786396078,94.03229888,211.2134542,127.268627,0.3645912264,359.2374921,124.931092,0,0,0,0,0
2026-03-17,TCC,2854310,49.5972,6.233605184,598.9541207,1345.358672,810.6583532,2.3223235,2288.222013,549.265536,3,0,0,0,0
2026-03-17,MLQ,531090,9.1908,1.159861885,111.4449881,250.3254857,150.8359445,0.4321054081,425.7602814,125.098306,1,0,0,0,0
2026-03-17,CHQ,1224190,9.4116,2.673541812,256.8864787,577.0132299,347.6846766,0.996025381,981.3995346,352.126633,3,0,0,0,0
2026-03-17,NTQ,473460,2.484,1.034002162,99.35179359,223.161996,134.4683317,0.3852164916,379.5598916,91.179008,1,0,0,0,0
2026-03-17,YLQ,654120,2.8152,1.428550446,137.2618494,308.3147991,185.7779435,0.532205068,524.3900568,101.990679,0,0,0,0,0
2026-03-17,TNC,1857211,29.256,4.056013578,389.7208717,875.3831658,527.4702505,1.511063882,1488.875102,401.783569,0,0,0,0,0
2026-03-17,KSC,2735462,40.1304,5.974049806,574.0148186,1289.340514,776.9040925,2.225626398,2192.944832,565.312596,2,0,0,0,0
2026-03-17,CYC,261900,3.2568,0.5719705279,54.95761995,123.4446981,74.38274844,0.2130870594,209.9580442,200.191079,1,0,0,0,0
2026-03-17,CYQ,481230,3.174,1.050971276,100.9822659,226.8243301,136.6751051,0.3915383185,385.7888874,126.165459,1,0,0,0,0
2026-03-17,PTQ,791244,6.5412,1.728019276,166.0362239,372.9472191,224.722808,0.6437718872,634.3186053,99.92524,0,0,0,0,0
2026-03-17,HLQ,315240,1.9596,0.6884612036,66.15059226,148.5861268,89.53194967,0.2564855464,252.7192587,29.53718,0,0,0,0,0
2026-03-17,TTQ,210140,0.7176,0.4589304572,44.096198,99.04799103,59.68228621,0.1709740919,168.4634723,125.218814,0,0,0,0,0
2026-03-17,PHQ,107450,0.138,0.2346629753,22.54752296,50.64579155,30.51709171,0.08742346138,86.13971687,37.461536,0,0,0,0,0
2026-03-17,KMQ,143180,0.0828,0.3126946934,30.04517764,67.48687235,40.66484124,0.1164941014,114.7834775,45.646168,1,0,0,0,0
2026-03-17,MZQ,14130,0.0828,0.03085889103,2.965067468,6.660074775,4.013089864,0.0114964496,11.32763331,0,0,0,0,0,0
2026-03-18,TPC,2465110,24.8675,6.122549061,753.5538379,1155.050549,647.5102326,2.533468577,1914.668877,265.425886,0,0,0,0,0
2026-03-18,NTPC,4041120,52.8563,10.03685655,1235.32073,1893.504904,1061.480644,4.153182023,3138.767314,497.760759,1,0,0,0,0
2026-03-18,KLC,361050,3.3614,0.896733346,110.3685487,169.173384,94.83697258,0.3710620742,280.4301626,97.442835,0,0,0,0,0
2026-03-18,TYC,2332150,40.2339,5.792318717,712.9095996,1092.750886,612.5856408,2.396821538,1811.397877,402.447839,2,0,0,0,0
2026-03-18,HCC,457320,7.1001,1.135837401,139.7971049,214.2816008,120.1242052,0.4700016833,355.2037722,126.599317,0,0,0,0,0
2026-03-18,HSQ,593210,10.4958,1.473344933,181.3370082,277.9541424,155.8184199,0.6096599724,460.7505241,94.097382,2,0,0,0,0
2026-03-18,ILQ,448110,6.6542,1.112962691,136.981721,209.9661684,117.7050153,0.460536286,348.0502982,102.412296,0,0,0,0,0
2026-03-18,TCC,2854310,61.6371,7.089198052,872.5274958,1337.413881,749.7413632,2.933461263,2216.963349,554.311944,1,0,0,0,0
2026-03-18,MLQ,531090,11.4219,1.319058614,162.3476874,248.8472303,139.5013648,0.5458173577,412.501468,122.645618,1,0,0,0,0
2026-03-18,CHQ,1224190,11.6963,3.040498531,374.2198412,573.6057747,321.5578825,1.258137323,950.8372821,371.734973,2,0,0,0,0
2026-03-18,NTQ,473460,3.087,1.175924027,144.7309045,221.8441501,124.3636976,0.4865892526,367.7398276,80.41617,0,0,0,0,0
2026-03-18,YLQ,654120,3.4986,1.624625997,199.9564468,306.4940976,171.8176444,0.6722590333,508.0597644,137.483734,6,0,0,0,0
2026-03-18,TNC,1857211,36.358,4.612721324,567.7265829,870.2137368,487.8334543,1.908712272,1442.5093,401.647458,0,0,0,0,0
2026-03-18,KSC,2735462,49.8722,6.794017427,836.1971225,1281.726529,718.5235693,2.811317556,2124.653243,570.812944,4,0,0,0,0
2026-03-18,CYC,261900,4.0474,0.6504762867,80.05961201,122.715716,68.79325057,0.2691626014,203.419636,172.023881,0,0,0,0,0
2026-03-18,CYQ,481230,3.9445,1.195222235,147.1060981,225.4848569,126.4046429,0.4945747181,373.7748432,132.691395,0,0,0,0,0
2026-03-18,PTQ,791244,8.1291,1.965198392,241.8735687,370.7448416,207.8359937,0.8131855417,614.5649731,91.97762,0,0,0,0,0
2026-03-18,HLQ,315240,2.4353,0.7829558786,96.36499461,147.7086763,82.8040638,0.3239817429,244.8492022,43.119271,0,0,0,0,0
2026-03-18,TTQ,210140,0.8918,0.5219209121,64.23721599,98.46307966,55.1974558,0.215967274,163.2172673,115.714025,0,0,0,0,0
2026-03-18,PHQ,107450,0.1715,0.266871619,32.84614475,50.34671129,28.2238823,0.1104296354,83.45719698,50.502678,0,0,0,0,0
2026-03-18,KMQ,143180,0.1029,0.3556135728,43.76836673,67.0883399,37.60907834,0.1471504439,111.208948,18.58,0,0,0,0,0
2026-03-18,MZQ,14130,0.1029,0.03509442509,4.319367383,6.620744816,3.71152589,0.01452183107,10.97487383,0,0,0,0,0,0
2026-03-19,TPC,2465110,21.315,3.905764056,755.0190272,1147.027898,659.7933327,3.166835721,1919.102447,250.932263,1,0,0,0,0
2026-03-19,NTPC,4041120,45.3054,6.402822285,1237.722654,1880.353161,1081.616655,5.191477528,3146.035382,457.431135,4,0,0,0,0
2026-03-19,KLC,361050,2.8812,0.572054031,110.5831463,167.9983541,96.6360052,0.4638275927,281.0795212,129.291977,2,0,0,0,0
2026-03-19,TYC,2332150,34.4862,3.695099871,714.2957614,1085.160951,624.2062305,2.996026923,1815.592315,415.576342,0,0,0,0,0
2026-03-19,HCC,457320,6.0858,0.7245859285,140.0689225,212.7932621,122.4029301,0.5875021042,356.0262751,67.157889,0,0,0,0,0
2026-03-19,HSQ,593210,8.9964,0.9398924574,181.6895948,276.0235525,158.7742547,0.7620749655,461.8174291,127.080055,0,0,0,0,0
2026-03-19,ILQ,448110,5.7036,0.7099934409,137.2480645,208.5078035,119.9378487,0.5756703575,348.8562367,117.030456,0,0,0,0,0
2026-03-19,TCC,2854310,52.8318,4.522419447,874.2240142,1328.124587,763.9637613,3.666826579,2222.096907,582.636711,1,0,0,0,0
2026-03-19,MLQ,531090,9.7902,0.8414684264,162.6633518,247.1188087,142.1476693,0.6822716971,413.4566484,119.635967,0,0,0,0,0
2026-03-19,CHQ,1224190,10.0254,1.939628374,374.947464,569.6216732,327.6577516,1.572671654,953.0390225,374.210111,0,0,0,0,0
2026-03-19,NTQ,473460,2.646,0.7501584311,145.0123153,220.3032841,126.7228445,0.6082365657,368.5913588,99.593864,0,0,0,0,0
2026-03-19,YLQ,654120,2.9988,1.036399343,200.3452366,304.3652773,175.0769803,0.8403237916,509.2362177,88.626337,1,0,0,0,0
2026-03-19,TNC,1857211,31.164,2.942598086,568.8304549,864.1694812,497.0875276,2.38589034,1445.849546,404.969176,2,0,0,0,0
2026-03-19,KSC,2735462,42.7476,4.334114565,837.8230011,1272.824023,732.1537739,3.514146945,2129.573049,570.019608,0,0,0,0,0
2026-03-19,CYC,261900,3.4692,0.4149590105,80.21527771,121.8633678,70.09824058,0.3364532517,203.8906706,216.918186,0,0,0,0,0
2026-03-19,CYQ,481230,3.381,0.762469357,147.3921271,223.9187036,128.802506,0.6182183976,374.6403489,145.729224,0,0,0,0,0
2026-03-19,PTQ,791244,6.9678,1.253661043,242.343861,368.169754,211.7785883,1.016481927,615.9880478,101.110989,0,0,0,0,0
2026-03-19,HLQ,315240,2.0874,0.4994718536,96.55236405,146.6827341,84.37483528,0.4049771786,245.4161702,59.251285,0,0,0,0,0
2026-03-19,TTQ,210140,0.7644,0.3329495474,64.36211706,97.77918329,56.24453714,0.2699590925,163.59521,104.21808,0,0,0,0,0
2026-03-19,PHQ,107450,0.147,0.170245688,32.91000989,49.99701744,28.75928198,0.1380370443,83.65044884,36.7127,0,0,0,0,0
2026-03-19,KMQ,143180,0.0882,0.2268569344,43.85346874,66.62236349,38.32251274,0.1839380549,111.4664613,46.183703,0,0,0,0,0
2026-03-19,MZQ,14130,0.0882,0.0223878229,4.327765842,6.574759018,3.781932567,0.01815228884,11.00028704,0,0,0,0,0,0
2026-03-20,TPC,2465110,23.345,8.022650494,703.9020763,1138.794125,739.3896373,2.322346196,1786.623153,232.817764,1,0,0,0,0
2026-03-20,NTPC,4041120,49.6202,13.15174307,1153.925285,1866.855319,1212.100982,3.807083521,2928.858572,434.215093,0,0,0,0,0
2026-03-20,KLC,361050,3.1556,1.175029902,103.0963505,166.7924023,108.2940025,0.3401402347,261.6760669,94.076369,0,0,0,0,0
2026-03-20,TYC,2332150,37.7706,7.589934871,665.9358922,1077.371281,699.5093699,2.19708641,1690.258522,408.160063,2,0,0,0,0
2026-03-20,HCC,457320,6.6654,1.488338664,130.5858552,211.2657567,137.1694038,0.4308348764,331.4491038,78.430812,0,0,0,0,0
2026-03-20,HSQ,593210,9.8532,1.930589913,169.3886888,274.0421576,177.9285009,0.5588549747,429.937293,98.900793,1,0,0,0,0
2026-03-20,ILQ,448110,6.2468,1.458364906,127.9559774,207.0110606,134.4069394,0.4221582622,324.7740267,110.302954,0,0,0,0,0
2026-03-20,TCC,2854310,57.8634,9.289293999,815.0365441,1318.590838,856.1270028,2.689006158,2068.701328,595.960761,0,0,0,0,0
2026-03-20,MLQ,531090,10.7226,1.728421633,151.6505769,245.3449023,159.2961136,0.5003325779,384.9149491,147.344848,0,0,0,0,0
2026-03-20,CHQ,1224190,10.9802,3.984101524,349.5624466,565.5327269,367.1858052,1.153292546,887.2489249,357.4171,1,0,0,0,0
2026-03-20,NTQ,473460,2.898,1.540865967,135.1945662,218.721869,142.0104651,0.4460401482,343.1467958,112.860624,0,0,0,0,0
2026-03-20,YLQ,654120,3.2844,2.128820272,186.7812901,302.1804355,196.1979585,0.6162374472,474.0826724,144.399502,0,0,0,0,0
2026-03-20,TNC,1857211,34.132,6.044255529,530.3190036,857.9661663,557.0552907,1.749652916,1346.0398,481.304097,5,0,0,0,0
2026-03-20,KSC,2735462,46.8188,8.902505594,781.0999839,1263.687241,820.4795146,2.577041093,1982.564568,516.096819,2,0,0,0,0
2026-03-20,CYC,261900,3.7996,0.8523482377,74.78447362,120.9885893,78.55476876,0.2467323846,189.8157095,188.008493,1,0,0,0,0
2026-03-20,CYQ,481230,3.703,1.566153274,137.4132579,222.3113358,144.3410133,0.4533601582,348.7782126,111.113531,2,0,0,0,0
2026-03-20,PTQ,791244,7.6314,2.575087549,225.9364874,365.526901,237.3271839,0.7454200799,573.4652206,169.188845,0,0,0,0,0
2026-03-20,HLQ,315240,2.2862,1.025942186,90.01549242,145.6297934,94.55366668,0.2969832643,228.4746249,60.995605,0,0,0,0,0
2026-03-20,TTQ,210140,0.8372,0.6838963676,60.00461736,97.07728965,63.02977895,0.1979700011,152.3019213,85.088191,2,0,0,0,0
2026-03-20,PHQ,107450,0.161,0.3496938455,30.68190794,49.63812113,32.22875106,0.1012271658,77.87589915,38.248193,0,0,0,0,0
2026-03-20,KMQ,143180,0.0966,0.4659764058,40.88446328,66.14412455,42.94567312,0.1348879069,103.7717193,44.926682,0,0,0,0,0
2026-03-20,MZQ,14130,0.0966,0.04598579839,4.034763697,6.527563067,4.238178246,0.01331167848,10.24091629,0,0,0,0,0,0
2026-03-21,TPC,2465110,23.2725,5.278059535,400.4959907,1138.477442,555.5041544,1.794540242,1268.106584,298.222377,0,0,0,0,0
2026-03-21,NTPC,4041120,49.4661,8.652462547,656.5436666,1866.336171,910.6526477,2.941837266,2078.840652,479.605813,0,0,0,0,0
2026-03-21,KLC,361050,3.1458,0.7730459879,58.65826573,166.7460196,81.36138952,0.2628356359,185.7320291,96.077062,0,0,0,0,0
2026-03-21,TYC,2332150,37.6533,4.993378204,378.8945421,1077.071679,525.5420706,1.697748589,1199.709047,415.748224,1,0,0,0,0
2026-03-21,HCC,457320,6.6447,0.9791701736,74.29884527,211.2070064,103.0555066,0.332917859,235.2554259,68.505302,0,0,0,0,0
2026-03-21,HSQ,593210,9.8226,1.270124942,96.37631856,273.9659501,133.6778559,0.4318424804,305.1602187,87.888422,0,0,0,0,0
2026-03-21,ILQ,448110,6.2274,0.9594505959,72.80253554,206.9534935,100.9800644,0.3262132026,230.5176002,98.495703,0,0,0,0,0
2026-03-21,TCC,2854310,57.6837,6.111377631,463.7276678,1318.224155,643.2090506,2.077868395,1468.31959,629.770665,3,0,0,0,0
2026-03-21,MLQ,531090,10.6893,1.137119495,86.28394502,245.2766751,119.6793252,0.3866206283,273.2043299,146.949446,0,0,0,0,0
2026-03-21,CHQ,1224190,10.9461,2.621119424,198.8889692,565.3754597,275.8670529,0.8911806041,629.7501527,396.395253,1,0,0,0,0
2026-03-21,NTQ,473460,2.889,1.01372761,76.92104278,218.6610454,106.6926007,0.3446673872,243.5581955,106.365918,0,0,0,0,0
2026-03-21,YLQ,654120,3.2742,1.400539653,106.2721085,302.0964031,147.4037173,0.4761834819,336.493657,100.694304,0,0,0,0,0
2026-03-21,TNC,1857211,34.026,3.9764839,301.7332125,857.7275773,418.5161822,1.352004526,955.3900219,466.790437,7,0,0,0,0
2026-03-21,KSC,2735462,46.6734,5.856911575,444.4189362,1263.335827,616.4270581,1.991349935,1407.181575,692.385034,3,0,0,0,0
2026-03-21,CYC,261900,3.7878,0.5607554196,42.54978478,120.954944,59.01827425,0.1906568426,134.7270971,204.320706,0,0,0,0,0
2026-03-21,CYQ,481230,3.6915,1.030363996,78.1834018,222.2495139,108.4435438,0.3503237586,247.5552537,146.116031,0,0,0,0,0
2026-03-21,PTQ,791244,7.6077,1.694136545,128.5500646,365.4252528,178.3041443,0.5760064254,407.0332464,133.550568,0,0,0,0,0
2026-03-21,HLQ,315240,2.2791,0.6749619643,51.21570888,145.5892957,71.03826183,0.2294870679,162.1663616,43.255983,0,0,0,0,0
2026-03-21,TTQ,210140,0.8346,0.4499318208,34.1405566,97.05029374,47.35433429,0.1529768191,108.1006193,83.721089,0,0,0,0,0
2026-03-21,PHQ,107450,0.1605,0.2300617405,17.45694683,49.62431742,24.21349205,0.07822099176,55.27463377,29.842944,0,0,0,0,0
2026-03-21,KMQ,143180,0.0963,0.3065634249,23.26184874,66.12573074,32.26512603,0.1042315645,73.65492846,51.813098,0,0,0,0,0
2026-03-21,MZQ,14130,0.0963,0.03025381473,2.29564131,6.525747838,3.184147442,0.01028629701,7.268781528,0,0,0,0,0,0
2026-03-22,TPC,2465110,24.4325,5.594743107,715.9149398,1113.45944,600.9229123,2.744590958,1413.886588,279.133439,1,0,0,0,0
2026-03-22,NTPC,4041120,51.9317,9.1716103,1173.618289,1825.323499,985.1088184,4.499280524,2317.821667,412.213503,0,0,0,0,0
2026-03-22,KLC,361050,3.3026,0.8194287472,104.8558032,163.0817816,88.01360486,0.4019839137,207.0835592,158.282359,0,0,0,0,0
2026-03-22,TYC,2332150,39.5301,5.292980897,677.300821,1053.403066,568.5110887,2.596556666,1337.626153,401.362761,3,0,0,0,0
2026-03-22,HCC,457320,6.9759,1.037920384,132.8144465,206.5657398,111.4814618,0.5091684903,262.3001061,80.828346,0,0,0,0,0
2026-03-22,HSQ,593210,10.3122,1.346332439,172.2794932,267.9455579,144.6075351,0.6604649701,340.2410696,104.85239,0,0,0,0,0
2026-03-22,ILQ,448110,6.5378,1.017017632,130.1396869,202.4056977,109.2363287,0.4989143098,257.0176256,124.675266,0,0,0,0,0
2026-03-22,TCC,2854310,60.5589,6.478060289,828.9460396,1289.256225,695.7986774,3.177916368,1637.11584,585.045026,0,0,0,0,0
2026-03-22,MLQ,531090,11.2221,1.205346665,154.2386609,239.8867287,129.4644659,0.5913021375,304.6115704,134.445604,0,0,0,0,0
2026-03-22,CHQ,1224190,11.4917,2.778386589,355.5281144,552.9513536,298.4223097,1.3629821,702.1454712,338.245294,1,0,0,0,0
2026-03-22,NTQ,473460,3.033,1.074551266,137.5018102,213.8559765,115.4159295,0.527138357,271.557352,91.59545,0,0,0,0,0
2026-03-22,YLQ,654120,3.4374,1.484572032,189.9689184,295.4578451,159.4556411,0.7282806194,375.1765622,95.298698,0,0,0,0,0
2026-03-22,TNC,1857211,35.722,4.215072934,539.3694809,838.8790436,452.7346215,2.067771628,1065.220507,400.61493,1,0,0,0,0
2026-03-22,KSC,2735462,48.9998,6.208326269,794.4303146,1235.574066,666.8269535,3.045594019,1568.949473,530.379014,1,0,0,0,0
2026-03-22,CYC,261900,3.9766,0.5944007447,76.06075296,118.2969633,63.84368678,0.2915928182,150.2151618,275.155487,3,0,0,0,0
2026-03-22,CYQ,481230,3.8755,1.092185836,139.7583663,217.3655886,117.310032,0.5357892779,276.0139072,142.572479,0,0,0,0,0
2026-03-22,PTQ,791244,7.9869,1.795784738,229.7923422,357.3950456,192.8825281,0.8809510035,453.8252977,95.384487,0,0,0,0,0
2026-03-22,HLQ,315240,2.3927,0.7154596822,91.55170585,142.389976,76.84644453,0.3509802215,180.808811,43.772943,3,0,0,0,0
2026-03-22,TTQ,210140,0.8762,0.47692773,61.02866219,94.91761691,51.22608759,0.2339645468,120.5277362,100.378867,0,0,0,0,0
2026-03-22,PHQ,107450,0.1685,0.2438654449,31.20552847,48.53382477,26.19321934,0.119632105,61.62893904,41.919289,0,0,0,0,0
2026-03-22,KMQ,143180,0.1011,0.3249572304,41.58220164,64.67262011,34.90316561,0.1594129809,82.12221025,45.346789,0,0,0,0,0
2026-03-22,MZQ,14130,0.1011,0.03206904362,4.103621379,6.382344756,3.444487569,0.01573198366,8.10439189,0,0,0,0,0,0
2026-03-23,TPC,2465110,23.635,5.278059535,854.1061501,1108.286941,632.8351158,2.111223814,1453.683157,251.269716,0,0,0,0,0
2026-03-23,NTPC,4041120,50.2366,8.652462547,1400.158794,1816.844086,1037.423337,3.460985019,2383.061235,475.042066,2,0,0,0,0
2026-03-23,KLC,361050,3.1948,0.7730459879,125.0958479,162.3241965,92.68759551,0.3092183952,212.912326,87.305018,0,0,0,0,0
2026-03-23,TYC,2332150,38.2398,4.993378204,808.0384478,1048.509555,598.702052,1.997351282,1375.276225,395.788615,0,0,0,0,0
2026-03-23,HCC,457320,6.7482,0.9791701736,158.4512758,205.6061531,117.4017205,0.3916680694,269.6830492,83.239546,0,0,0,0,0
2026-03-23,HSQ,593210,9.9756,1.270124942,205.5341584,266.7008354,152.2869645,0.508049977,349.8178117,101.094061,1,0,0,0,0
2026-03-23,ILQ,448110,6.3244,0.9594505959,155.2602143,201.4654361,115.0373589,0.3837802383,264.2518831,100.14183,0,0,0,0,0
2026-03-23,TCC,2854310,58.5822,6.111377631,988.955351,1283.267075,732.7492889,2.444551052,1683.195627,517.337862,2,0,0,0,0
2026-03-23,MLQ,531090,10.8558,1.137119495,184.0109509,238.7723516,136.3397178,0.454847798,313.1854513,117.058258,0,0,0,0,0
2026-03-23,CHQ,1224190,11.1166,2.621119424,424.1547874,550.3826566,314.270122,1.048447769,721.9087117,358.723572,1,0,0,0,0
2026-03-23,NTQ,473460,2.934,1.01372761,164.0434292,212.8625235,121.5451294,0.4054910438,279.2008582,100.917291,0,0,0,0,0
2026-03-23,YLQ,654120,3.3252,1.400539653,226.6381277,294.0853163,167.9235839,0.5602158611,385.7366311,102.104508,0,0,0,0,0
2026-03-23,TNC,1857211,34.556,3.9764839,643.4825777,834.9820894,476.7772385,1.59059356,1095.203196,363.761845,2,0,0,0,0
2026-03-23,KSC,2735462,47.4004,5.856911575,947.7771449,1229.834293,702.2390123,2.34276463,1613.110586,533.386803,4,0,0,0,0
2026-03-23,CYC,261900,3.8468,0.5607554196,90.7425635,117.747423,67.2341262,0.2243021678,154.4432577,186.276573,1,0,0,0,0
2026-03-23,CYQ,481230,3.749,1.030363996,166.7355626,216.3558319,123.5398188,0.4121455984,283.7828518,119.71827,0,0,0,0,0
2026-03-23,PTQ,791244,7.7262,1.694136545,274.148564,355.7347918,203.1256165,0.6776546181,466.5990873,138.641445,2,0,0,0,0
2026-03-23,HLQ,315240,2.3146,0.6749619643,109.223695,141.7285133,80.92739955,0.2699847857,185.8980242,44.403747,0,0,0,0,0
2026-03-23,TTQ,210140,0.8476,0.4499318208,72.8088671,94.47668373,53.94646537,0.1799727283,123.9202221,81.112503,1,0,0,0,0
2026-03-23,PHQ,107450,0.163,0.2300617405,37.22905097,48.30836427,27.58421863,0.09202469619,63.36360456,46.16,0,0,0,0,0
2026-03-23,KMQ,143180,0.0978,0.3065634249,49.60870654,64.37218795,36.75670939,0.1226253699,84.43369848,48.411112,0,0,0,0,0
2026-03-23,MZQ,14130,0.0978,0.03025381473,4.895732808,6.352696017,3.627408183,0.01210152589,8.332505653,0,0,0,0,0,0
2026-03-24,TPC,2465110,23.7075,7.49484454,599.2592679,1096.252965,675.1630421,2.533468577,1781.556216,250.838428,3,0,0,0,0
2026-03-24,NTPC,4041120,50.3907,12.28649682,982.3815622,1797.116471,1106.812626,4.153182023,2920.552208,441.575568,10,0,0,0,0
2026-03-24,KLC,361050,3.2046,1.097725303,87.76994076,160.5616517,98.88711512,0.3710620742,260.9339428,79.987871,0,0,0,0,0
2026-03-24,TYC,2332150,38.3571,7.09059705,566.9371759,1037.124653,638.7469478,2.396821538,1685.464879,397.341379,1,0,0,0,0
2026-03-24,HCC,457320,6.7689,1.390421647,111.1728273,203.3736451,125.2542736,0.4700016833,330.5091004,61.293164,0,0,0,0,0
2026-03-24,HSQ,593210,10.0062,1.803577418,144.2071917,263.8049506,162.4728585,0.6096599724,428.7179731,130.798037,1,0,0,0,0
2026-03-24,ILQ,448110,6.3438,1.362419846,108.9339099,199.2778888,122.7317689,0.460536286,323.8529541,77.930281,0,0,0,0,0
2026-03-24,TCC,2854310,58.7619,8.678156236,693.8723712,1269.333134,781.7600929,2.933461263,2062.834406,614.233051,1,0,0,0,0
2026-03-24,MLQ,531090,10.8891,1.614709683,129.1060458,236.1797191,145.4589613,0.5458173577,383.8233144,121.677171,0,0,0,0,0
2026-03-24,CHQ,1224190,11.1507,3.721989582,297.5961329,544.4065043,335.2904513,1.258137323,884.7326503,358.132731,1,0,0,0,0
2026-03-24,NTQ,473460,2.943,1.439493206,115.0964026,210.5512245,129.6748193,0.4865892526,342.1736173,79.829245,0,0,0,0,0
2026-03-24,YLQ,654120,3.3354,1.988766307,159.014191,290.8920859,179.1553517,0.6722590333,472.7381544,132.058238,0,0,0,0,0
2026-03-24,TNC,1857211,34.662,5.646607139,451.4812338,825.9157061,508.6670488,1.908712272,1342.222376,401.967133,3,0,0,0,0
2026-03-24,KSC,2735462,47.5458,8.316814436,664.980855,1216.480534,749.2091004,2.811317556,1976.941933,568.976839,5,0,0,0,0
2026-03-24,CYC,261900,3.8586,0.7962726958,63.66693667,116.4689006,71.73116036,0.2691626014,189.2773843,210.086526,0,0,0,0,0
2026-03-24,CYQ,481230,3.7605,1.463116874,116.9852613,214.006602,131.8029259,0.4945747181,347.7890632,120.031915,0,0,0,0,0
2026-03-24,PTQ,791244,7.7499,2.405673894,192.3485362,351.8721604,216.7119139,0.8131855417,571.8388495,132.507281,0,0,0,0,0
2026-03-24,HLQ,315240,2.3217,0.9584459894,76.63369651,140.1896,86.34032452,0.3239817429,227.8266614,49.793577,0,0,0,0,0
2026-03-24,TTQ,210140,0.8502,0.6389031855,51.08426908,93.45083918,57.5547386,0.215967274,151.8699868,95.778195,0,0,0,0,0
2026-03-24,PHQ,107450,0.1635,0.3266876715,26.12070388,47.7838235,29.42922177,0.1104296354,77.65503988,43.981773,0,0,0,0,0
2026-03-24,KMQ,143180,0.0981,0.4353200633,34.80653682,63.67322334,39.21522543,0.1471504439,103.4774184,50.480355,0,0,0,0,0
2026-03-24,MZQ,14130,0.0981,0.04296041692,3.434951566,6.28371732,3.870031676,0.01452183107,10.21187262,0,0,0,0,0,0
2026-03-25,TPC,2465110,25.5925,5.278059535,780.2660972,1075.246289,627.2372059,2.533468577,1816.602531,228.531702,1,0,0,0,0
2026-03-25,NTPC,4041120,54.3973,8.652462547,1279.110843,1762.67967,1028.246536,4.153182023,2978.004559,502.395033,2,0,0,0,0
2026-03-25,KLC,361050,3.4594,0.7730459879,114.2809345,157.4849287,91.86770294,0.3710620742,266.0669681,100.311141,0,0,0,0,0
2026-03-25,TYC,2332150,41.4069,4.993378204,738.1810867,1017.251008,593.4060751,2.396821538,1718.62091,395.446013,2,0,0,0,0
2026-03-25,HCC,457320,7.3071,0.9791701736,144.7526851,199.4765478,116.3632126,0.4700016833,337.0107904,67.893391,0,0,0,0,0
2026-03-25,HSQ,593210,10.8018,1.270124942,187.7651105,258.7498533,150.93987,0.6096599724,437.1516027,104.939521,1,0,0,0,0
2026-03-25,ILQ,448110,6.8482,0.9594505959,141.8375005,195.4592754,114.0197656,0.460536286,330.2237061,81.097317,0,0,0,0,0
2026-03-25,TCC,2854310,63.4341,6.111377631,903.457178,1245.009851,726.2675618,2.933461263,2103.413953,564.94836,1,0,0,0,0
2026-03-25,MLQ,531090,11.7549,1.137119495,168.1026492,231.6539835,135.1336888,0.5458173577,391.3737878,126.80777,0,0,0,0,0
2026-03-25,CHQ,1224190,12.0373,2.621119424,387.4853266,533.974449,311.4901627,1.258137323,902.1368832,355.583752,1,0,0,0,0
2026-03-25,NTQ,473460,3.177,1.01372761,149.86138,206.5165886,120.4699699,0.4865892526,348.9047687,106.587407,0,0,0,0,0
2026-03-25,YLQ,654120,3.6006,1.400539653,207.0445779,285.317938,166.4381716,0.6722590333,482.0377377,105.425893,0,0,0,0,0
2026-03-25,TNC,1857211,37.418,3.9764839,587.851568,810.0893002,472.5597796,1.908712272,1368.626229,467.300577,4,0,0,0,0
2026-03-25,KSC,2735462,51.3262,5.856911575,865.838952,1193.170026,696.0271719,2.811317556,2015.831826,532.566121,5,0,0,0,0
2026-03-25,CYC,261900,4.1654,0.5607554196,82.89759518,114.2370941,66.639389,0.2691626014,193.0008003,212.879429,0,0,0,0,0
2026-03-25,CYQ,481230,4.0595,1.030363996,152.3207703,209.9057533,122.4470148,0.4945747181,354.6306801,132.31792,0,0,0,0,0
2026-03-25,PTQ,791244,8.3661,1.694136545,250.4475938,345.129497,201.3288152,0.8131855417,583.0879161,143.226106,1,0,0,0,0
2026-03-25,HLQ,315240,2.5063,0.6749619643,99.78097711,137.5032514,80.2115349,0.3239817429,232.3084089,55.524053,0,0,0,0,0
2026-03-25,TTQ,210140,0.9178,0.4499318208,66.51432093,91.66011053,53.46926768,0.215967274,154.8575341,81.57727,0,0,0,0,0
2026-03-25,PHQ,107450,0.1765,0.2300617405,34.01048722,46.86817777,27.34021515,0.1104296354,79.18264984,45.298144,0,0,0,0,0
2026-03-25,KMQ,143180,0.1059,0.3065634249,45.31988422,62.45310091,36.43156822,0.1471504439,105.5129996,49.287477,0,0,0,0,0
2026-03-25,MZQ,14130,0.1059,0.03025381473,4.472481939,6.163307137,3.595320987,0.01452183107,10.41275795,0,0,0,0,0,0
2026-03-26,TPC,2465110,22.2575,6.122549061,589.336516,1069.545984,615.6075295,2.744590958,1833.703444,223.160029,0,0,0,0,0
2026-03-26,NTPC,4041120,47.3087,10.03685655,966.1149326,1753.335011,1009.1817,4.499280524,3006.038538,454.899002,2,0,0,0,0
2026-03-26,KLC,361050,3.0086,0.896733346,86.31661431,156.650039,90.16437341,0.4019839137,268.5716371,81.791789,1,0,0,0,0
2026-03-26,TYC,2332150,36.0111,5.792318717,557.5496249,1011.858159,582.4036655,2.596556666,1734.799456,390.539441,0,0,0,0,0
2026-03-26,HCC,457320,6.3549,1.135837401,109.3319874,198.419044,114.205709,0.5091684903,340.1833017,71.470526,0,0,0,0,0
2026-03-26,HSQ,593210,9.3942,1.473344933,141.8193568,257.3781183,148.1412767,0.6604649701,441.2668075,81.84166,0,0,0,0,0
2026-03-26,ILQ,448110,5.9558,1.112962691,107.1301427,194.4230687,111.9057121,0.4989143098,333.332326,99.75249,0,0,0,0,0
2026-03-26,TCC,2854310,55.1679,7.089198052,682.3829813,1238.409563,712.8017523,3.177916368,2123.214817,576.64253,1,0,0,0,0
2026-03-26,MLQ,531090,10.2231,1.319058614,126.9682612,230.4258945,132.6281597,0.5913021375,395.058055,120.528094,2,0,0,0,0
2026-03-26,CHQ,1224190,10.4687,3.040498531,292.6684284,531.14364,305.7147882,1.3629821,910.6293102,339.488432,1,0,0,0,0
2026-03-26,NTQ,473460,2.763,1.175924027,113.1905947,205.4217628,118.2363225,0.527138357,352.1892461,93.353527,1,0,0,0,0
2026-03-26,YLQ,654120,3.1314,1.624625997,156.3811764,283.8053552,163.3522225,0.7282806194,486.5754861,93.065126,0,0,0,0,0
2026-03-26,TNC,1857211,32.542,4.612721324,444.0054441,805.7946976,463.797995,2.067771628,1381.510037,496.607131,0,0,0,0,0
2026-03-26,KSC,2735462,44.6378,6.794017427,653.9698613,1186.844562,683.1220529,3.045594019,2034.808219,547.813079,1,0,0,0,0
2026-03-26,CYC,261900,3.6226,0.6504762867,62.61271649,113.6314782,65.40382051,0.2915928182,194.8176479,202.223181,0,0,0,0,0
2026-03-26,CYQ,481230,3.5305,1.195222235,115.048177,208.7929601,120.1767107,0.5357892779,357.9690595,114.35161,0,0,0,0,0
2026-03-26,PTQ,791244,7.2759,1.965198392,189.1635595,343.2998295,197.5959548,0.8809510035,588.5769185,129.506903,0,0,0,0,0
2026-03-26,HLQ,315240,2.1797,0.7829558786,75.36476802,136.7742925,78.7243237,0.3509802215,234.4952857,47.622599,0,0,0,0,0
2026-03-26,TTQ,210140,0.7982,0.5219209121,50.23839726,91.17418417,52.4778879,0.2339645468,156.3153132,77.662085,0,0,0,0,0
2026-03-26,PHQ,107450,0.1535,0.266871619,25.68818781,46.61971109,26.83329711,0.119632105,79.92804988,48.073785,1,0,0,0,0
2026-03-26,KMQ,143180,0.0921,0.3556135728,34.23019758,62.12201241,35.75608637,0.1594129809,106.5062651,60.051735,0,0,0,0,0
2026-03-26,MZQ,14130,0.0921,0.03509442509,3.378074395,6.130633017,3.528659732,0.01573198366,10.51078031,0,0,0,0,0,0
2026-03-27,TPC,2465110,22.04,6.650355014,749.5731254,1058.56762,610.881555,2.95571334,1887.328529,233.409191,0,0,0,0,0
2026-03-27,NTPC,4041120,46.8464,10.90210281,1228.795043,1735.337888,1001.434285,4.845379026,3093.947558,402.15351,1,0,0,0,0
2026-03-27,KLC,361050,2.9792,0.9740379447,109.7855175,155.0421033,89.47218803,0.4329057532,276.4257844,100.005081,0,0,0,0,0
2026-03-27,TYC,2332150,35.6592,6.291656537,709.1435938,1001.471933,577.9325947,2.796291794,1785.532178,400.345601,1,0,0,0,0
2026-03-27,HCC,457320,6.2928,1.233754419,139.0586147,196.38237,113.3289601,0.5483352972,350.1316707,65.389781,0,0,0,0,0
2026-03-27,HSQ,593210,9.3024,1.600357428,180.3790799,254.7362585,147.0040068,0.7112699678,454.1712769,76.242238,3,0,0,0,0
2026-03-27,ILQ,448110,5.8976,1.208907751,136.2581034,192.4274115,111.0466201,0.5372923337,343.0803441,95.974123,0,0,0,0,0
2026-03-27,TCC,2854310,54.6288,7.700335815,867.9182948,1225.697898,707.3296247,3.422371473,2185.306413,698.188882,2,0,0,0,0
2026-03-27,MLQ,531090,10.1232,1.432770564,161.4900719,228.0606859,131.6099829,0.6367869173,406.6111891,107.144458,0,0,0,0,0
2026-03-27,CHQ,1224190,10.3664,3.302610474,372.242993,525.6917116,303.3678379,1.467826877,937.2598835,340.802619,0,0,0,0,0
2026-03-27,NTQ,473460,2.736,1.277296788,143.9663512,203.3132094,117.3286308,0.5676874614,362.4887186,91.777723,1,0,0,0,0
2026-03-27,YLQ,654120,3.1008,1.764679962,198.9001597,280.8922327,162.0981793,0.7843022055,500.804969,75.731582,0,0,0,0,0
2026-03-27,TNC,1857211,32.224,5.010369714,564.7275188,797.5236111,460.2374513,2.226830984,1421.911113,484.586135,0,0,0,0,0
2026-03-27,KSC,2735462,44.2016,7.379708584,831.7798398,1174.662185,677.8777743,3.279870482,2094.314441,555.356025,4,0,0,0,0
2026-03-27,CYC,261900,3.5872,0.7065518286,79.63669027,112.4651069,64.90172011,0.314023035,200.5149229,169.667601,0,0,0,0,0
2026-03-27,CYQ,481230,3.496,1.298258635,146.3289975,206.649803,119.2541228,0.5770038378,368.4375577,129.271729,2,0,0,0,0
2026-03-27,PTQ,791244,7.2048,2.134612047,240.5958509,339.7760255,196.0790249,0.9487164653,605.7893458,129.466214,0,0,0,0,0
2026-03-27,HLQ,315240,2.1584,0.8504520751,95.8559383,135.3703716,78.11996276,0.3779787,241.3528992,48.905785,0,0,0,0,0
2026-03-27,TTQ,210140,0.7904,0.5669140942,63.89787741,90.23832598,52.07501895,0.2519618196,160.8866205,63.429289,0,0,0,0,0
2026-03-27,PHQ,107450,0.152,0.289877793,32.67263219,46.14118267,26.62729983,0.1288345747,82.26547716,33.816156,0,0,0,0,0
2026-03-27,KMQ,143180,0.0912,0.3862699153,43.5371566,61.48436049,35.48158948,0.1716755179,109.6209495,59.416849,0,0,0,0,0
2026-03-27,MZQ,14130,0.0912,0.03811980656,4.296549956,6.067705083,3.501570466,0.01694213625,10.81815907,0,0,0,0,0,0
2026-03-28,TPC,2465110,22.5475,7.705966922,557.4918716,1042.944564,618.965431,2.744590958,1739.331739,327.576766,0,0,0,0,0
2026-03-28,NTPC,4041120,47.9251,12.63259532,913.9111651,1709.726599,1014.686396,4.499280524,2851.332508,480.879292,0,0,0,0,0
2026-03-28,KLC,361050,3.0478,1.128647142,81.65251864,152.7538872,90.65618527,0.4019839137,254.7495749,63.549805,0,0,0,0,0
2026-03-28,TYC,2332150,36.4803,7.290332178,527.4225768,986.6915332,585.5804528,2.596556666,1645.517853,405.746504,0,0,0,0,0
2026-03-28,HCC,457320,6.4377,1.429588453,103.4242621,193.4840263,114.8286571,0.5091684903,322.675739,56.97835,0,0,0,0,0
2026-03-28,HSQ,593210,9.5166,1.854382416,134.156185,250.9766886,148.9493302,0.6604649701,418.5569735,118.780052,0,0,0,0,0
2026-03-28,ILQ,448110,6.0334,1.40079787,101.3413935,189.5874377,112.5161146,0.4989143098,316.1773494,50.266915,0,0,0,0,0
2026-03-28,TCC,2854310,55.8867,8.922611341,645.5105955,1207.60822,716.6898107,3.177916368,2013.943385,626.844354,1,0,0,0,0
2026-03-28,MLQ,531090,10.3563,1.660194463,120.1075644,224.6948122,133.3515952,0.5913021375,374.7263584,162.020014,0,0,0,0,0
2026-03-28,CHQ,1224190,10.6051,3.826834359,276.8541665,517.9331981,307.3823444,1.3629821,863.7636949,334.318016,3,0,0,0,0
2026-03-28,NTQ,473460,2.799,1.48004231,107.0743705,200.3125756,118.881256,0.527138357,334.0637965,195.823723,2,0,0,0,0
2026-03-28,YLQ,654120,3.1722,2.044787893,147.9311605,276.7466354,164.2432458,0.7282806194,461.5338371,92.257979,1,0,0,0,0
2026-03-28,TNC,1857211,32.966,5.805666495,420.0137261,785.7532187,466.3278341,2.067771628,1310.410505,453.361979,1,0,0,0,0
2026-03-28,KSC,2735462,45.2194,8.551090899,618.632771,1157.325727,686.8482201,3.045594019,1930.08664,483.501506,2,0,0,0,0
2026-03-28,CYC,261900,3.6698,0.8187029125,59.22945474,110.8052709,65.76057311,0.2915928182,184.791341,219.421171,0,0,0,0,0
2026-03-28,CYQ,481230,3.5765,1.504331434,108.8315789,203.5999256,120.8322283,0.5357892779,339.5461512,128.068018,6,0,0,0,0
2026-03-28,PTQ,791244,7.3707,2.473439356,178.9421561,334.7613813,198.6737644,0.8809510035,558.2857571,121.036891,0,0,0,0,0
2026-03-28,HLQ,315240,2.2081,0.9854444679,71.29245251,133.3724842,79.1537345,0.3509802215,222.4269657,41.940416,0,0,0,0,0
2026-03-28,TTQ,210140,0.8086,0.6569004584,47.52377861,88.90652779,52.76413453,0.2339645468,148.2705322,41.17663,0,0,0,0,0
2026-03-28,PHQ,107450,0.1555,0.3358901411,24.3001333,45.46019992,26.97966239,0.119632105,75.81454596,27.624766,0,0,0,0,0
2026-03-28,KMQ,143180,0.0933,0.4475826003,32.38057781,60.57693275,35.95112202,0.1594129809,101.024911,34.13,0,0,0,0,0
2026-03-28,MZQ,14130,0.0933,0.04417056951,3.195541029,5.978153791,3.547907209,0.01573198366,9.969842107,0,0,0,0,0,0
2026-03-29,TPC,2465110,24.215,4.43357001,785.456541,1036.610893,525.8921291,3.272396912,1332.710033,204.071392,0,0,0,0,0
2026-03-29,NTPC,4041120,51.4694,7.26806854,1287.619675,1699.343644,862.1088718,5.364526779,2184.746793,393.839624,0,0,0,0,0
2026-03-29,KLC,361050,3.2732,0.6493586298,115.0411479,151.826232,77.02429231,0.4792885125,195.1941119,77.254311,0,0,0,0,0
2026-03-29,TYC,2332150,39.1782,4.194437692,743.0915748,980.6994793,497.5272215,3.095894487,1260.827997,394.719638,3,0,0,0,0
2026-03-29,HCC,457320,6.9138,0.8225029458,145.7156011,192.3090221,97.56197026,0.6070855076,247.2404688,76.016775,0,0,0,0,0
2026-03-29,HSQ,593210,10.2204,1.066904952,189.0141514,249.4525387,126.5519469,0.7874774643,320.706548,108.185956,0,0,0,0,0
2026-03-29,ILQ,448110,6.4796,0.8059385005,142.7810242,188.436097,95.5971628,0.5948593694,242.2612755,110.104453,0,0,0,0,0
2026-03-29,TCC,2854310,60.0198,5.13355721,909.4671067,1200.274567,608.9217776,3.789054131,1543.122852,594.212544,1,0,0,0,0
2026-03-29,MLQ,531090,11.1222,0.9551803759,169.2208925,223.3302688,113.29963,0.705014087,287.1226725,123.036797,0,0,0,0,0
2026-03-29,CHQ,1224190,11.3894,2.201740316,390.0629355,514.7878548,261.1615245,1.625094043,661.8326545,349.895248,0,0,0,0,0
2026-03-29,NTQ,473460,3.006,0.851531192,150.8582797,199.0961025,101.0051833,0.6285111179,255.9662214,176.861465,0,0,0,0,0
2026-03-29,YLQ,654120,3.4068,1.176453308,208.4218686,275.0659878,139.5461296,0.8683345847,353.6362623,183.244053,0,0,0,0,0
2026-03-29,TNC,1857211,35.404,3.340246476,591.7620422,780.981438,396.206517,2.465420018,1004.062185,499.219584,5,0,0,0,0
2026-03-29,KSC,2735462,48.5636,4.919805723,871.5986388,1150.297433,583.5674414,3.631285176,1478.870173,515.3442,2,0,0,0,0
2026-03-29,CYC,261900,3.9412,0.4710345524,83.44904206,110.1323644,55.87221204,0.3476683601,141.5907434,216.414874,0,0,0,0,0
2026-03-29,CYQ,481230,3.841,0.8655057566,153.3340302,202.3634888,102.6627896,0.6388256775,260.166909,120.598817,0,0,0,0,0
2026-03-29,PTQ,791244,7.9158,1.423074698,252.1136076,332.7284175,168.7993606,1.050364658,427.7694777,170.413951,1,0,0,0,0
2026-03-29,HLQ,315240,2.3714,0.56696805,100.4447347,132.5625298,67.25145523,0.4184764179,170.427896,59.526269,0,0,0,0,0
2026-03-29,TTQ,210140,0.8684,0.3779427295,66.95678388,88.3666096,44.8300368,0.2789577289,113.6077847,102.518768,0,0,0,0,0
2026-03-29,PHQ,107450,0.167,0.193251862,34.23672993,45.18412583,22.92275366,0.1426382791,58.09058947,36.591474,0,0,0,0,0
2026-03-29,KMQ,143180,0.1002,0.2575132769,45.6213587,60.20905664,30.54518259,0.1900693234,77.40726478,21.801875,0,0,0,0,0
2026-03-29,MZQ,14130,0.1002,0.02541320437,4.502233541,5.941849213,3.01441144,0.01875736513,7.63908822,0,0,0,0,0,0
2026-03-30,TPC,2465110,20.445,6.544793824,716.8322665,1029.749415,591.2397843,2.533468577,1570.117151,240.874499,1,0,0,0,0
2026-03-30,NTPC,4041120,43.4562,10.72905356,1175.122087,1688.095443,969.2350106,4.153182023,2573.934558,461.622995,0,0,0,0,0
2026-03-30,KLC,361050,2.7636,0.958577025,104.9901586,150.8212722,86.59537469,0.3710620742,229.9657205,72.89401,1,0,0,0,0
2026-03-30,TYC,2332150,33.0786,6.191788973,678.1686701,974.2080877,559.350237,2.396821538,1485.430148,389.376735,1,0,0,0,0
2026-03-30,HCC,457320,5.8374,1.214171015,132.9846263,191.0361009,109.6850762,0.4700016833,291.2835432,75.704499,0,0,0,0,0
2026-03-30,HSQ,593210,8.6292,1.574954929,172.5002409,247.8013763,142.2773639,0.6096599724,377.8367679,91.069838,0,0,0,0,0
2026-03-30,ILQ,448110,5.4708,1.189718739,130.3064394,187.1888113,107.4761206,0.460536286,285.4173633,109.176426,0,0,0,0,0
2026-03-30,TCC,2854310,50.6754,7.578108263,830.008197,1192.329776,684.586744,2.933461263,1818.012618,588.141273,2,0,0,0,0
2026-03-30,MLQ,531090,9.3906,1.410028174,154.4362923,221.8520135,127.3783065,0.5458173577,338.2703074,113.109252,2,0,0,0,0
2026-03-30,CHQ,1224190,9.6162,3.250188085,355.983665,511.3803996,293.6136041,1.258137323,779.7306062,337.443193,0,0,0,0,0
2026-03-30,NTQ,473460,2.538,1.257022236,137.6779961,197.7782566,113.5561449,0.4865892526,301.5636893,114.76,0,0,0,0,0
2026-03-30,YLQ,654120,2.8764,1.736669169,190.2123322,273.2452862,156.886211,0.6722590333,416.6325359,105.712912,0,0,0,0,0
2026-03-30,TNC,1857211,29.892,4.930840036,540.0605939,775.812009,445.4393641,1.908712272,1182.924431,403.382647,5,0,0,0,0
2026-03-30,KSC,2735462,41.0028,7.262570353,795.4482459,1142.683448,656.0818636,2.811317556,1742.314055,567.509088,8,0,0,0,0
2026-03-30,CYC,261900,3.3276,0.6953367202,76.15821225,109.4033824,62.81492489,0.2691626014,166.8135222,167.095001,0,0,0,0,0
2026-03-30,CYQ,481230,3.243,1.277651355,139.9374436,201.0240156,115.4197262,0.4945747181,306.5126815,98.120483,0,0,0,0,0
2026-03-30,PTQ,791244,6.6834,2.100729316,230.0867831,330.52604,189.7744652,0.8131855417,503.9717395,169.908452,0,0,0,0,0
2026-03-30,HLQ,315240,2.0022,0.8369528358,91.66901424,131.6850792,75.60815931,0.3239817429,200.7876852,43.953349,1,0,0,0,0
2026-03-30,TTQ,210140,0.7332,0.5579154578,61.10686034,87.78169824,50.40064267,0.215967274,133.845718,88.950299,0,0,0,0,0
2026-03-30,PHQ,107450,0.141,0.2852765582,31.2455132,44.88504557,25.77114807,0.1104296354,68.43876656,40.48,0,0,0,0,0
2026-03-30,KMQ,143180,0.0846,0.3801386468,41.63548236,59.81052419,34.34074435,0.1471504439,91.19648763,51.552832,0,0,0,0,0
2026-03-30,MZQ,14130,0.0846,0.03751473027,4.108879492,5.902519254,3.38898392,0.01452183107,8.999904806,0,0,0,0,0,0
2026-03-31,TPC,2465110,20.01,4.43357001,428.3873685,1024.576917,547.9723634,1.372295479,1692.040326,227.088137,0,0,0,0,0
2026-03-31,NTPC,4041120,42.5316,7.26806854,702.2667397,1679.61603,898.3055836,2.249640262,2773.806443,404.174956,1,0,0,0,0
2026-03-31,KLC,361050,2.7048,0.6493586298,62.74334995,150.0636872,80.2582529,0.2009919569,247.8230828,113.338483,0,0,0,0,0
2026-03-31,TYC,2332150,32.3748,4.194437692,405.2815499,969.314577,518.4165199,1.298278333,1600.777185,395.481633,4,0,0,0,0
2026-03-31,HCC,457320,5.7132,0.8225029458,79.47317214,190.0765141,101.6582308,0.2545842451,313.9023743,80.355172,0,0,0,0,0
2026-03-31,HSQ,593210,8.4456,1.066904952,103.0881668,246.5566538,131.8653876,0.330232485,407.1766541,121.551098,0,0,0,0,0
2026-03-31,ILQ,448110,5.3544,0.8059385005,77.87265627,186.2485497,99.61092842,0.2494571549,307.580672,72.256961,0,0,0,0,0
2026-03-31,TCC,2854310,49.5972,5.13355721,496.0226318,1186.340626,634.4881148,1.588958184,1959.185441,555.63552,2,0,0,0,0
2026-03-31,MLQ,531090,9.1908,0.9551803759,92.29293928,220.7376364,118.0566557,0.2956510687,364.5377677,110.197868,0,0,0,0,0
2026-03-31,CHQ,1224190,9.4116,2.201740316,212.7400127,508.8117025,272.1267155,0.6814910502,840.2784648,316.788611,0,0,0,0,0
2026-03-31,NTQ,473460,2.484,0.851531192,82.27798496,196.7848036,105.2460114,0.2635691785,324.9807971,109.477989,0,0,0,0,0
2026-03-31,YLQ,654120,2.8152,1.176453308,113.6731203,271.8727574,145.4051472,0.3641403097,448.9850019,85.159587,1,0,0,0,0
2026-03-31,TNC,1857211,29.256,3.340246476,322.746544,771.9150547,412.8417397,1.033885814,1274.781209,403.861844,3,0,0,0,0
2026-03-31,KSC,2735462,40.1304,4.919805723,475.3691997,1136.943675,608.0692452,1.522797009,1877.608713,534.294171,2,0,0,0,0
2026-03-31,CYC,261900,3.2568,0.4710345524,45.51304072,108.853842,58.21807626,0.1457964091,179.7669724,137.429264,0,0,0,0,0
2026-03-31,CYQ,481230,3.174,0.8655057566,83.6282573,200.0142589,106.9732144,0.267894639,330.3140898,108.48681,0,0,0,0,0
2026-03-31,PTQ,791244,6.5412,1.423074698,137.5025597,328.8657862,175.8866114,0.4404755018,543.1062937,126.356721,0,0,0,0,0
2026-03-31,HLQ,315240,1.9596,0.56696805,54.78247788,131.0236165,70.07509111,0.1754901107,216.3793065,67.82222,0,0,0,0,0
2026-03-31,TTQ,210140,0.7176,0.3779427295,36.51817632,87.34076505,46.71228158,0.1169822734,144.2391431,70.314216,0,0,0,0,0
2026-03-31,PHQ,107450,0.138,0.193251862,18.67268509,44.65958506,23.88519395,0.05981605252,73.75319276,33.91781,0,0,0,0,0
2026-03-31,KMQ,143180,0.0828,0.2575132769,24.8818525,59.51009203,31.82766002,0.07970649046,98.27810274,42.94,0,0,0,0,0
2026-03-31,MZQ,14130,0.0828,0.02541320437,2.455514568,5.872870516,3.140975249,0.00786599183,9.698767927,0,0,0,0,0,0
2026-04-01,TPC,2465110,21.3875,5.489181917,771.2765062,1023.415744,527.0089665,2.111223814,1756.643775,175.517774,0,0,0,0,0
2026-04-01,NTPC,4041120,45.4595,8.998561049,1264.373969,1677.712488,863.9397329,3.460985019,2879.712585,393.18987,1,0,0,0,0
2026-04-01,KLC,361050,2.891,0.8039678274,112.9642826,149.8936171,77.18786885,0.3092183952,257.2851657,108.452042,0,0,0,0,0
2026-04-01,TYC,2332150,34.6035,5.193113333,729.6763649,968.2160338,498.5838203,1.997351282,1661.896134,368.746815,0,0,0,0,0
2026-04-01,HCC,457320,6.1065,1.018336981,143.0849625,189.8610967,97.76916267,0.3916680694,325.8874172,101.128373,0,0,0,0,0
2026-04-01,HSQ,593210,9.027,1.32092994,185.6018337,246.2772263,126.8207054,0.508049977,422.7229834,119.233459,0,0,0,0,0
2026-04-01,ILQ,448110,5.723,0.9978286197,140.2033642,186.0374705,95.80018255,0.3837802383,319.3243473,119.939485,0,0,0,0,0
2026-04-01,TCC,2854310,53.0115,6.355832736,893.0482796,1184.996123,610.2149451,2.444551052,2033.988703,557.568976,1,0,0,0,0
2026-04-01,MLQ,531090,9.8235,1.182604275,166.1659073,220.4874701,113.5402445,0.454847798,378.4561104,117.526258,0,0,0,0,0
2026-04-01,CHQ,1224190,10.0595,2.725964201,383.021036,508.2350563,261.7161533,1.048447769,872.3609666,257.462898,2,0,0,0,0
2026-04-01,NTQ,473460,2.655,1.054276714,148.1347991,196.5617835,101.2196881,0.4054910438,337.388823,167.871771,1,0,0,0,0
2026-04-01,YLQ,654120,3.009,1.456561239,204.6591788,271.5646387,139.8424838,0.5602158611,466.1276072,191.868706,0,0,0,0,0
2026-04-01,TNC,1857211,31.27,4.135543256,581.0788206,771.0402283,397.047941,1.59059356,1323.453372,409.323481,1,0,0,0,0
2026-04-01,KSC,2735462,42.893,6.091188038,855.8634602,1135.655154,584.8067638,2.34276463,1949.29731,598.792098,0,0,0,0,0
2026-04-01,CYC,261900,3.481,0.5831856363,81.94251655,108.7304759,55.99086789,0.2243021678,186.6306187,137.744669,0,0,0,0,0
2026-04-01,CYQ,481230,3.3925,1.071578556,150.5658543,199.7875788,102.8808146,0.4121455984,342.9257451,150.622279,0,0,0,0,0
2026-04-01,PTQ,791244,6.9915,1.761902007,247.5621404,328.4930761,169.1578399,0.6776546181,563.842525,169.719388,0,0,0,0,0
2026-04-01,HLQ,315240,2.0945,0.7019604429,98.63138189,130.8751249,67.39427718,0.2699847857,224.640841,60.466257,0,0,0,0,0
2026-04-01,TTQ,210140,0.767,0.4679290936,65.74799705,87.24178005,44.92524237,0.1799727283,149.7463086,113.946663,4,0,0,0,0
2026-04-01,PHQ,107450,0.1475,0.2392642101,33.61864606,44.60897148,22.97143472,0.09202469619,76.56914847,60.546682,0,0,0,0,0
2026-04-01,KMQ,143180,0.0885,0.3188259619,44.7977454,59.44264808,30.61005141,0.1226253699,102.0304391,36.71,0,0,0,0,0
2026-04-01,MZQ,14130,0.0885,0.03146396732,4.420953642,5.866214677,3.020813147,0.01210152589,10.06907462,0,0,0,0,0,0
2026-04-02,TPC,2465110,19.2125,7.072599777,538.8909342,1021.515642,546.0163145,2.427907386,1771.527902,181.185065,0,0,0,0,0
2026-04-02,NTPC,4041120,40.8365,11.59429981,883.4181565,1674.597601,895.098981,3.980132772,2904.112529,553.936421,1,0,0,0,0
2026-04-02,KLC,361050,2.597,1.035881624,78.92814997,149.6153205,79.97176206,0.3556011544,259.4651554,84.326885,0,0,0,0,0
2026-04-02,TYC,2332150,31.0845,6.691126794,509.8249133,966.4184177,516.5659739,2.296953974,1675.977461,369.343902,2,0,0,0,0
2026-04-02,HCC,457320,5.4855,1.312088033,99.97347056,189.5085954,101.2953503,0.4504182799,328.6486771,76.718239,0,0,0,0,0
2026-04-02,HSQ,593210,8.109,1.701967423,129.6800107,245.8199814,131.3946793,0.5842574735,426.3047357,68.324898,0,0,0,0,0
2026-04-02,ILQ,448110,5.141,1.285663798,97.96009773,185.6920683,99.25535603,0.4413472741,322.029998,103.890241,0,0,0,0,0
2026-04-02,TCC,2854310,47.6205,8.189246026,623.9728784,1182.796027,632.2232382,2.81123371,2051.222788,793.898852,2,0,0,0,0
2026-04-02,MLQ,531090,8.8245,1.523740123,116.1001279,220.0781071,117.6352392,0.5230749678,381.6627873,208.366396,0,0,0,0,0
2026-04-02,CHQ,1224190,9.0365,3.512300028,267.6168174,507.2914533,271.1553286,1.205714935,879.7525234,327.202481,1,0,0,0,0
2026-04-02,NTQ,473460,2.385,1.358394997,103.5017917,196.1968416,104.870324,0.4663147004,340.2475349,82.040608,1,0,0,0,0
2026-04-02,YLQ,654120,2.703,1.876723135,142.9953786,271.0604444,144.8861072,0.6442482402,470.077129,87.050928,0,0,0,0,0
2026-04-02,TNC,1857211,28.09,5.328488426,405.9998015,769.6086941,411.3680548,1.829182594,1334.667056,780.707556,0,0,0,0,0
2026-04-02,KSC,2735462,38.531,7.84826151,597.9918432,1133.546666,605.8986738,2.694179324,1965.813801,901.350298,0,0,0,0,0
2026-04-02,CYC,261900,3.127,0.7514122622,57.25324049,108.5286039,58.0102603,0.257947493,188.211949,140.299358,0,0,0,0,0
2026-04-02,CYQ,481230,3.0475,1.380687755,105.2003701,199.4166478,106.5913615,0.4739674382,345.8313716,150.04813,0,0,0,0,0
2026-04-02,PTQ,791244,6.2805,2.270142971,172.9716801,327.883187,175.2587644,0.7793028108,568.61999,105.449139,0,0,0,0,0
2026-04-02,HLQ,315240,1.8815,0.9044490322,68.91375155,130.6321386,69.8249502,0.3104825036,226.5442337,39.809355,0,0,0,0,0
2026-04-02,TTQ,210140,0.689,0.6029086399,45.93812889,87.0798046,46.54553685,0.2069686376,151.0151163,69.954776,0,0,0,0,0
2026-04-02,PHQ,107450,0.1325,0.3082827322,23.48934972,44.52614925,23.79993306,0.1058284006,77.21792257,57.555629,0,0,0,0,0
2026-04-02,KMQ,143180,0.0795,0.4107949893,31.30018699,59.33228525,31.71404761,0.1410191754,102.8949479,46.309639,0,0,0,0,0
2026-04-02,MZQ,14130,0.0795,0.04054011174,3.088920535,5.855323303,3.129763185,0.01391675478,10.15439038,0,0,0,0,0,0
2026-04-03,TPC,2465110,21.895,6.228110252,460.2246236,1016.659828,569.0761566,1.794540242,1830.853292,441.205502,2,0,0,0,0
2026-04-03,NTPC,4041120,46.5382,10.20990581,754.4583938,1666.637336,932.9015899,2.941837266,3001.366208,563.745505,1,0,0,0,0
2026-04-03,KLC,361050,2.9596,0.9121942657,67.40636335,148.9041182,83.34919998,0.2628356359,268.1541923,93.392647,3,0,0,0,0
2026-04-03,TYC,2332150,35.4246,5.892186281,435.4016072,961.8245097,538.3820433,1.697748589,1732.103032,383.733649,14,0,0,0,0
2026-04-03,HCC,457320,6.2514,1.155420805,85.37952662,188.6077588,105.5733448,0.332917859,339.6545498,72.072733,0,0,0,0,0
2026-04-03,HSQ,593210,9.2412,1.498747432,110.7495605,244.6514664,136.9438552,0.4318424804,440.58094,82.811697,0,0,0,0,0
2026-04-03,ILQ,448110,5.8588,1.132151703,83.66006227,184.8093738,103.4471957,0.3262132026,332.8142227,116.095036,1,0,0,0,0
2026-04-03,TCC,2854310,54.2694,7.211425605,532.8864616,1177.173559,658.9238471,2.077868395,2119.914673,739.930904,0,0,0,0,0
2026-04-03,MLQ,531090,10.0566,1.341801004,99.15204407,219.0319571,122.6033143,0.3866206283,394.4440105,176.710075,1,0,0,0,0
2026-04-03,CHQ,1224190,10.2982,3.09292092,228.550605,504.8800234,282.6069994,0.8911806041,909.2139057,356.869586,1,0,0,0,0
2026-04-03,NTQ,473460,2.718,1.196198579,88.3927899,195.2642122,109.2992999,0.3446673872,351.6418332,94.307333,0,0,0,0,0
2026-04-03,YLQ,654120,3.0804,1.65263679,122.1211754,269.7719479,151.0050649,0.4761834819,485.8191947,96.247046,1,0,0,0,0
2026-04-03,TNC,1857211,32.012,4.692251002,346.7326949,765.9503289,428.741313,1.352004526,1379.362735,677.070829,5,0,0,0,0
2026-04-03,KSC,2735462,43.9108,6.911155658,510.6980903,1128.158308,631.4875205,1.991349935,2031.645487,834.00928,6,0,0,0,0
2026-04-03,CYC,261900,3.5636,0.6616913951,48.89551741,108.0127089,60.46020073,0.1906568426,194.5148399,150.501633,0,0,0,0,0
2026-04-03,CYQ,481230,3.473,1.215829515,89.84341292,198.4687129,111.0930218,0.3503237586,357.4126629,150.813826,0,0,0,0,0
2026-04-03,PTQ,791244,7.1574,1.999081123,147.7215914,326.3245813,182.660447,0.5760064254,587.6620848,136.860907,0,0,0,0,0
2026-04-03,HLQ,315240,2.1442,0.7964551179,58.85384845,130.0111736,72.77385903,0.2294870679,234.1308062,44.717566,0,0,0,0,0
2026-04-03,TTQ,210140,0.7852,0.5309195485,39.23216506,86.66586732,48.51128897,0.1529768191,156.07235,73.374631,0,0,0,0,0
2026-04-03,PHQ,107450,0.151,0.2714728538,20.06041751,44.31449245,24.80507281,0.07822099176,79.80381654,42.093864,1,0,0,0,0
2026-04-03,KMQ,143180,0.0906,0.3617448413,26.73104308,59.0502469,33.05342322,0.1042315645,106.3407208,48.89267,0,0,0,0,0
2026-04-03,MZQ,14130,0.0906,0.03569950138,2.638005579,5.827489794,3.261942101,0.01028629701,10.49444325,0,0,0,0,0,0
2026-04-04,TPC,2465110,22.765,5.91142668,594.0244885,1004.203607,527.6296663,2.322346196,1735.109292,287.798044,0,0,0,0,0
2026-04-04,NTPC,4041120,48.3874,9.690758053,973.8000498,1646.217524,864.9572625,3.807083521,2844.410538,543.005619,0,0,0,0,0
2026-04-04,KLC,361050,3.0772,0.8658115064,87.00323375,147.0797297,77.27877905,0.3401402347,254.1311381,78.426064,0,0,0,0,0
2026-04-04,TYC,2332150,36.8322,5.592583589,561.9847434,950.0401372,499.1710416,2.19708641,1641.523151,369.275405,4,0,0,0,0
2026-04-04,HCC,457320,6.4998,1.096670594,110.2016864,186.2969172,97.88431308,0.4308348764,321.8924029,77.46959,0,0,0,0,0
2026-04-04,HSQ,593210,9.6084,1.422539936,142.9474818,241.6539716,126.9700721,0.5588549747,417.5408736,98.545483,0,0,0,0,0
2026-04-04,ILQ,448110,6.0916,1.074584667,107.9823268,182.5450704,95.91301394,0.4221582622,315.4097889,96.859314,0,0,0,0,0
2026-04-04,TCC,2854310,56.4258,6.844742947,687.8111069,1162.750708,610.9336431,2.689006158,2009.054282,760.450148,1,0,0,0,0
2026-04-04,MLQ,531090,10.4562,1.273573835,127.9782507,216.3483551,113.6739697,0.5003325779,373.8166628,208.62787,0,0,0,0,0
2026-04-04,CHQ,1224190,10.7074,2.935653755,294.9965067,498.6941816,262.024397,1.153292546,861.6667993,315.18667,5,0,0,0,0
2026-04-04,NTQ,473460,2.826,1.135374923,114.0909875,192.871815,101.3389025,0.4460401482,333.2528144,100.18918,0,0,0,0,0
2026-04-04,YLQ,654120,3.2028,1.568604411,157.6251358,266.4666743,140.0071872,0.6162374472,460.4134054,100.128608,0,0,0,0,0
2026-04-04,TNC,1857211,33.284,4.453661968,447.5373571,756.5658269,397.5155755,1.749652916,1307.229317,641.095847,0,0,0,0,0
2026-04-04,KSC,2735462,45.6556,6.559740964,659.1719701,1114.335996,585.4955367,2.577041093,1925.401111,771.604412,2,0,0,0,0
2026-04-04,CYC,261900,3.7052,0.6280460699,63.11077945,106.6893261,56.05681272,0.2467323846,184.3427366,161.930319,0,0,0,0,0
2026-04-04,CYQ,481230,3.611,1.154007676,115.9633463,196.0370539,103.0019854,0.4533601582,338.72186,147.298055,0,0,0,0,0
2026-04-04,PTQ,791244,7.4418,1.897432931,190.6682916,322.3264191,169.3570704,0.7454200799,556.9304479,144.194054,0,0,0,0,0
2026-04-04,HLQ,315240,2.2294,0.7559574001,75.96426924,128.4182633,67.4736527,0.2969832643,221.8869962,49.196449,0,0,0,0,0
2026-04-04,TTQ,210140,0.8164,0.5039236393,50.6380267,85.60402822,44.97815436,0.1979700011,147.9105868,78.16632,1,0,0,0,0
2026-04-04,PHQ,107450,0.157,0.2576691493,25.89252864,43.77154674,22.99848999,0.1012271658,75.63049656,56.507902,0,0,0,0,0
2026-04-04,KMQ,143180,0.0942,0.3433510358,34.50248721,58.32675721,30.64610327,0.1348879069,100.7796603,57.492536,0,0,0,0,0
2026-04-04,MZQ,14130,0.0942,0.0338842725,3.404945833,5.756090791,3.024370996,0.01331167848,9.945639055,0,0,0,0,0,0
2026-04-05,TPC,2465110,22.4025,5.805865489,655.8717345,998.8199865,545.1517684,2.216785005,1591.33495,304.900098,0,0,0,0,0
2026-04-05,NTPC,4041120,47.6169,9.517708802,1075.187875,1637.392012,893.6817076,3.63403427,2608.717458,530.554269,1,0,0,0,0
2026-04-05,KLC,361050,3.0282,0.8503505867,96.06163203,146.2912227,79.84513712,0.3246793149,233.0733654,80.569373,0,0,0,0,0
2026-04-05,TYC,2332150,36.2457,5.492716025,620.4961505,944.9468914,515.7480586,2.097218846,1505.503529,371.351839,3,0,0,0,0
2026-04-05,HCC,457320,6.3963,1.077087191,121.6754066,185.2981637,101.1349622,0.4112514729,295.2198073,77.873221,0,0,0,0,0
2026-04-05,HSQ,593210,9.4554,1.397137437,157.8305518,240.3584441,131.1866329,0.5334524758,382.9426702,90.325579,0,0,0,0,0
2026-04-05,ILQ,448110,5.9946,1.055395655,119.224977,181.5664308,99.09819802,0.4029692503,289.2743547,109.225523,0,0,0,0,0
2026-04-05,TCC,2854310,55.5273,6.722515394,759.4230077,1156.517103,631.2221946,2.566778605,1842.580356,718.868603,5,0,0,0,0
2026-04-05,MLQ,531090,10.2897,1.250831445,141.3027895,215.1884933,117.448979,0.4775901879,342.8415278,186.202604,0,0,0,0,0
2026-04-05,CHQ,1224190,10.5369,2.883231366,325.7102598,496.0206397,270.7259892,1.100870158,790.2675062,359.588915,1,0,0,0,0
2026-04-05,NTQ,473460,2.781,1.115100371,125.9696449,191.8378128,104.7042754,0.425765596,305.6388743,114.494307,0,0,0,0,0
2026-04-05,YLQ,654120,3.1518,1.540593618,174.0363793,265.0381239,144.6566988,0.5882266541,422.2627053,97.033524,0,0,0,0,0
2026-04-05,TNC,1857211,32.754,4.37413229,494.1330001,752.5098133,410.7167067,1.670123238,1198.909896,698.944032,1,0,0,0,0
2026-04-05,KSC,2735462,44.9286,6.442602732,727.8020886,1108.361946,604.9393117,2.459902861,1765.85884,865.230111,1,0,0,0,0
2026-04-05,CYC,261900,3.6462,0.6168309615,69.6815993,106.1173556,57.91840857,0.2355172762,169.067759,196.345647,0,0,0,0,0
2026-04-05,CYQ,481230,3.5535,1.133400396,128.0369455,194.9860826,106.4225878,0.4327528783,310.6547448,200.970084,1,0,0,0,0
2026-04-05,PTQ,791244,7.3233,1.8635502,210.5198448,320.5983998,174.9812649,0.711537349,510.7821684,160.878369,0,0,0,0,0
2026-04-05,HLQ,315240,2.1939,0.7424581608,83.87333854,127.7298021,69.71439143,0.283484025,203.5010322,52.03245,0,0,0,0,0
2026-04-05,TTQ,210140,0.8034,0.4949250029,55.91023779,85.14509777,46.47183801,0.1889713647,135.654444,71.170408,0,0,0,0,0
2026-04-05,PHQ,107450,0.1545,0.2530679145,28.58834611,43.53688377,23.76224895,0.096625931,69.36361475,47.727404,0,0,0,0,0
2026-04-05,KMQ,143180,0.0927,0.3372197674,38.09473611,58.01406252,31.66383253,0.1287566384,92.4288726,39.534781,0,0,0,0,0
2026-04-05,MZQ,14130,0.0927,0.03327919621,3.759453983,5.7252319,3.12480761,0.01270660219,9.121525142,0,0,0,0,0,0
2026-04-06,TPC,2465110,26.39,10.13387431,745.0994422,998.7144253,560.2691865,2.744590958,1216.276039,277.008899,1,0,0,0,0
2026-04-06,NTPC,4041120,56.0924,16.61272809,1221.461216,1637.218963,918.4640908,4.499280524,1993.873469,536.903225,1,0,0,0,0
2026-04-06,KLC,361050,3.5672,1.484248297,109.1302837,146.2757618,82.05929544,0.4019839137,178.1407175,74.693764,0,0,0,0,0
2026-04-06,TYC,2332150,42.6972,9.587286152,704.9112064,944.8470238,530.0500924,2.596556666,1150.674073,350.25969,0,0,0,0,0
2026-04-06,HCC,457320,7.5348,1.880006733,138.2286701,185.2785803,103.9395014,0.5091684903,225.6399748,75.988345,0,0,0,0,0
2026-04-06,HSQ,593210,11.1384,2.43863989,179.302522,240.3330416,134.8245247,0.6604649701,292.6875917,91.559391,0,0,0,0,0
2026-04-06,ILQ,448110,7.0616,1.842145144,135.4448731,181.5472417,101.8462564,0.4989143098,221.0957953,88.313186,0,0,0,0,0
2026-04-06,TCC,2854310,65.4108,11.73384505,862.7382911,1156.394875,648.7264024,3.177916368,1408.305861,711.658817,1,0,0,0,0
2026-04-06,MLQ,531090,12.1212,2.183269431,160.5262494,215.1657509,120.7059167,0.5913021375,262.0378165,162.503886,0,0,0,0,0
2026-04-06,CHQ,1224190,12.4124,5.032549293,370.0213321,495.9682174,278.2333995,1.3629821,604.01076,359.80266,1,0,0,0,0
2026-04-06,NTQ,473460,3.276,1.94635701,143.1071157,191.8175383,107.607794,0.527138357,233.6033903,102.649831,0,0,0,0,0
2026-04-06,YLQ,654120,3.7128,2.689036133,197.7130623,265.0101131,148.6681245,0.7282806194,322.7403576,100.932622,0,0,0,0,0
2026-04-06,TNC,1857211,38.584,7.634849089,561.357051,752.4302836,422.1061519,2.067771628,916.34095,635.327482,1,0,0,0,0
2026-04-06,KSC,2735462,52.9256,11.24527022,826.8155215,1108.244808,621.7146778,3.045594019,1349.666703,812.301688,1,0,0,0,0
2026-04-06,CYC,261900,4.2952,1.076650406,79.16139397,106.1061405,59.52452424,0.2915928182,129.2204789,158.334762,1,0,0,0,0
2026-04-06,CYQ,481230,4.186,1.978298872,145.455661,194.9654753,109.3737564,0.5357892779,237.4370792,154.910384,0,0,0,0,0
2026-04-06,PTQ,791244,8.6268,3.252742167,239.1599008,320.5645171,179.8336108,0.8809510035,390.3968255,136.041185,0,0,0,0,0
2026-04-06,HLQ,315240,2.5844,1.295926972,95.28384054,127.7163029,71.64761749,0.3509802215,155.5382351,50.601219,0,0,0,0,0
2026-04-06,TTQ,210140,0.9464,0.8638690959,63.5165152,85.13609913,47.76053274,0.2339645468,103.6822888,75.760154,0,0,0,0,0
2026-04-06,PHQ,107450,0.182,0.4417185417,32.47763185,43.53228253,24.42119179,0.119632105,53.01542748,62.677731,0,0,0,0,0
2026-04-06,KMQ,143180,0.1092,0.5886017757,43.27731344,58.00793125,32.54189149,0.1594129809,70.64447563,47.420772,0,0,0,0,0
2026-04-06,MZQ,14130,0.1092,0.05808732429,4.270906823,5.724626824,3.211460586,0.01573198366,6.971689067,0,0,0,0,0,0
2026-04-07,TPC,2465110,22.33,6.122549061,636.6743763,989.6361629,594.3390608,2.533468577,1341.260489,242.389458,0,0,0,0,0
2026-04-07,NTPC,4041120,47.4628,10.03685655,1043.717139,1622.336728,974.3157366,4.153182023,2198.763782,459.974979,0,0,0,0,0
2026-04-07,KLC,361050,3.0184,0.896733346,93.24990916,144.9461227,87.04930729,0.3710620742,196.4464464,87.266043,0,0,0,0,0
2026-04-07,TYC,2332150,36.1284,5.792318717,602.3342353,936.2584133,562.2823487,2.396821538,1268.917269,367.018904,2,0,0,0,0
2026-04-07,HCC,457320,6.3756,1.135837401,118.1139689,183.5944076,110.2600449,0.4700016833,248.8267245,77.625136,0,0,0,0,0
2026-04-07,HSQ,593210,9.4248,1.473344933,153.2108534,238.1484267,143.0231812,0.6096599724,322.7641504,102.474069,0,0,0,0,0
2026-04-07,ILQ,448110,5.9752,1.112962691,115.7352632,179.8969867,108.03951,0.460536286,243.8155854,90.453033,0,0,0,0,0
2026-04-07,TCC,2854310,55.3476,7.089198052,737.194705,1145.883306,688.175345,2.933461263,1553.023284,616.477075,0,0,0,0,0
2026-04-07,MLQ,531090,10.2564,1.319058614,137.1668585,213.2099053,128.046023,0.5458173577,288.9648061,143.785864,0,0,0,0,0
2026-04-07,CHQ,1224190,10.5028,3.040498531,316.1767243,491.4598919,295.1527254,1.258137323,666.0788679,304.301085,0,0,0,0,0
2026-04-07,NTQ,473460,2.772,1.175924027,122.2825149,190.0739268,114.1514057,0.4865892526,257.6084601,103.426202,0,0,0,0,0
2026-04-07,YLQ,654120,3.1416,1.624625997,168.9423365,262.6011849,157.7086079,0.6722590333,355.9051365,101.13632,0,0,0,0,0
2026-04-07,TNC,1857211,32.648,4.612721324,479.6697329,745.5907313,447.7743555,1.908712272,1010.504089,546.070302,1,0,0,0,0
2026-04-07,KSC,2735462,44.7832,6.794017427,706.4993298,1098.17092,659.521042,2.811317556,1488.358369,675.164526,0,0,0,0,0
2026-04-07,CYC,261900,3.6344,0.6504762867,67.64201969,105.1416412,63.14420047,0.2691626014,142.4991672,119.578473,0,0,0,0,0
2026-04-07,CYQ,481230,3.542,1.195222235,124.2893056,193.1932492,116.024756,0.4945747181,261.8360987,142.705635,0,0,0,0,0
2026-04-07,PTQ,791244,7.2996,1.965198392,204.3579314,317.6506022,190.7692622,0.8131855417,430.5139789,154.632915,0,0,0,0,0
2026-04-07,HLQ,315240,2.1868,0.7829558786,81.41836689,126.5553683,76.00449697,0.3239817429,171.5213344,55.041978,0,0,0,0,0
2026-04-07,TTQ,210140,0.8008,0.5219209121,54.27374577,84.3622164,50.66484264,0.215967274,114.3366743,74.335602,0,0,0,0,0
2026-04-07,PHQ,107450,0.154,0.266871619,27.75156554,43.13657634,25.90624032,0.1104296354,58.46328949,43.68,0,0,0,0,0
2026-04-07,KMQ,143180,0.0924,0.3556135728,36.97970363,57.48064216,34.52075839,0.1471504439,77.90389753,40.09,0,0,0,0,0
2026-04-07,MZQ,14130,0.0924,0.03509442509,3.649414808,5.672590262,3.40674896,0.01452183107,7.6880994,0,0,0,0,0,0
2026-04-08,TPC,2465110,18.85,5.805865489,626.3441582,987.3138167,541.1900569,2.005662623,1506.041508,235.778191,1,0,0,0,0
2026-04-08,NTPC,4041120,40.066,9.517708802,1026.782539,1618.529644,887.1871692,3.287935768,2468.893663,518.24416,2,0,0,0,0
2026-04-08,KLC,361050,2.548,0.8503505867,91.73690356,144.6059825,79.26488881,0.2937574754,220.5809422,64.242933,0,0,0,0,0
2026-04-08,TYC,2332150,30.498,5.492716025,592.5611955,934.0613269,512.0000289,1.897483718,1424.810537,367.772167,2,0,0,0,0
2026-04-08,HCC,457320,5.382,1.077087191,116.197537,183.1635727,100.3999971,0.372084666,279.3964173,47.754742,0,0,0,0,0
2026-04-08,HSQ,593210,7.956,1.397137437,150.7249648,237.5895717,130.2332771,0.4826474781,362.4174511,139.759318,0,0,0,0,0
2026-04-08,ILQ,448110,5.044,1.055395655,113.8574265,179.4748285,98.37803441,0.3645912264,273.769633,113.583344,0,0,0,0,0
2026-04-08,TCC,2854310,46.722,6.722515394,725.2335167,1143.1943,626.6349945,2.3223235,1743.820493,672.794974,3,0,0,0,0
2026-04-08,MLQ,531090,8.658,1.250831445,134.9412882,212.7095728,116.5954571,0.4321054081,324.4656767,143.092283,0,0,0,0,0
2026-04-08,CHQ,1224190,8.866,2.883231366,311.0466693,490.3065994,268.758577,0.996025381,747.9102164,300.443626,0,0,0,0,0
2026-04-08,NTQ,473460,2.34,1.115100371,120.2984472,189.6278866,103.9433714,0.3852164916,289.2570361,215.381972,0,0,0,0,0
2026-04-08,YLQ,654120,2.652,1.540593618,166.2012003,261.9849474,143.6054537,0.532205068,399.6299845,144.813949,0,0,0,0,0
2026-04-08,TNC,1857211,27.56,4.37413229,471.8869586,743.8410784,407.7319579,1.511063882,1134.649916,592.804807,1,0,0,0,0
2026-04-08,KSC,2735462,37.804,6.442602732,695.0361825,1095.593879,600.5431139,2.225626398,1671.211149,775.786001,3,0,0,0,0
2026-04-08,CYC,261900,3.068,0.6168309615,66.54450919,104.8949088,57.49750555,0.2130870594,160.0059514,140.856564,0,0,0,0,0
2026-04-08,CYQ,481230,2.99,1.133400396,122.2726772,192.7398891,105.6491966,0.3915383185,294.0040626,144.89117,0,0,0,0,0
2026-04-08,PTQ,791244,6.162,1.8635502,201.0421673,316.9051821,173.709646,0.6437718872,483.4049218,146.869552,2,0,0,0,0
2026-04-08,HLQ,315240,1.846,0.7424581608,80.09733133,126.258385,69.20776498,0.2564855464,192.5936469,58.452373,0,0,0,0,0
2026-04-08,TTQ,210140,0.676,0.4949250029,53.39313921,84.1642464,46.13411919,0.1709740919,128.3835457,52.594043,0,0,0,0,0
2026-04-08,PHQ,107450,0.13,0.2530679145,27.30128871,43.03534917,23.58956461,0.08742346138,65.64581703,41.366106,0,0,0,0,0
2026-04-08,KMQ,143180,0.078,0.3372197674,36.37969769,57.34575426,31.43372602,0.1164941014,87.47480765,61.463129,0,0,0,0,0
2026-04-08,MZQ,14130,0.078,0.03327919621,3.590202042,5.659278584,3.102099097,0.0114964496,8.632623496,0,0,0,0,0,0
2026-04-09,TPC,2465110,22.765,6.228110252,580.776559,985.4137152,554.0685222,3.06127453,1790.106672,232.746837,0,0,0,0,0
2026-04-09,NTPC,4041120,48.3874,10.20990581,952.0823688,1615.414758,908.2991778,5.018428277,2934.569197,582.054703,1,0,0,0,0
2026-04-09,KLC,361050,3.0772,0.9121942657,85.06288832,144.3276859,81.15112102,0.448366673,262.1862773,86.325849,3,0,0,0,0
2026-04-09,TYC,2332150,36.8322,5.892186281,549.4513641,932.2637107,524.1838717,2.896159359,1693.554152,370.154658,1,0,0,0,0
2026-04-09,HCC,457320,6.4998,1.155420805,107.7439692,182.8110714,102.7891723,0.5679187007,332.0953561,123.485965,0,0,0,0,0
2026-04-09,HSQ,593210,9.6084,1.498747432,139.7594682,237.1323268,133.3323819,0.7366724666,430.7755755,86.05188,0,0,0,0,0
2026-04-09,ILQ,448110,6.0916,1.132151703,105.5741058,179.1294262,100.7190939,0.5564813456,325.4072641,114.751024,0,0,0,0,0
2026-04-09,TCC,2854310,56.4258,7.211425605,672.471549,1140.994204,641.5467559,3.544599026,2072.734837,706.723044,1,0,0,0,0
2026-04-09,MLQ,531090,10.4562,1.341801004,125.1240808,212.3002097,119.3700287,0.6595293072,385.665448,134.005302,0,0,0,0,0
2026-04-09,CHQ,1224190,10.7074,3.09292092,288.4174969,489.3629964,275.1541084,1.520249266,888.9788637,309.58817,0,0,0,0,0
2026-04-09,NTQ,473460,2.826,1.196198579,111.5465312,189.2629447,106.4168668,0.5879620135,343.8158561,78.62553,0,0,0,0,0
2026-04-09,YLQ,654120,3.2028,1.65263679,154.1097812,261.4807532,147.0227705,0.8123129986,475.0070286,142.567112,0,0,0,0,0
2026-04-09,TNC,1857211,33.284,4.692251002,437.5563825,742.4095442,417.4345786,2.306360662,1348.66428,604.589103,0,0,0,0,0
2026-04-09,KSC,2735462,45.6556,6.911155658,644.4711221,1093.485391,614.8339781,3.397008713,1986.43013,787.739452,0,0,0,0,0
2026-04-09,CYC,261900,3.7052,0.6616913951,61.70328335,104.6930368,58.86574877,0.3252381433,190.1858081,162.487212,0,0,0,0,0
2026-04-09,CYQ,481230,3.611,1.215829515,113.3771327,192.3689581,108.1632848,0.5976111177,349.4582529,165.375565,0,0,0,0,0
2026-04-09,PTQ,791244,7.4418,1.999081123,186.4160089,316.295293,177.8433391,0.9825991962,574.5833507,82.687565,1,0,0,0,0
2026-04-09,HLQ,315240,2.2294,0.7964551179,74.27011471,126.0153987,70.85467218,0.3914779393,228.9200998,32.444268,0,0,0,0,0
2026-04-09,TTQ,210140,0.8164,0.5309195485,49.50869783,84.00227094,47.23195283,0.2609604561,152.5988763,96.722365,0,0,0,0,0
2026-04-09,PHQ,107450,0.157,0.2714728538,25.31507368,42.95252695,24.15091526,0.1334358095,78.0277399,37.561683,0,0,0,0,0
2026-04-09,KMQ,143180,0.0942,0.3617448413,33.73301302,57.23539142,32.18174078,0.1778067864,103.9740512,31.427733,0,0,0,0,0
2026-04-09,MZQ,14130,0.0942,0.03569950138,3.329008758,5.64838721,3.175918405,0.01754721254,10.2608838,0,0,0,0,0,0
2026-04-10,TPC,2465110,19.0675,6.861477396,769.5326354,972.007444,539.5654702,1.583417861,1798.551567,236.5237,1,0,0,0,0
2026-04-10,NTPC,4041120,40.5283,11.24820131,1261.515195,1593.437503,884.5239413,2.595738764,2948.413138,467.198606,0,0,0,0,0
2026-04-10,KLC,361050,2.5774,1.004959784,112.7088682,142.3641491,79.02694525,0.2319137964,263.4231508,87.676135,0,0,0,0,0
2026-04-10,TYC,2332150,30.8499,6.491391666,728.0265528,919.5805301,510.4630671,1.498013461,1701.543557,369.008228,0,0,0,0,0
2026-04-10,HCC,457320,5.4441,1.272921226,142.7614446,180.3239792,100.0986085,0.2937510521,333.6620284,65.330654,0,0,0,0,0
2026-04-10,HSQ,593210,8.0478,1.651162425,185.1821844,233.9062094,129.8423326,0.3810374827,432.8077754,84.027342,0,0,0,0,0
2026-04-10,ILQ,448110,5.1022,1.247285775,139.8863618,176.6924217,98.08271551,0.2878351788,326.942385,96.662067,0,0,0,0,0
2026-04-10,TCC,2854310,47.2611,7.94479092,891.0290804,1125.471305,624.7539125,1.833413289,2082.513042,581.841506,3,0,0,0,0
2026-04-10,MLQ,531090,8.7579,1.478255344,165.790203,209.4119262,116.2454517,0.3411358485,387.4848392,110.687193,1,0,0,0,0
2026-04-10,CHQ,1224190,8.9683,3.407455251,382.1550182,482.7053531,267.9517964,0.7863358271,893.1726548,242.156927,0,0,0,0,0
2026-04-10,NTQ,473460,2.367,1.317845892,147.7998635,186.6880766,103.6313461,0.3041182829,345.4378202,83.506199,0,0,0,0,0
2026-04-10,YLQ,654120,2.6826,1.820701548,204.1964405,257.9233824,143.1743676,0.4201618958,477.247892,86.845666,0,0,0,0,0
2026-04-10,TNC,1857211,27.878,5.16942907,579.7649903,732.3092751,406.5079962,1.19294517,1355.026654,670.137695,0,0,0,0,0
2026-04-10,KSC,2735462,38.2402,7.613985047,853.9283366,1078.608836,598.7403565,1.757073472,1995.801188,701.50524,0,0,0,0,0
2026-04-10,CYC,261900,3.1034,0.7289820454,81.75724296,103.2687181,57.32490503,0.1682266259,191.0830168,133.65401,0,0,0,0,0
2026-04-10,CYQ,481230,3.0245,1.339473195,150.225422,189.7518335,105.3320506,0.3091091988,351.1068353,151.004862,0,0,0,0,0
2026-04-10,PTQ,791244,6.2331,2.202377509,247.0023977,311.9921862,173.1881907,0.5082409636,577.2939691,108.030816,1,0,0,0,0
2026-04-10,HLQ,315240,1.8673,0.8774505536,98.40837446,124.3009954,69.00001169,0.2024885893,230.000039,43.041377,0,0,0,0,0
2026-04-10,TTQ,210140,0.6838,0.584911367,65.59933958,82.85944412,45.99563018,0.1349795462,153.3187673,65.961787,1,0,0,0,0
2026-04-10,PHQ,107450,0.1315,0.2990802626,33.54263366,42.36817013,23.51875161,0.06901852214,78.39583869,38.654886,1,0,0,0,0
2026-04-10,KMQ,143180,0.0789,0.3985324523,44.69645684,56.45672032,31.3393658,0.09196902746,104.4645527,29.825018,0,0,0,0,0
2026-04-10,MZQ,14130,0.0789,0.03932995915,4.410957782,5.571542521,3.092786972,0.00907614442,10.30928991,0,0,0,0,0,0
2026-04-11,TPC,2465110,23.9975,6.650355014,258.7230891,970.5295874,542.2889489,1.794540242,1807.62983,247.834315,1,0,0,0,0
2026-04-11,NTPC,4041120,51.0071,10.90210281,424.1316006,1591.014813,888.9886119,2.941837266,2963.295373,505.057302,3,0,0,0,0
2026-04-11,KLC,361050,3.2438,0.9740379447,37.89363206,142.1476963,79.42583698,0.2628356359,264.7527899,84.23944,0,0,0,0,0
2026-04-11,TYC,2332150,38.8263,6.291656537,244.7684088,918.1823842,513.0396502,1.697748589,1710.132167,351.71906,2,0,0,0,0
2026-04-11,HCC,457320,6.8517,1.233754419,47.99755107,180.0498115,100.6038603,0.332917859,335.3462011,134.588617,0,0,0,0,0
2026-04-11,HSQ,593210,10.1286,1.600357428,62.25974651,233.5505744,130.4977171,0.4318424804,434.9923903,98.357971,1,0,0,0,0
2026-04-11,ILQ,448110,6.4214,1.208907751,47.03092498,176.4237756,98.57779202,0.3262132026,328.5926401,99.113529,1,0,0,0,0
2026-04-11,TCC,2854310,59.4807,7.700335815,299.5711755,1123.760119,627.9073833,2.077868395,2093.024611,815.499464,2,0,0,0,0
2026-04-11,MLQ,531090,11.0223,1.432770564,55.74000568,209.0935328,116.8322054,0.3866206283,389.4406847,145.807748,2,0,0,0,0
2026-04-11,CHQ,1224190,11.2871,3.302610474,128.4836046,481.9714396,269.3042941,0.8911806041,897.6809802,259.31526,0,0,0,0,0
2026-04-11,NTQ,473460,2.979,1.277296788,49.6915082,186.4042328,104.1544295,0.3446673872,347.1814317,142.242279,0,0,0,0,0
2026-04-11,YLQ,654120,3.3762,1.764679962,68.65249302,257.5312313,143.8970461,0.4761834819,479.6568203,162.115036,0,0,0,0,0
2026-04-11,TNC,1857211,35.086,5.010369714,194.9216737,731.1958596,408.5598619,1.352004526,1361.866206,597.544422,0,0,0,0,0
2026-04-11,KSC,2735462,48.1274,7.379708584,287.0976057,1076.9689,601.7625229,1.991349935,2005.875076,800.986217,2,0,0,0,0
2026-04-11,CYC,261900,3.9058,0.7065518286,27.48744561,103.1117065,57.61425483,0.1906568426,192.0475161,204.778522,0,0,0,0,0
2026-04-11,CYQ,481230,3.8065,1.298258635,50.50700057,189.4633316,105.8637184,0.3503237586,352.8790613,165.212934,1,0,0,0,0
2026-04-11,PTQ,791244,7.8447,2.134612047,83.04420165,311.5178279,174.0623652,0.5760064254,580.207884,141.242831,0,0,0,0,0
2026-04-11,HLQ,315240,2.3501,0.8504520751,33.08569055,124.112006,69.34829206,0.2294870679,231.1609735,83.757986,0,0,0,0,0
2026-04-11,TTQ,210140,0.8606,0.5669140942,22.05502795,82.73346321,46.227795,0.1529768191,154.09265,93.623791,0,0,0,0,0
2026-04-11,PHQ,107450,0.1655,0.289877793,11.27730443,42.30375284,23.63746346,0.07822099176,78.79154488,55.909581,0,0,0,0,0
2026-04-11,KMQ,143180,0.0993,0.3862699153,15.0273099,56.37088256,31.49755252,0.1042315645,104.9918417,52.23037,0,0,0,0,0
2026-04-11,MZQ,14130,0.0993,0.03811980656,1.482999643,5.563071453,3.108397941,0.01028629701,10.36132647,0,0,0,0,0,0
2026-04-12,TPC,2465110,23.49,5.383620726,289.2957212,957.7566833,516.3251184,1.900101433,1673.461556,297.842337,1,0,0,0,0
2026-04-12,NTPC,4041120,49.9284,8.825511798,474.2501247,1570.075854,846.4254182,3.114886517,2743.349775,607.106845,0,0,0,0,0
2026-04-12,KLC,361050,3.1752,0.7885069077,42.37142364,140.276925,75.62306916,0.2782965556,245.1019609,87.450739,1,0,0,0,0
2026-04-12,TYC,2332150,38.0052,5.093245768,273.6920528,906.098409,488.4762242,1.797616154,1583.200493,340.993663,3,0,0,0,0
2026-04-12,HCC,457320,6.7068,0.9987535771,53.66929639,177.6802197,95.7871264,0.3525012625,310.4556952,81.265862,0,0,0,0,0
2026-04-12,HSQ,593210,9.9144,1.295527441,69.61681822,230.4768721,124.2497185,0.4572449793,402.7058143,96.006098,0,0,0,0,0
2026-04-12,ILQ,448110,6.2856,0.9786396078,52.58844661,174.1019051,93.85806265,0.3454022145,304.2034059,91.310732,0,0,0,0,0
2026-04-12,TCC,2854310,58.2228,6.233605184,334.9707193,1108.970585,597.8442945,2.200095947,1937.673392,718.521523,3,0,0,0,0
2026-04-12,MLQ,531090,10.7892,1.159861885,62.32665665,206.3417036,111.2384872,0.4093630182,360.5351071,155.614995,0,0,0,0,0
2026-04-12,CHQ,1224190,11.0484,2.673541812,143.6661767,475.6283306,256.4104834,0.9436029925,831.0521245,376.113252,3,0,0,0,0
2026-04-12,NTQ,473460,2.916,1.034002162,55.56342401,183.951012,99.16770066,0.3649419394,321.4124759,90.193409,0,0,0,0,0
2026-04-12,YLQ,654120,3.3048,1.428550446,76.7649789,254.1419254,137.0075114,0.504194275,444.0551023,98.763625,2,0,0,0,0
2026-04-12,TNC,1857211,34.344,4.056013578,217.9550591,721.5727686,388.9987423,1.431534204,1260.783985,724.825517,6,0,0,0,0
2026-04-12,KSC,2735462,47.1096,5.974049806,321.0231803,1062.795174,572.9512034,2.108488167,1856.992384,821.132255,1,0,0,0,0
2026-04-12,CYC,261900,3.8232,0.5719705279,30.7355653,101.7546784,54.85578677,0.201871951,177.7931133,180.32101,0,0,0,0,0
2026-04-12,CYQ,481230,3.726,1.050971276,56.47528098,186.9698507,100.7951518,0.3709310386,326.6872086,189.217519,0,0,0,0,0
2026-04-12,PTQ,791244,7.6788,1.728019276,92.85731818,307.4180175,165.7285687,0.6098891563,537.142933,160.803198,0,0,0,0,0
2026-04-12,HLQ,315240,2.3004,0.6884612036,36.99534023,122.478598,66.02801917,0.2429863072,214.0034404,52.168502,0,0,0,0,0
2026-04-12,TTQ,210140,0.8424,0.4589304572,24.66121303,81.6446282,44.01449038,0.1619754555,142.6553831,88.02515,0,0,0,0,0
2026-04-12,PHQ,107450,0.162,0.2346629753,12.60991406,41.74700343,22.50574375,0.08282222657,72.94337544,65.980078,0,0,0,0,0
2026-04-12,KMQ,143180,0.0972,0.3126946934,16.80304788,55.62899908,29.98950572,0.110362833,97.19899949,42.841103,0,0,0,0,0
2026-04-12,MZQ,14130,0.0972,0.03085889103,1.658241839,5.489857221,2.959573375,0.0108913733,9.592274499,0,0,0,0,0,0
2026-04-13,TPC,2465110,21.895,5.066937154,535.2290165,957.3344385,545.6732407,3.377958103,1678.21181,272.71229,1,0,0,0,0
2026-04-13,NTPC,4041120,46.5382,8.306364045,877.415078,1569.383657,894.5365709,5.53757603,2751.136991,497.56844,1,0,0,0,0
2026-04-13,KLC,361050,2.9596,0.7421241484,78.39181067,140.2150813,79.92151407,0.4947494323,245.7977023,85.502541,0,0,0,0,0
2026-04-13,TYC,2332150,35.4246,4.793643076,506.3605075,905.6989387,516.2414043,3.195762051,1587.694534,348.032233,0,0,0,0,0
2026-04-13,HCC,457320,6.2514,0.9400033667,99.29412229,177.6018861,101.2317042,0.6266689111,311.3369484,101.670069,0,0,0,0,0
2026-04-13,HSQ,593210,9.2412,1.219319945,128.798798,230.3752621,131.3121212,0.8128799632,403.8489267,101.299569,0,0,0,0,0
2026-04-13,ILQ,448110,5.8588,0.921072572,97.2944309,174.0251491,99.19299174,0.6140483814,305.0669115,89.73552,0,0,0,0,0
2026-04-13,TCC,2854310,54.2694,5.866922526,619.7328046,1108.481675,631.8259987,3.911281684,1943.173632,657.647603,0,0,0,0,0
2026-04-13,MLQ,531090,10.0566,1.091634715,115.3111944,206.250734,117.5613264,0.7277564769,361.5585147,142.790786,0,0,0,0,0
2026-04-13,CHQ,1224190,10.2982,2.516274647,265.7982847,475.4186411,270.9849558,1.677516431,833.411132,304.239769,1,0,0,0,0
2026-04-13,NTQ,473460,2.718,0.9731785052,102.7984675,183.8699138,104.8044317,0.6487856701,322.3248307,181.601833,0,0,0,0,0
2026-04-13,YLQ,654120,3.0804,1.344518067,142.0236842,254.0298822,144.7950721,0.8963453777,445.315588,186.370644,2,0,0,0,0
2026-04-13,TNC,1857211,32.012,3.817424544,403.240917,721.2546498,411.1095833,2.544949696,1264.362821,500.335981,3,0,0,0,0
2026-04-13,KSC,2735462,43.9108,5.622635112,593.9283179,1062.326621,605.5179746,3.748423408,1862.263604,599.166256,5,0,0,0,0
2026-04-13,CYC,261900,3.5636,0.5383252028,56.86418838,101.709818,57.9738112,0.3588834685,178.2977932,136.543011,0,0,0,0,0
2026-04-13,CYQ,481230,3.473,0.9891494362,104.4855035,186.8874216,106.5243878,0.6594329574,327.6145362,136.214383,0,0,0,0,0
2026-04-13,PTQ,791244,7.1574,1.626371083,171.7962882,307.2824866,175.1486456,1.084247389,538.6676559,145.621145,0,0,0,0,0
2026-04-13,HLQ,315240,2.1442,0.6479634858,68.44546294,122.4246011,69.78107768,0.4319756572,214.6109062,53.108553,0,0,0,0,0
2026-04-13,TTQ,210140,0.7852,0.431934548,45.62596619,81.60863366,46.51629128,0.2879563653,143.0603217,80.78,0,0,0,0,0
2026-04-13,PHQ,107450,0.151,0.2208592709,23.32973288,41.72859849,23.78497905,0.1472395139,73.150431,53.367284,0,0,0,0,0
2026-04-13,KMQ,143180,0.0906,0.2943008879,31.08749329,55.604474,31.69412099,0.1962005919,97.47490657,47.180139,0,0,0,0,0
2026-04-13,MZQ,14130,0.0906,0.02904366214,3.067930438,5.487436916,3.127796687,0.01936244143,9.619502932,0,0,0,0,0,0
2026-04-14,TPC,2465110,20.9525,4.855814772,441.281668,956.5955102,593.1536086,2.005662623,1723.497561,246.501505,0,0,0,0,0
2026-04-14,NTPC,4041120,44.5349,7.960265543,723.4047057,1568.172312,972.3723935,3.287935768,2825.37512,505.152241,2,0,0,0,0
2026-04-14,KLC,361050,2.8322,0.7112023089,64.6319013,140.1068548,86.87568117,0.2937574754,252.4304369,92.13028,0,0,0,0,0
2026-04-14,TYC,2332150,33.8997,4.593907948,417.4803729,904.9998658,561.160836,1.897483718,1630.537719,372.30749,0,0,0,0,0
2026-04-14,HCC,457320,5.9823,0.9008365597,81.86528487,177.4648023,110.0401233,0.372084666,319.7382285,92.987509,1,0,0,0,0
2026-04-14,HSQ,593210,8.8434,1.168514947,106.191082,230.1974446,142.7379112,0.4826474781,414.7465987,105.946538,0,0,0,0,0
2026-04-14,ILQ,448110,5.6066,0.8826945482,80.21659408,173.890826,107.8240174,0.3645912264,313.2989976,106.181668,0,0,0,0,0
2026-04-14,TCC,2854310,51.9333,5.622467421,510.9527273,1107.626082,686.8027296,2.3223235,1995.609252,669.633073,3,0,0,0,0
2026-04-14,MLQ,531090,9.6237,1.046149936,95.0709222,206.0915373,127.790626,0.4321054081,371.3149999,132.015276,0,0,0,0,0
2026-04-14,CHQ,1224190,9.8549,2.41142987,219.1434074,475.0516843,294.564022,0.996025381,855.9003366,269.954023,2,0,0,0,0
2026-04-14,NTQ,473460,2.601,0.9326294008,84.75452151,183.727992,113.9237225,0.3852164916,331.0226136,142.031979,0,0,0,0,0
2026-04-14,YLQ,654120,2.9478,1.28849648,117.0946386,253.8338067,157.3940467,0.532205068,457.3322182,151.418388,0,0,0,0,0
2026-04-14,TNC,1857211,30.634,3.658365188,332.4610942,720.6979421,446.8812372,1.511063882,1298.481053,538.07489,0,0,0,0,0
2026-04-14,KSC,2735462,42.0206,5.388358649,489.6776347,1061.506654,658.2055797,2.225626398,1912.515906,636.979215,6,0,0,0,0
2026-04-14,CYC,261900,3.4102,0.515894986,46.88296621,101.6313122,63.0182548,0.2130870594,183.1090747,141.66754,3,0,0,0,0
2026-04-14,CYQ,481230,3.3235,0.9479348763,86.14543654,186.7431706,115.7933362,0.3915383185,336.4550593,143.84508,0,0,0,0,0
2026-04-14,PTQ,791244,6.8493,1.558605622,141.6413353,307.0453075,190.3887591,0.6437718872,553.2033475,158.843476,2,0,0,0,0
2026-04-14,HLQ,315240,2.0519,0.6209650072,56.43140996,122.3301064,75.85290051,0.2564855464,220.4020798,49.017858,0,0,0,0,0
2026-04-14,TTQ,210140,0.7514,0.4139372751,37.61735975,81.5456432,50.56378795,0.1709740919,146.9207368,87.557494,0,0,0,0,0
2026-04-14,PHQ,107450,0.1445,0.2116568012,19.23472592,41.69638984,25.85456846,0.08742346138,75.12436074,27.495544,0,0,0,0,0
2026-04-14,KMQ,143180,0.0867,0.2820383509,25.63078695,55.56155512,34.45190425,0.1164941014,100.1052208,51.105995,0,0,0,0,0
2026-04-14,MZQ,14130,0.0867,0.02783350955,2.529424638,5.483201382,3.399953953,0.0114964496,9.879080663,0,0,0,0,0,0
2026-04-15,TPC,2465110,19.3575,7.705966922,537.3719086,955.3287759,518.7076345,0.4222447628,1717.691695,254.740553,0,0,0,0,0
2026-04-15,NTPC,4041120,41.1447,12.63259532,880.9279778,1566.095721,850.3311398,0.6921970038,2815.857411,503.172635,3,0,0,0,0
2026-04-15,KLC,361050,2.6166,1.128647142,78.70566734,139.9213238,75.97202212,0.06184367903,251.5800863,79.646588,0,0,0,0,0
2026-04-15,TYC,2332150,31.3191,7.290332178,508.3878191,903.801455,490.7302351,0.3994702563,1625.045003,360.546534,1,0,0,0,0
2026-04-15,HCC,457320,5.5269,1.429588453,99.69166538,177.2298014,96.22912382,0.07833361389,318.6611413,78.986698,0,0,0,0,0
2026-04-15,HSQ,593210,8.1702,1.854382416,129.3144687,229.8926146,124.8230529,0.1016099954,413.3494613,100.329376,2,0,0,0,0
2026-04-15,ILQ,448110,5.1798,1.40079787,97.68396785,173.6605579,94.29115865,0.07675604767,312.2436019,98.754435,0,0,0,0,0
2026-04-15,TCC,2854310,47.9799,8.922611341,622.2140239,1106.159351,600.6029704,0.4889102105,1988.886736,668.836239,2,0,0,0,0
2026-04-15,MLQ,531090,8.8911,1.660194463,115.7728649,205.8186286,111.7517829,0.09096955961,370.0641685,168.709753,2,0,0,0,0
2026-04-15,CHQ,1224190,9.1047,3.826834359,266.8624592,474.4226157,257.5936567,0.2096895539,853.0171052,299.694389,0,0,0,0,0
2026-04-15,NTQ,473460,2.403,1.48004231,103.2100409,183.4846973,99.6252973,0.08109820876,329.9075133,147.28066,0,0,0,0,0
2026-04-15,YLQ,654120,2.7234,2.044787893,142.5923033,253.4976771,137.639715,0.1120431722,455.7916246,147.267039,0,0,0,0,0
2026-04-15,TNC,1857211,28.302,5.805666495,404.8553695,719.743586,390.7937271,0.318118712,1294.106921,531.2888,1,0,0,0,0
2026-04-15,KSC,2735462,38.8218,8.551090899,596.306224,1060.100995,575.5950133,0.468552926,1906.073303,622.715433,4,0,0,0,0
2026-04-15,CYC,261900,3.1506,0.8187029125,57.09185508,101.4967309,55.10891176,0.04486043356,182.4922437,156.1991,1,0,0,0,0
2026-04-15,CYQ,481230,3.0705,1.504331434,104.9038313,186.4958833,101.2602581,0.08242911968,335.3216589,112.018655,0,0,0,0,0
2026-04-15,PTQ,791244,6.3279,2.473439356,172.4841076,306.6387147,166.4933019,0.1355309236,551.3397973,151.778077,0,0,0,0,0
2026-04-15,HLQ,315240,1.8957,0.9854444679,68.7194975,122.1681155,66.332697,0.05399695715,219.6596217,49.199877,0,0,0,0,0
2026-04-15,TTQ,210140,0.6942,0.6569004584,45.80863851,81.43765956,44.21758961,0.03599454566,146.4258118,81.6852,0,0,0,0,0
2026-04-15,PHQ,107450,0.1335,0.3358901411,23.42313795,41.64117503,22.60959362,0.01840493924,74.87129282,38.71,0,0,0,0,0
2026-04-15,KMQ,143180,0.0801,0.4475826003,31.21195804,55.4879799,30.12788845,0.02452507399,99.76800099,49.27,0,0,0,0,0
2026-04-15,MZQ,14130,0.0801,0.04417056951,3.080213487,5.475940466,2.973229947,0.002420305179,9.845801466,0,0,0,0,0,0
2026-04-16,TPC,2465110,22.185,7.389283349,583.3976434,953.4286745,544.9807593,0.4222447628,1816.602531,235.51181,0,0,0,0,0
2026-04-16,NTPC,4041120,47.1546,12.11344757,956.3791817,1562.980834,893.4013678,0.6921970038,2978.004559,518.475212,0,0,0,0,0
2026-04-16,KLC,361050,2.9988,1.082264383,85.44678296,139.6430273,79.82009043,0.06184367903,266.0669681,90.425306,0,0,0,0,0
2026-04-16,TYC,2332150,35.8938,6.990729486,551.9310757,902.0038388,515.5862731,0.3994702563,1718.62091,355.963352,1,0,0,0,0
2026-04-16,HCC,457320,6.3342,1.370838243,108.2302251,176.8773002,101.1032371,0.07833361389,337.0107904,85.441299,0,0,0,0,0
2026-04-16,HSQ,593210,9.3636,1.778174919,140.3902122,229.4353696,131.1454808,0.1016099954,437.1516027,112.694017,0,0,0,0,0
2026-04-16,ILQ,448110,5.9364,1.343230834,106.0505689,173.3151556,99.06711183,0.07675604767,330.2237061,117.343864,1,0,0,0,0
2026-04-16,TCC,2854310,54.9882,8.555928684,675.5064591,1103.959255,631.0241859,0.4889102105,2103.413953,654.844285,1,0,0,0,0
2026-04-16,MLQ,531090,10.1898,1.591967293,125.6887743,205.4092656,117.4121363,0.09096955961,391.3737878,161.952207,1,0,0,0,0
2026-04-16,CHQ,1224190,10.4346,3.669567193,289.7191448,473.4790127,270.641065,0.2096895539,902.1368832,348.49506,1,0,0,0,0
2026-04-16,NTQ,473460,2.754,1.419218653,112.0499484,183.1197554,104.6714306,0.08109820876,348.9047687,141.768041,0,0,0,0,0
2026-04-16,YLQ,654120,3.1212,1.960755514,154.8052892,252.9934829,144.6113213,0.1120431722,482.0377377,150.159516,1,0,0,0,0
2026-04-16,TNC,1857211,32.436,5.567077461,439.5311044,718.3120518,410.5878686,0.318118712,1368.626229,446.748797,3,0,0,0,0
2026-04-16,KSC,2735462,44.4924,8.199676205,647.3796644,1057.992507,604.7495478,0.468552926,2015.831826,669.088748,1,0,0,0,0
2026-04-16,CYC,261900,3.6108,0.7850575874,61.98175449,101.294859,57.90024009,0.04486043356,193.0008003,166.062667,0,0,0,0,0
2026-04-16,CYQ,481230,3.519,1.442509594,113.8888114,186.1249522,106.389204,0.08242911968,354.6306801,128.607638,2,0,0,0,0
2026-04-16,PTQ,791244,7.2522,2.371791163,187.2573171,306.0288255,174.9263748,0.1355309236,583.0879161,155.971154,0,0,0,0,0
2026-04-16,HLQ,315240,2.1726,0.9449467501,74.60530082,121.9251292,69.69252267,0.05399695715,232.3084089,52.209258,0,0,0,0,0
2026-04-16,TTQ,210140,0.7956,0.6299045491,49.73213397,81.27568411,46.45726022,0.03599454566,154.8575341,88.189436,0,0,0,0,0
2026-04-16,PHQ,107450,0.153,0.3220864367,25.42932234,41.5583528,23.75479495,0.01840493924,79.18264984,38.652769,0,0,0,0,0
2026-04-16,KMQ,143180,0.0918,0.4291887948,33.88525242,55.37761707,31.65389987,0.02452507399,105.5129996,27.905936,0,0,0,0,0
2026-04-16,MZQ,14130,0.0918,0.04235534062,3.344032802,5.465049093,3.123827386,0.002420305179,10.41275795,0,0,0,0,0,0
2026-04-17,TPC,2465110,22.1125,5.91142668,683.2690859,943.9281673,545.0757643,0.5278059535,1816.919214,294.28005,1,0,0,0,0
2026-04-17,NTPC,4041120,47.0005,9.690758053,1120.101078,1547.406402,893.5571122,0.8652462547,2978.523707,431.515905,1,0,0,0,0
2026-04-17,KLC,361050,2.989,0.8658115064,100.0743591,138.2515445,79.83400526,0.07730459879,266.1133509,88.248614,0,0,0,0,0
2026-04-17,TYC,2332150,35.7765,5.592583589,646.4157781,893.0157581,515.6761539,0.4993378204,1718.920513,356.672219,2,0,0,0,0
2026-04-17,HCC,457320,6.3135,1.096670594,126.7580832,175.1147938,101.1208622,0.09791701736,337.0695406,66.552164,0,0,0,0,0
2026-04-17,HSQ,593210,9.333,1.422539936,164.4235164,227.1491447,131.1683431,0.1270124942,437.2278102,83.911196,1,0,0,0,0
2026-04-17,ILQ,448110,5.917,1.074584667,124.2052931,171.5881446,99.08438194,0.09594505959,330.2812731,79.927912,0,0,0,0,0
2026-04-17,TCC,2854310,54.8085,6.844742947,791.1459467,1092.958776,631.1341907,0.6111377631,2103.780636,680.681296,1,0,0,0,0
2026-04-17,MLQ,531090,10.1565,1.273573835,147.2053494,203.3624505,117.4326045,0.1137119495,391.442015,140.555667,0,0,0,0,0
2026-04-17,CHQ,1224190,10.4005,2.935653755,339.3159665,468.7609977,270.6882451,0.2621119424,902.2941504,221.035034,0,0,0,0,0
2026-04-17,NTQ,473460,2.745,1.135374923,131.2317022,181.2950457,104.6896777,0.101372761,348.9655923,80.477293,0,0,0,0,0
2026-04-17,YLQ,654120,3.111,1.568604411,181.3063005,250.4725115,144.636531,0.1400539653,482.12177,87.142598,0,0,0,0,0
2026-04-17,TNC,1857211,32.33,4.453661968,514.7741327,711.1543807,410.6594454,0.39764839,1368.864818,526.928571,1,0,0,0,0
2026-04-17,KSC,2735462,44.347,6.559740964,758.2041452,1047.450066,604.8549722,0.5856911575,2016.183241,493.179364,3,0,0,0,0
2026-04-17,CYC,261900,3.599,0.6280460699,72.59236854,100.2854992,57.91033369,0.05607554196,193.0344456,139.091165,0,0,0,0,0
2026-04-17,CYQ,481230,3.5075,1.154007676,133.385359,184.270297,106.4077506,0.1030363996,354.692502,220.769469,1,0,0,0,0
2026-04-17,PTQ,791244,7.2285,1.897432931,219.3137688,302.9793797,174.9568693,0.1694136545,583.1895643,108.924268,0,0,0,0,0
2026-04-17,HLQ,315240,2.1655,0.7559574001,87.37693111,120.7101977,69.70467198,0.06749619643,232.3489066,42.954321,0,0,0,0,0
2026-04-17,TTQ,210140,0.793,0.5039236393,58.24574389,80.46580683,46.465359,0.04499318208,154.88453,61.600737,1,0,0,0,0
2026-04-17,PHQ,107450,0.1525,0.2576691493,29.78255059,41.14424167,23.75893606,0.02300617405,79.19645354,33.95,0,0,0,0,0
2026-04-17,KMQ,143180,0.0915,0.3433510358,39.68604554,54.8258029,31.65941801,0.03065634249,105.5313934,54.203786,0,0,0,0,0
2026-04-17,MZQ,14130,0.0915,0.0338842725,3.916495485,5.410592227,3.124371955,0.003025381473,10.41457318,0,0,0,0,0,0
2026-04-18,TPC,2465110,22.475,6.439232633,664.5478087,937.0666899,520.0577621,0.6333671442,1733.525874,283.441685,0,0,0,0,0
2026-04-18,NTPC,4041120,47.771,10.55600431,1089.410793,1536.158201,852.5444397,1.038295506,2841.814799,542.192357,1,0,0,0,0
2026-04-18,KLC,361050,3.038,0.9431161052,97.33236503,137.2465847,76.16976728,0.09276551855,253.8992243,89.714527,0,0,0,0,0
2026-04-18,TYC,2332150,36.363,6.091921409,628.7042656,886.5243664,492.0075412,0.5992053845,1640.025137,367.071309,0,0,0,0,0
2026-04-18,HCC,457320,6.417,1.194587612,123.2849666,173.8418726,96.47959555,0.1175004208,321.5986518,84.37478,0,0,0,0,0
2026-04-18,HSQ,593210,9.486,1.54955243,159.9183832,225.4979823,125.1479508,0.1524149931,417.1598361,97.766787,1,0,0,0,0
2026-04-18,ILQ,448110,6.014,1.170529727,120.8021218,170.3408588,94.53658611,0.1151340715,315.1219537,102.567858,1,0,0,0,0
2026-04-18,TCC,2854310,55.707,7.45588071,769.4688902,1085.013985,602.1662607,0.7333653157,2007.220869,755.615102,4,0,0,0,0
2026-04-18,MLQ,531090,10.323,1.387285784,143.1719865,201.8841952,112.0426581,0.1364543394,373.475527,170.328739,1,0,0,0,0
2026-04-18,CHQ,1224190,10.571,3.197765697,330.018856,465.3535425,258.2641391,0.3145343308,860.8804635,327.22383,0,0,0,0,0
2026-04-18,NTQ,473460,2.79,1.236747684,127.6360104,179.9771998,99.88460882,0.1216473131,332.9486961,159.711483,0,0,0,0,0
2026-04-18,YLQ,654120,3.162,1.708658376,176.3385864,248.6518099,137.9979731,0.1680647583,459.9932435,155.872577,1,0,0,0,0
2026-04-18,TNC,1857211,32.86,4.851310358,500.6695443,705.9849517,391.8109117,0.477178068,1306.036372,490.67559,2,0,0,0,0
2026-04-18,KSC,2735462,45.074,7.145432121,737.4296798,1039.836081,577.0932113,0.702829389,1923.644038,635.9421,2,0,0,0,0
2026-04-18,CYC,261900,3.658,0.6841216119,70.60336906,99.55651719,55.252353,0.06729065035,184.17451,182.02131,0,0,0,0,0
2026-04-18,CYQ,481230,3.565,1.257044075,129.7306579,182.9308238,101.5238253,0.1236436795,338.4127508,144.74525,0,0,0,0,0
2026-04-18,PTQ,791244,7.347,2.066846585,213.3046665,300.7770022,166.9266621,0.2032963854,556.4222069,144.595641,0,0,0,0,0
2026-04-18,HLQ,315240,2.201,0.8234535965,84.98284102,119.8327471,66.50535227,0.08099543572,221.6845076,49.11335,0,0,0,0,0
2026-04-18,TTQ,210140,0.806,0.5489168214,56.64983572,79.88089546,44.33268217,0.05399181849,147.7756072,84.863258,1,0,0,0,0
2026-04-18,PHQ,107450,0.155,0.2806753234,28.9665216,40.8451614,22.66844341,0.02760740886,75.56147804,22.208689,0,0,0,0,0
2026-04-18,KMQ,143180,0.093,0.3740073783,38.59866507,54.42727045,30.20630738,0.03678761098,100.6876913,44.89,0,0,0,0,0
2026-04-18,MZQ,14130,0.093,0.03690965397,3.809185204,5.371262268,2.980968873,0.003630457768,9.936562911,0,0,0,0,0,0
2026-04-19,TPC,2465110,27.115,8.339334066,765.7588228,928.6217946,492.2920021,0.4222447628,1510.791761,266.652535,1,0,0,0,0
2026-04-19,NTPC,4041120,57.6334,13.67089082,1255.328685,1522.314261,807.0272952,0.6921970038,2476.680879,541.334494,1,0,0,0,0
2026-04-19,KLC,361050,3.6652,1.221412661,112.1561403,136.0097111,72.10308156,0.06184367903,221.2766836,88.042229,0,0,0,0,0
2026-04-19,TYC,2332150,43.8702,7.889537563,724.4562874,878.5349613,465.7393758,0.3994702563,1429.304577,356.583917,1,0,0,0,0
2026-04-19,HCC,457320,7.7418,1.547088874,142.061338,172.2752003,91.32857293,0.07833361389,280.2776705,80.938174,0,0,0,0,0
2026-04-19,HSQ,593210,11.4444,2.006797409,184.2740451,223.4657824,118.4663316,0.1016099954,363.5605635,95.060866,0,0,0,0,0
2026-04-19,ILQ,448110,7.2556,1.515931941,139.2003546,168.8057378,89.48930031,0.07675604767,274.6331386,102.108142,0,0,0,0,0
2026-04-19,TCC,2854310,67.2078,9.655976657,886.6594454,1075.23578,570.0167476,0.4889102105,1749.320733,699.786869,0,0,0,0,0
2026-04-19,MLQ,531090,12.4542,1.796648802,164.9771626,200.064804,106.0607273,0.09096955961,325.4890843,153.330173,0,0,0,0,0
2026-04-19,CHQ,1224190,12.7534,4.141368689,380.2809178,461.1597514,244.4754782,0.2096895539,750.2692238,359.063058,0,0,0,0,0
2026-04-19,NTQ,473460,3.366,1.601689623,147.0750483,178.3552356,94.55179336,0.08109820876,290.169391,181.132452,0,0,0,0,0
2026-04-19,YLQ,654120,3.8148,2.212852651,203.1950546,246.4109465,130.6302942,0.1120431722,400.8904702,165.127068,1,0,0,0,0
2026-04-19,TNC,1857211,39.644,6.282844563,576.9218043,699.6225774,370.8922205,0.318118712,1138.228752,599.50129,3,0,0,0,0
2026-04-19,KSC,2735462,54.3796,9.253920288,849.7406448,1030.465023,546.2823423,0.468552926,1676.482369,716.720806,3,0,0,0,0
2026-04-19,CYC,261900,4.4132,0.8859935629,81.35630284,98.65930852,52.30244304,0.04486043356,160.5106313,150.919341,0,0,0,0,0
2026-04-19,CYQ,481230,4.301,1.627975114,149.4887118,181.2822415,96.10349242,0.08242911968,294.9313902,170.646224,0,0,0,0,0
2026-04-19,PTQ,791244,8.8638,2.676735741,245.79109,298.0663838,158.0144874,0.1355309236,484.9296447,173.886133,0,0,0,0,0
2026-04-19,HLQ,315240,2.6554,1.066439904,97.92577666,118.752808,62.95464736,0.05399695715,193.2011127,57.207558,0,0,0,0,0
2026-04-19,TTQ,210140,0.9724,0.7108922768,65.27763833,79.16100455,41.96577083,0.03599454566,128.7884844,76.084088,0,0,0,0,0
2026-04-19,PHQ,107450,0.187,0.36349755,33.37813952,40.47706262,21.45818062,0.01840493924,65.85287259,31.2,0,0,0,0,0
2026-04-19,KMQ,143180,0.1122,0.4843702113,44.47726399,53.93676897,28.59359983,0.02452507399,87.75071473,43.859028,0,0,0,0,0
2026-04-19,MZQ,14130,0.1122,0.04780102728,4.389326304,5.322856164,2.821815655,0.002420305179,8.659851929,0,0,0,0,0,0
2026-04-20,TPC,2465110,17.3275,5.91142668,898.0438845,922.710368,470.4883382,0.7389283349,1497.174368,241.05961,0,0,0,0,0
2026-04-20,NTPC,4041120,36.8299,9.690758053,1472.187084,1512.623502,771.2839724,1.211344757,2454.357526,473.117982,1,0,0,0,0
2026-04-20,KLC,361050,2.3422,0.8658115064,131.5311465,135.1438996,68.90962858,0.1082264383,219.2822249,93.208311,0,0,0,0,0
2026-04-20,TYC,2332150,28.0347,5.592583589,849.606324,872.9423777,445.1117305,0.6990729486,1416.421661,346.199244,0,0,0,0,0
2026-04-20,HCC,457320,4.9473,1.096670594,166.6024759,171.1785298,87.28362094,0.1370838243,277.7514114,41.17,0,0,0,0,0
2026-04-20,HSQ,593210,7.3134,1.422539936,216.1074405,222.0432424,113.2194454,0.1778174919,360.2836412,72.327355,4,0,0,0,0
2026-04-20,ILQ,448110,4.6366,1.074584667,163.2472568,167.7311532,85.5258099,0.1343230834,272.157756,130.545931,0,0,0,0,0
2026-04-20,TCC,2854310,42.9483,6.844742947,1039.830125,1068.391037,544.7706466,0.8555928684,1733.553379,623.058057,3,0,0,0,0
2026-04-20,MLQ,531090,7.9587,1.273573835,193.4770159,198.7912301,101.3632866,0.1591967293,322.555316,141.46021,0,0,0,0,0
2026-04-20,CHQ,1224190,8.1499,2.935653755,445.9745581,458.2240976,233.6476339,0.3669567193,743.5067357,290.549768,0,0,0,0,0
2026-04-20,NTQ,473460,2.151,1.135374923,172.4823061,177.2198607,90.36408461,0.1419218653,287.5539737,92.342837,0,0,0,0,0
2026-04-20,YLQ,654120,2.4378,1.568604411,238.2970601,244.8423421,124.8446649,0.1960755514,397.2770779,67.98521,1,0,0,0,0
2026-04-20,TNC,1857211,25.334,4.453661968,676.5852156,695.1689155,354.4653655,0.5567077461,1127.969423,499.15884,0,0,0,0,0
2026-04-20,KSC,2735462,34.7506,6.559740964,996.533591,1023.905282,522.0874406,0.8199676205,1661.371537,615.054958,2,0,0,0,0
2026-04-20,CYC,261900,2.8202,0.6280460699,95.41062807,98.03126245,49.9859624,0.07850575874,159.0638823,139.250434,1,0,0,0,0
2026-04-20,CYQ,481230,2.7485,1.154007676,175.3129307,180.1282338,91.84705875,0.1442509594,292.2730511,137.318669,3,0,0,0,0
2026-04-20,PTQ,791244,5.6643,1.897432931,288.2515731,296.1689508,151.0160093,0.2371791163,480.5587724,87.367273,0,0,0,0,0
2026-04-20,HLQ,315240,1.6969,0.7559574001,114.8424834,117.9968506,60.16637949,0.09449467501,191.4597108,35.766312,0,0,0,0,0
2026-04-20,TTQ,210140,0.6214,0.5039236393,76.55436954,78.65708091,40.10710248,0.06299045491,127.6276603,77.064539,0,0,0,0,0
2026-04-20,PHQ,107450,0.1195,0.2576691493,39.14422293,40.21939347,20.50779557,0.03220864367,65.2593133,39.697986,0,0,0,0,0
2026-04-20,KMQ,143180,0.0717,0.3433510358,52.16072442,53.59341793,27.32718632,0.04291887948,86.9597811,41.916057,0,0,0,0,0
2026-04-20,MZQ,14130,0.0717,0.0338842725,5.147583714,5.288971891,2.696837147,0.004235534062,8.581797087,0,0,0,0,0,0
2026-04-21,TPC,2465110,22.5475,6.333671442,518.2188862,920.5991441,505.6676606,0.7389283349,1408.186284,239.381573,0,0,0,0,0
2026-04-21,NTPC,4041120,47.9251,10.38295506,849.5299217,1509.162517,828.9543658,1.211344757,2308.477008,521.835526,0,0,0,0,0
2026-04-21,KLC,361050,3.0478,0.9276551855,75.90043806,134.8346812,74.0621347,0.1082264383,206.2486696,92.347685,0,0,0,0,0
2026-04-21,TYC,2332150,36.4803,5.992053845,490.2678483,870.9450264,478.3935949,0.6990729486,1332.233305,350.064876,0,0,0,0,0
2026-04-21,HCC,457320,6.4377,1.175004208,96.13845266,170.7868617,93.80998599,0.1370838243,261.2426023,87.078714,0,0,0,0,0
2026-04-21,HSQ,593210,9.5166,1.524149931,124.7054393,221.5351925,121.6850822,0.1778174919,338.8693347,100.782996,0,0,0,0,0
2026-04-21,ILQ,448110,6.0334,1.151340715,94.20231352,167.3473729,91.92074001,0.1343230834,255.981419,94.825332,0,0,0,0,0
2026-04-21,TCC,2854310,55.8867,7.333653157,600.0370568,1065.946486,585.5042008,0.8555928684,1630.515552,638.474792,3,0,0,0,0
2026-04-21,MLQ,531090,10.3563,1.364543394,111.6464857,198.3363823,108.9424155,0.1591967293,303.3834813,156.500209,0,0,0,0,0
2026-04-21,CHQ,1224190,10.6051,3.145343308,257.350941,457.1756499,251.1179191,0.3669567193,699.3146622,301.56249,2,0,0,0,0
2026-04-21,NTQ,473460,2.799,1.216473131,99.53142613,176.8143697,97.12078187,0.1419218653,270.4625262,140.204834,0,0,0,0,0
2026-04-21,YLQ,654120,3.1722,1.680647583,137.510025,244.2821262,134.1795417,0.1960755514,373.6639793,151.119677,0,0,0,0,0
2026-04-21,TNC,1857211,32.966,4.77178068,390.4255047,693.5783219,380.969426,0.5567077461,1060.925905,511.252346,1,0,0,0,0
2026-04-21,KSC,2735462,45.2194,7.02829389,575.0526633,1021.562517,561.1249276,0.8199676205,1562.624008,609.154003,1,0,0,0,0
2026-04-21,CYC,261900,3.6698,0.6729065035,55.05698581,97.80696028,53.72350942,0.07850575874,149.6095459,144.258429,1,0,0,0,0
2026-04-21,CYQ,481230,3.5765,1.236436795,101.1648464,179.7160882,98.71464086,0.1442509594,274.9011141,138.971893,0,0,0,0,0
2026-04-21,PTQ,791244,7.3707,2.032963854,166.3364249,295.4912962,162.3077682,0.2371791163,451.9956303,139.144121,1,0,0,0,0
2026-04-21,HLQ,315240,2.2081,0.8099543572,66.27019552,117.7268658,64.66513597,0.09449467501,180.0798521,47.839471,1,0,0,0,0
2026-04-21,TTQ,210140,0.8086,0.5399181849,44.17592592,78.47710818,43.10598805,0.06299045491,120.0418098,104.299972,0,0,0,0,0
2026-04-21,PHQ,107450,0.1555,0.2760740886,22.5882899,40.12736877,22.04120308,0.03220864367,61.38047236,33.95,0,0,0,0,0
2026-04-21,KMQ,143180,0.0933,0.3678761098,30.09950068,53.47079256,29.37049286,0.04291887948,81.79112175,53.980336,0,0,0,0,0
2026-04-21,MZQ,14130,0.0933,0.03630457768,2.970428444,5.276870366,2.898484873,0.004235534062,8.07171777,0,0,0,0,0,0
2026-04-22,TPC,2465110,19.9375,5.172498345,736.1309634,910.0430251,489.4481837,0.6333671442,1170.040238,250.352454,2,0,0,0,0
2026-04-22,NTPC,4041120,42.3775,8.479413296,1206.758951,1491.857592,802.3653484,1.038295506,1918.077897,456.736042,0,0,0,0,0
2026-04-22,KLC,361050,2.695,0.7575850681,107.8167239,133.2885892,71.68656438,0.09276551855,171.3688346,81.910259,2,0,0,0,0
2026-04-22,TYC,2332150,32.2575,4.89351064,696.4264582,860.95827,463.0489437,0.5992053845,1106.93208,328.447275,1,0,0,0,0
2026-04-22,HCC,457320,5.6925,0.9595867701,136.5648641,168.8285213,90.80099604,0.1175004208,217.0624441,73.287105,3,0,0,0,0
2026-04-22,HSQ,593210,8.415,1.244722444,177.1443257,218.9949426,117.7819882,0.1524149931,281.5612972,85.935833,0,0,0,0,0
2026-04-22,ILQ,448110,5.335,0.9402615839,133.8145746,165.4284717,88.97234833,0.1151340715,212.6910081,85.104957,1,0,0,0,0
2026-04-22,TCC,2854310,49.4175,5.989150078,852.3538382,1053.723731,566.7239373,0.7333653157,1354.770193,691.398022,1,0,0,0,0
2026-04-22,MLQ,531090,9.1575,1.114377105,158.594056,196.0621433,105.4480473,0.1364543394,252.0766497,138.943959,0,0,0,0,0
2026-04-22,CHQ,1224190,9.3775,2.568697035,365.567526,451.933411,243.0632191,0.3145343308,581.0497538,295.326405,0,0,0,0,0
2026-04-22,NTQ,473460,2.475,0.9934530574,141.3845897,174.7869144,94.00559693,0.1216473131,224.7231365,172.714126,0,0,0,0,0
2026-04-22,YLQ,654120,2.805,1.37252886,195.3332654,241.4810469,129.8756834,0.1680647583,310.4716302,178.31707,0,0,0,0,0
2026-04-22,TNC,1857211,29.15,3.896954222,554.6002096,685.6253541,368.7496909,0.477178068,881.506951,526.736044,1,0,0,0,0
2026-04-22,KSC,2735462,39.985,5.739773343,816.8634574,1009.848694,543.1266383,0.702829389,1298.360158,598.651229,0,0,0,0,0
2026-04-22,CYC,261900,3.245,0.5495403112,78.20855837,96.68544944,52.00030802,0.06729065035,124.3082614,145.230354,0,0,0,0,0
2026-04-22,CYQ,481230,3.1625,1.009756716,143.7048665,177.6553602,95.5483323,0.1236436795,228.4110906,146.705134,0,0,0,0,0
2026-04-22,PTQ,791244,6.5175,1.660253814,236.281224,292.1030231,157.1016866,0.2032963854,375.5561893,149.514599,1,0,0,0,0
2026-04-22,HLQ,315240,1.9525,0.6614627251,94.13694517,116.3769419,62.59097785,0.08099543572,149.6255683,48.209287,0,0,0,0,0
2026-04-22,TTQ,210140,0.715,0.4409331844,62.75199105,77.57724454,41.72334756,0.05399181849,99.74088603,92.240124,0,0,0,0,0
2026-04-22,PHQ,107450,0.1375,0.2254605057,32.08671094,39.66724529,21.33422336,0.02760740886,51.00008663,49.478885,0,0,0,0,0
2026-04-22,KMQ,143180,0.0825,0.3004321564,42.75640087,52.85766572,28.42842345,0.03678761098,67.95898002,72.021108,0,0,0,0,0
2026-04-22,MZQ,14130,0.0825,0.02964873844,4.219499541,5.216362736,2.8055149,0.003630457768,6.70666565,0,0,0,0,0,0
2026-04-23,TPC,2465110,19.2125,5.172498345,755.5721679,909.0929744,476.249868,0.5278059535,1305.053001,208.037049,1,0,0,0,0
2026-04-23,NTPC,4041120,40.8365,8.479413296,1238.629432,1490.300149,780.7290005,0.8652462547,2139.407889,415.530003,4,0,0,0,0
2026-04-23,KLC,361050,2.597,0.7575850681,110.6641615,133.149441,69.75348558,0.07730459879,191.143351,88.004137,0,0,0,0,0
2026-04-23,TYC,2332150,31.0845,4.89351064,714.8190674,860.0594619,450.5625021,0.4993378204,1234.662695,336.785331,0,0,0,0,0
2026-04-23,HCC,457320,5.4855,0.9595867701,140.1715395,168.6522707,88.35248311,0.09791701736,242.1096171,79.967796,0,0,0,0,0
2026-04-23,HSQ,593210,8.109,1.244722444,181.8227039,218.7663201,114.6059138,0.1270124942,314.0510933,89.386215,1,0,0,0,0
2026-04-23,ILQ,448110,5.141,0.9402615839,137.3486149,165.2557706,86.57314617,0.09594505959,237.2337543,93.922573,0,0,0,0,0
2026-04-23,TCC,2854310,47.6205,5.989150078,874.8644866,1052.623683,551.4418264,0.6111377631,1511.099233,633.453215,1,0,0,0,0
2026-04-23,MLQ,531090,8.8245,1.114377105,162.7825219,195.8574618,102.6045663,0.1137119495,281.1641664,141.074358,1,0,0,0,0
2026-04-23,CHQ,1224190,9.0365,2.568697035,375.2221573,451.4616095,236.5088478,0.2621119424,648.0979887,301.093718,1,0,0,0,0
2026-04-23,NTQ,473460,2.385,0.9934530574,145.118554,174.6044435,91.47066967,0.101372761,250.6542887,157.576624,0,0,0,0,0
2026-04-23,YLQ,654120,2.703,1.37252886,200.4920131,241.2289498,126.3734939,0.1400539653,346.2974345,169.808648,3,0,0,0,0
2026-04-23,TNC,1857211,28.09,3.896954222,569.2471904,684.909587,358.8060953,0.39764839,983.2254092,583.636297,0,0,0,0,0
2026-04-23,KSC,2735462,38.531,5.739773343,838.4368055,1008.79445,528.4808452,0.5856911575,1448.179956,619.509235,1,0,0,0,0
2026-04-23,CYC,261900,3.127,0.5495403112,80.27404488,96.58451346,50.59808302,0.05607554196,138.652385,152.554094,0,0,0,0,0
2026-04-23,CYQ,481230,3.0475,1.009756716,147.5001093,177.4698947,92.97180409,0.1030363996,254.7678017,153.223284,0,0,0,0,0
2026-04-23,PTQ,791244,6.2805,1.660253814,242.5214065,291.7980785,152.8653287,0.1694136545,418.8922022,158.832788,0,0,0,0,0
2026-04-23,HLQ,315240,1.8815,0.6614627251,96.62310007,116.2554487,60.90316797,0.06749619643,166.8910953,54.994103,0,0,0,0,0
2026-04-23,TTQ,210140,0.689,0.4409331844,64.40926991,77.49625681,40.59824805,0.04499318208,111.250142,84.290425,0,0,0,0,0
2026-04-23,PHQ,107450,0.1325,0.2254605057,32.93412036,39.62583418,20.75893097,0.02300617405,56.88506595,38.945788,0,0,0,0,0
2026-04-23,KMQ,143180,0.0795,0.3004321564,43.88559658,52.8024843,27.66183095,0.03065634249,75.80087243,54.024252,0,0,0,0,0
2026-04-23,MZQ,14130,0.0795,0.02964873844,4.330936442,5.210917049,2.729862211,0.003025381473,7.480558231,0,0,0,0,0,0
2026-04-24,TPC,2465110,22.6925,6.122549061,713.5556471,907.2984341,489.0956093,0.5278059535,1281.723978,228.086359,0,0,0,0,0
2026-04-24,NTPC,4041120,48.2333,10.03685655,1169.750639,1487.358312,801.7873639,0.8652462547,2101.164005,415.933627,1,0,0,0,0
2026-04-24,KLC,361050,3.0674,0.896733346,104.5102516,132.8866053,71.63492491,0.07730459879,187.7264877,85.0937,0,0,0,0,0
2026-04-24,TYC,2332150,36.7149,5.792318717,675.0687809,858.3617133,462.715386,0.4993378204,1212.591963,325.22341,2,0,0,0,0
2026-04-24,HCC,457320,6.4791,1.135837401,132.3767574,168.3193528,90.73558747,0.09791701736,237.781685,79.606025,0,0,0,0,0
2026-04-24,HSQ,593210,9.5778,1.473344933,171.7117473,218.3344776,117.6971439,0.1270124942,308.437141,89.768615,1,0,0,0,0
2026-04-24,ILQ,448110,6.0722,1.112962691,129.7108125,164.9295574,88.90825703,0.09594505959,232.9929827,87.260414,0,0,0,0,0
2026-04-24,TCC,2854310,56.2461,7.089198052,826.2142538,1050.545815,566.3156973,0.6111377631,1484.086944,656.65691,2,0,0,0,0
2026-04-24,MLQ,531090,10.4229,1.319058614,153.7303685,195.4708412,105.3720877,0.1137119495,276.1380982,152.63434,3,0,0,0,0
2026-04-24,CHQ,1224190,10.6733,3.040498531,354.356474,450.5704289,242.8881283,0.2621119424,636.5126408,203.795525,0,0,0,0,0
2026-04-24,NTQ,473460,2.817,1.175924027,137.048674,174.2597761,93.93787992,0.101372761,246.1736127,116.893538,0,0,0,0,0
2026-04-24,YLQ,654120,3.1926,1.624625997,189.3428772,240.7527663,129.7821273,0.1400539653,340.1070493,146.82152,0,0,0,0,0
2026-04-24,TNC,1857211,33.178,4.612721324,537.5919926,683.5575825,368.4840618,0.39764839,965.6493504,600.842726,0,0,0,0,0
2026-04-24,KSC,2735462,45.5102,6.794017427,791.8122752,1006.8031,542.7353966,0.5856911575,1422.292407,459.885721,2,0,0,0,0
2026-04-24,CYC,261900,3.6934,0.6504762867,75.81009528,96.39385662,51.96284956,0.05607554196,136.1738461,152.757953,0,0,0,0,0
2026-04-24,CYQ,481230,3.5995,1.195222235,139.2977936,177.1195709,95.47950398,0.1030363996,250.2135928,168.369937,0,0,0,0,0
2026-04-24,PTQ,791244,7.4181,1.965198392,229.0350631,291.2220721,156.9885183,0.1694136545,411.4041186,149.094096,1,0,0,0,0
2026-04-24,HLQ,315240,2.2223,0.7829558786,91.24999785,116.0259617,62.5458904,0.06749619643,163.9077634,49.078582,0,0,0,0,0
2026-04-24,TTQ,210140,0.8138,0.5219209121,60.82754266,77.34327999,41.69329212,0.04499318208,109.2614434,77.821761,1,0,0,0,0
2026-04-24,PHQ,107450,0.1565,0.266871619,31.10269087,39.54761319,21.31885523,0.02300617405,55.86819306,48.517026,0,0,0,0,0
2026-04-24,KMQ,143180,0.0939,0.3556135728,41.44516778,52.69825273,28.40794502,0.03065634249,74.44586209,27.153911,0,0,0,0,0
2026-04-24,MZQ,14130,0.0939,0.03509442509,4.090097924,5.200630752,2.803493945,0.003025381473,7.34683637,0,0,0,0,0,0
2026-04-25,TPC,2465110,30.305,4.5391312,542.1918326,893.0476734,294.4692751,0.4222447628,831.1888156,309.586925,6,0,0,0,0
2026-04-25,NTPC,4041120,64.4138,7.44111779,888.8294066,1463.996663,482.7312685,0.6921970038,1362.589802,573.844616,3,0,0,0,0
2026-04-25,KLC,361050,4.0964,0.6648195496,79.41161293,130.7993812,43.12916332,0.06184367903,121.7392822,95.878732,0,0,0,0,0
2026-04-25,TYC,2332150,49.0314,4.294305256,512.9477721,844.8795922,278.5865621,0.3994702563,786.3571996,332.381393,4,0,0,0,0
2026-04-25,HCC,457320,8.6526,0.8420863493,100.5858436,165.6755934,54.62907899,0.07833361389,154.1997189,81.715141,0,0,0,0,0
2026-04-25,HSQ,593210,12.7908,1.092307451,130.4743468,214.9051403,70.86179469,0.1016099954,200.0192759,103.014799,0,0,0,0,0
2026-04-25,ILQ,448110,8.1092,0.8251275124,98.56013813,162.3390408,53.52890008,0.07675604767,151.0942798,102.256164,1,0,0,0,0
2026-04-25,TCC,2854310,75.1146,5.255784763,627.794934,1034.045095,340.9610917,0.4889102105,962.4197493,620.206607,7,0,0,0,0
2026-04-25,MLQ,531090,13.9194,0.9779227658,116.8112824,192.4006186,63.44126118,0.09096955961,179.0735781,172.151391,1,0,0,0,0
2026-04-25,CHQ,1224190,14.2538,2.254162704,269.2560655,443.4934065,146.235398,0.2096895539,412.7738868,248.194349,1,0,0,0,0
2026-04-25,NTQ,473460,3.762,0.8718057442,104.1357769,171.5227115,56.55707981,0.08109820876,159.641824,153.734506,0,0,0,0,0
2026-04-25,YLQ,654120,4.2636,1.204464101,143.8712761,236.9713092,78.13778787,0.1120431722,220.5569845,147.599495,0,0,0,0,0
2026-04-25,TNC,1857211,44.308,3.419776154,408.4866946,672.8210759,221.8528086,0.318118712,626.2166846,502.546644,0,0,0,0,0
2026-04-25,KSC,2735462,60.7772,5.036943954,601.6547557,990.9894385,326.7641251,0.468552926,922.3464348,653.208999,0,0,0,0,0
2026-04-25,CYC,261900,4.9324,0.4822496608,57.60393693,94.87981699,31.28521776,0.04486043356,88.30776347,152.64884,0,0,0,0,0
2026-04-25,CYQ,481230,4.807,0.8861130366,105.8447597,174.3375881,57.48524377,0.08242911968,162.2617221,110.959381,0,0,0,0,0
2026-04-25,PTQ,791244,9.9066,1.456957429,174.0311931,286.6479034,94.51791082,0.1355309236,266.7926231,154.371795,0,0,0,0,0
2026-04-25,HLQ,315240,2.9678,0.5804672893,69.33587276,114.2035644,37.65693794,0.05399695715,106.2930101,49.324466,0,0,0,0,0
2026-04-25,TTQ,210140,1.0868,0.3869413659,46.21951625,76.12846408,25.1022362,0.03599454566,70.85526314,86.501719,0,0,0,0,0
2026-04-25,PHQ,107450,0.209,0.1978530968,23.63323033,38.92644649,12.83542058,0.01840493924,36.23012289,38.991524,0,0,0,0,0
2026-04-25,KMQ,143180,0.1254,0.2636445454,31.49191176,51.87053149,17.10354135,0.02452507399,48.27760815,43.120976,0,0,0,0,0
2026-04-25,MZQ,14130,0.1254,0.02601828067,3.107841271,5.118945453,1.687896628,0.002420305179,4.764370744,0,0,0,0,0,0
2026-04-26,TPC,2465110,24.36,5.700304298,659.2043013,892.5198674,299.8571183,0,783.3695962,238.190292,1,0,0,0,0
2026-04-26,NTPC,4041120,51.7776,9.344659551,1080.65104,1463.131417,491.5637022,0,1284.198491,428.737359,1,0,0,0,0
2026-04-26,KLC,361050,3.2928,0.8348896669,96.54973327,130.7220766,43.91828866,0,114.7354855,71.502177,0,0,0,0,0
2026-04-26,TYC,2332150,39.4128,5.392848461,623.6489695,844.3802544,283.6838025,0,741.1171931,322.19716,0,0,0,0,0
2026-04-26,HCC,457320,6.9552,1.057503788,122.2936547,165.5776764,55.6286159,0,145.3284372,67.79811,0,0,0,0,0
2026-04-26,HSQ,593210,10.2816,1.371734938,158.6325087,214.7781278,72.15833823,0,188.511944,115.970941,5,0,0,0,0
2026-04-26,ILQ,448110,6.5184,1.036206644,119.8307741,162.2430958,54.50830725,0,142.4016574,94.854245,0,0,0,0,0
2026-04-26,TCC,2854310,60.3792,6.600287842,763.2817315,1033.433957,347.199586,0,907.050668,671.932047,1,0,0,0,0
2026-04-26,MLQ,531090,11.1888,1.228089055,142.0207668,192.2869066,64.60203276,0,168.7712755,161.448065,2,0,0,0,0
2026-04-26,CHQ,1224190,11.4576,2.830808978,327.3652346,443.2312945,148.9110367,0,389.0265449,346.169822,0,0,0,0,0
2026-04-26,NTQ,473460,3.024,1.094825818,126.6097125,171.4213388,57.59189295,0,150.4574518,113.750201,0,0,0,0,0
2026-04-26,YLQ,654120,3.4272,1.512582825,174.92068,236.8312553,79.56745875,0,207.8680953,126.168919,0,0,0,0,0
2026-04-26,TNC,1857211,35.616,4.294602612,496.643752,672.4234276,225.9120033,0,590.1897405,671.444656,3,0,0,0,0
2026-04-26,KSC,2735462,48.8544,6.325464501,731.5001425,990.4037473,332.7428604,0,869.282816,658.266184,1,0,0,0,0
2026-04-26,CYC,261900,3.9648,0.6056158531,70.03566028,94.82374145,31.8576369,0,83.22731937,150.571939,1,0,0,0,0
2026-04-26,CYQ,481230,3.864,1.112793116,128.6875174,174.2345517,58.53703934,0,152.9266243,198.927117,0,0,0,0,0
2026-04-26,PTQ,791244,7.9632,1.829667469,211.5895226,286.4784898,96.24728541,0,251.443746,122.240171,3,0,0,0,0
2026-04-26,HLQ,315240,2.3856,0.7289589215,84.29950953,114.1360682,38.34593912,0,100.1778547,35.294898,0,0,0,0,0
2026-04-26,TTQ,210140,0.8736,0.4859263665,56.19432474,76.0834709,25.5615266,0,66.77888084,63.246687,0,0,0,0,0
2026-04-26,PHQ,107450,0.168,0.2484666797,28.73360709,38.90344031,13.0702676,0,34.14576352,48.765784,0,0,0,0,0
2026-04-26,KMQ,143180,0.1008,0.3310884989,38.28830026,51.83987514,17.41648129,0,45.50014352,34.360161,0,0,0,0,0
2026-04-26,MZQ,14130,0.1008,0.03267411991,3.778556242,5.115920071,1.718779723,0,4.490271183,0,0,0,0,0,0
2026-04-27,TPC,2465110,31.5375,4.855814772,911.103915,889.7752765,455.1492416,0.4222447628,1244.249755,237.268334,0,0,0,0,0
2026-04-27,NTPC,4041120,67.0335,7.960265543,1493.596737,1458.632136,746.1381858,0.6921970038,2039.731521,479.720444,2,0,0,0,0
2026-04-27,KLC,361050,4.263,0.7112023089,133.4439715,130.3200926,66.66300233,0.06184367903,182.2378612,87.636109,0,0,0,0,0
2026-04-27,TYC,2332150,51.0255,4.593907948,861.961939,841.7836977,430.5999747,0.3994702563,1177.138978,319.025375,1,0,0,0,0
2026-04-27,HCC,457320,9.0045,0.9008365597,169.0253345,165.0685079,84.43795659,0.07833361389,230.8295767,65.730212,0,0,0,0,0
2026-04-27,HSQ,593210,13.311,1.168514947,219.2502377,214.1176628,109.5282083,0.1016099954,299.4192539,81.322435,0,0,0,0,0
2026-04-27,ILQ,448110,8.439,0.8826945482,165.6213213,161.7441815,82.73745457,0.07675604767,226.1808835,94.648251,0,0,0,0,0
2026-04-27,TCC,2854310,78.1695,5.622467421,1054.952118,1030.256041,527.0097609,0.4889102105,1440.696163,632.101873,1,0,0,0,0
2026-04-27,MLQ,531090,14.4855,1.046149936,196.2907044,191.6956045,98.05858997,0.09096955961,268.0645498,129.997126,1,0,0,0,0
2026-04-27,CHQ,1224190,14.8335,2.41142987,452.460256,441.8683124,226.0301366,0.2096895539,617.9026929,347.927572,0,0,0,0,0
2026-04-27,NTQ,473460,3.915,0.9326294008,174.9906737,170.8942004,87.41798943,0.08109820876,238.9761467,132.430802,0,0,0,0,0
2026-04-27,YLQ,654120,4.437,1.28849648,241.7625554,236.1029747,120.7744165,0.1120431722,330.1632177,149.942903,0,0,0,0,0
2026-04-27,TNC,1857211,46.11,3.658365188,686.4246274,670.3556559,342.908908,0.318118712,937.4163147,518.068015,3,0,0,0,0
2026-04-27,KSC,2735462,63.249,5.388358649,1011.025933,987.3581533,505.0660841,0.468552926,1380.708335,579.16437,4,0,0,0,0
2026-04-27,CYC,261900,5.133,0.515894986,96.79816128,94.53214863,48.356295,0.04486043356,132.1924826,135.164063,1,0,0,0,0
2026-04-27,CYQ,481230,5.0025,0.9479348763,177.8624634,173.6987624,88.8526149,0.08242911968,242.8980084,129.564706,0,0,0,0,0
2026-04-27,PTQ,791244,10.3095,1.558605622,292.4435446,285.5975388,146.0925097,0.1355309236,399.3757492,164.723225,2,0,0,0,0
2026-04-27,HLQ,315240,3.0885,0.6209650072,116.5126092,113.7850879,58.20480503,0.05399695715,159.1155335,36.882668,0,0,0,0,0
2026-04-27,TTQ,210140,1.131,0.4139372751,77.66768084,75.84950635,38.79951062,0.03599454566,106.0669274,84.848895,1,0,0,0,0
2026-04-27,PHQ,107450,0.2175,0.2116568012,39.7134877,38.78380821,19.83919014,0.01840493924,54.2347547,43.549181,0,0,0,0,0
2026-04-27,KMQ,143180,0.1305,0.2820383509,52.91928496,51.68046216,26.43625169,0.02452507399,72.26926178,51.195869,1,0,0,0,0
2026-04-27,MZQ,14130,0.1305,0.02783350955,5.222443753,5.100188088,2.60891351,0.002420305179,7.132034285,0,0,0,0,0,0
2026-04-28,TPC,2465110,20.155,5.172498345,659.4048675,886.186196,377.930175,0.4222447628,1259.76725,237.168338,0,0,0,0,0
2026-04-28,NTPC,4041120,42.8398,8.479413296,1080.979834,1452.748462,619.5509282,0.6921970038,2065.169761,443.573986,1,0,0,0,0
2026-04-28,KLC,361050,2.7244,0.7575850681,96.57910902,129.7944214,55.35318492,0.06184367903,184.5106164,84.914095,3,0,0,0,0
2026-04-28,TYC,2332150,32.6094,4.89351064,623.8387179,838.3882005,357.5458529,0.3994702563,1191.81951,311.61529,8,0,0,0,0
2026-04-28,HCC,457320,5.7546,0.9595867701,122.3308631,164.4026722,70.11250111,0.07833361389,233.708337,74.261161,1,0,0,0,0
2026-04-28,HSQ,593210,8.5068,1.244722444,158.6807735,213.2539778,90.94602638,0.1016099954,303.1534213,97.67613,0,0,0,0,0
2026-04-28,ILQ,448110,5.3932,0.9402615839,119.8672332,161.091755,68.70050047,0.07675604767,229.0016682,96.419935,0,0,0,0,0
2026-04-28,TCC,2854310,49.9566,5.989150078,763.5139639,1026.100304,437.5990839,0.4889102105,1458.663613,626.10365,1,0,0,0,0
2026-04-28,MLQ,531090,9.2574,1.114377105,142.0639773,190.9223632,81.42230433,0.09096955961,271.4076811,129.103072,1,0,0,0,0
2026-04-28,CHQ,1224190,9.4798,2.568697035,327.4648372,440.0859512,187.6826352,0.2096895539,625.608784,282.676241,0,0,0,0,0
2026-04-28,NTQ,473460,2.502,0.9934530574,126.6482342,170.2048656,72.58695175,0.08109820876,241.9565058,157.010684,0,0,0,0,0
2026-04-28,YLQ,654120,2.8356,1.37252886,174.9739005,235.1506077,100.2842413,0.1120431722,334.2808043,167.998245,2,0,0,0,0
2026-04-28,TNC,1857211,29.468,3.896954222,496.7948584,667.6516469,284.7321532,0.318118712,949.1071773,517.983939,0,0,0,0,0
2026-04-28,KSC,2735462,40.4212,5.739773343,731.7227052,983.3754534,419.3782964,0.468552926,1397.927655,574.483881,2,0,0,0,0
2026-04-28,CYC,261900,3.2804,0.5495403112,70.05696898,94.15083494,40.15233106,0.04486043356,133.8411035,143.990741,0,0,0,0,0
2026-04-28,CYQ,481230,3.197,1.009756716,128.7266712,172.9981149,73.77818357,0.08242911968,245.9272786,117.600145,0,0,0,0,0
2026-04-28,PTQ,791244,6.5886,1.660253814,211.6538998,284.4455259,121.3069532,0.1355309236,404.3565106,140.145158,0,0,0,0,0
2026-04-28,HLQ,315240,1.9738,0.6614627251,84.32515808,113.3261138,48.32997649,0.05399695715,161.0999216,40.036877,0,0,0,0,0
2026-04-28,TTQ,210140,0.7228,0.4409331844,56.21142215,75.54355271,32.2169181,0.03599454566,107.389727,87.686217,0,0,0,0,0
2026-04-28,PHQ,107450,0.139,0.2254605057,28.74234944,38.62736623,16.47334087,0.01840493924,54.91113622,46.338112,1,0,0,0,0
2026-04-28,KMQ,143180,0.0834,0.3004321564,38.29994967,51.47199903,21.95116747,0.02452507399,73.17055825,57.265695,0,0,0,0,0
2026-04-28,MZQ,14130,0.0834,0.02964873844,3.779705887,5.079615493,2.16629415,0.002420305179,7.2209805,0,0,0,0,0,0
2026-04-29,TPC,2465110,19.14,4.644692391,645.6618561,884.9194617,358.2641251,0.2111223814,1194.21375,231.549235,0,0,0,0,0
2026-04-29,NTPC,4041120,40.6824,7.614167041,1058.450552,1450.671871,587.3118528,0.3460985019,1957.706176,440.356137,0,0,0,0,0
2026-04-29,KLC,361050,2.5872,0.6802804693,94.56625187,129.6088903,52.47281557,0.03092183952,174.9093852,79.72877,0,0,0,0,0
2026-04-29,TYC,2332150,30.9672,4.39417282,610.8369597,837.1897897,338.9405258,0.1997351282,1129.801753,300.181284,0,0,0,0,0
2026-04-29,HCC,457320,5.4648,0.8616697528,119.7812998,164.1676713,66.46411304,0.03916680694,221.5470435,85.804167,0,0,0,0,0
2026-04-29,HSQ,593210,8.0784,1.117709949,155.3736221,212.9491479,86.21354085,0.0508049977,287.3784695,110.074322,0,0,0,0,0
2026-04-29,ILQ,448110,5.1216,0.8443165244,117.3690157,160.8614869,65.12558755,0.03837802383,217.0852918,108.33625,0,0,0,0,0
2026-04-29,TCC,2854310,47.4408,5.378012315,747.6011588,1024.633574,414.8280908,0.2444551052,1382.760303,607.80625,1,0,0,0,0
2026-04-29,MLQ,531090,8.7912,1.000665156,139.1031456,190.6494546,77.18539709,0.0454847798,257.284657,128.033669,1,0,0,0,0
2026-04-29,CHQ,1224190,9.0024,2.306585093,320.6399664,439.4568826,177.9163442,0.1048447769,593.0544808,272.461977,2,0,0,0,0
2026-04-29,NTQ,473460,2.376,0.8920802964,124.0086902,169.961571,68.80980268,0.04054910438,229.3660089,125.628876,0,0,0,0,0
2026-04-29,YLQ,654120,2.6928,1.232474894,171.3271754,234.8144782,95.06583055,0.05602158611,316.8861018,144.439161,0,0,0,0,0
2026-04-29,TNC,1857211,27.984,3.499305832,486.4408896,666.6972907,269.9157742,0.159059356,899.7192473,508.239655,3,0,0,0,0
2026-04-29,KSC,2735462,38.3856,5.154082186,716.4724788,981.9697947,397.5554439,0.234276463,1325.184813,560.463722,0,0,0,0,0
2026-04-29,CYC,261900,3.1152,0.4934647692,68.59687402,94.01625364,38.06295637,0.02243021678,126.8765212,130.242715,0,0,0,0,0
2026-04-29,CYQ,481230,3.036,0.9067203165,126.0438094,172.7508276,69.93904732,0.04121455984,233.1301577,139.128676,0,0,0,0,0
2026-04-29,PTQ,791244,6.2568,1.49084016,207.2427071,284.0389332,114.9946004,0.06776546181,383.3153347,146.368608,1,0,0,0,0
2026-04-29,HLQ,315240,1.8744,0.5939665286,82.56769212,113.1641229,45.81506822,0.02699847857,152.7168941,46.938122,0,0,0,0,0
2026-04-29,TTQ,210140,0.6864,0.3959400023,55.03988968,75.43556907,30.54047213,0.01799727283,101.8015738,80.887724,0,0,0,0,0
2026-04-29,PHQ,107450,0.132,0.2024543316,28.14331468,38.57215141,15.61613082,0.009202469619,52.0537694,45.515865,0,0,0,0,0
2026-04-29,KMQ,143180,0.0792,0.2697758139,37.50171983,51.39842381,20.80891215,0.01226253699,69.36304051,40.003943,0,0,0,0,0
2026-04-29,MZQ,14130,0.0792,0.02662335696,3.700931004,5.072354578,2.053568436,0.001210152589,6.845228121,0,0,0,0,0,0
2026-04-30,TPC,2465110,20.735,5.172498345,585.4444749,874.046659,397.7862349,1.161173098,1325.954116,219.583179,0,0,0,0,0
2026-04-30,NTPC,4041120,44.0726,8.479413296,959.7346067,1432.847798,652.1014923,1.90354176,2173.671641,406.529418,2,0,0,0,0
2026-04-30,KLC,361050,2.8028,0.7575850681,85.7465702,128.0164156,58.26138392,0.1700701173,194.2046131,84.863553,2,0,0,0,0
2026-04-30,TYC,2332150,33.5478,4.89351064,553.8675078,826.9034306,376.3309417,1.098543205,1254.436472,299.835695,0,0,0,0,0
2026-04-30,HCC,457320,5.9202,0.9595867701,108.6099473,162.1505808,73.7961393,0.2154174382,245.987131,85.814831,0,0,0,0,0
2026-04-30,HSQ,593210,8.7516,1.244722444,140.8827667,210.3326905,95.72423641,0.2794274873,319.080788,102.374059,0,0,0,0,0
2026-04-30,ILQ,448110,5.5484,0.9402615839,106.4226439,158.8850187,72.30995361,0.2110791311,241.0331787,107.25976,0,0,0,0,0
2026-04-30,TCC,2854310,51.3942,5.989150078,677.8764514,1012.044136,460.5900865,1.344503079,1535.300288,567.379192,1,0,0,0,0
2026-04-30,MLQ,531090,9.5238,1.114377105,126.1297492,188.3069884,85.70014787,0.2501662889,285.6671596,136.185635,6,0,0,0,0
2026-04-30,CHQ,1224190,9.7526,2.568697035,290.7356149,434.0573766,197.5432865,0.5766462732,658.4776216,256.868114,0,0,0,0,0
2026-04-30,NTQ,473460,2.574,0.9934530574,112.4430719,167.8732921,76.40059502,0.2230200741,254.6686501,131.847463,0,0,0,0,0
2026-04-30,YLQ,654120,2.9172,1.37252886,155.3484185,231.9293665,105.5530715,0.3081187236,351.8435715,143.601334,0,0,0,0,0
2026-04-30,TNC,1857211,30.316,3.896954222,441.0731848,658.5057339,299.6916856,0.8748264581,998.9722855,492.594297,2,0,0,0,0
2026-04-30,KSC,2735462,41.5844,5.739773343,649.6509747,969.9045568,441.4119978,1.288520546,1471.373326,481.532849,0,0,0,0,0
2026-04-30,CYC,261900,3.3748,0.5495403112,62.19921544,92.86109748,42.26189295,0.1233661923,140.8729765,132.691825,0,0,0,0,0
2026-04-30,CYQ,481230,3.289,1.009756716,114.2883866,170.6282777,77.65441292,0.2266800791,258.8480431,121.217273,0,0,0,0,0
2026-04-30,PTQ,791244,6.7782,1.660253814,187.9143032,280.5490119,127.6802949,0.3727100399,425.6009829,143.35592,0,0,0,0,0
2026-04-30,HLQ,315240,2.0306,0.6614627251,74.86705107,111.7737013,50.8691834,0.1484916322,169.5639447,46.500783,0,0,0,0,0
2026-04-30,TTQ,210140,0.7436,0.4409331844,49.90661753,74.50870952,33.90956161,0.09898500057,113.031872,71.537071,1,0,0,0,0
2026-04-30,PHQ,107450,0.143,0.2254605057,25.51854028,38.09822422,17.33883313,0.05061358291,57.79611044,43.81,0,0,0,0,0
2026-04-30,KMQ,143180,0.0858,0.3004321564,34.00413771,50.76690316,23.10445908,0.06744395347,77.01486359,24.836026,0,0,0,0,0
2026-04-30,MZQ,14130,0.0858,0.02964873844,3.355765232,5.01003172,2.280109001,0.006655839241,7.600363337,0,0,0,0,0,0
,,,,,,,,,,,,0,0,0,0
,,,,,,,,,,,,0,0,0,0
,,,,,,,,,,,,0,0,0,0
,,,,,,,,,,,,0,0,0,0
,,,,,,,,,,,,0,0,0,0
,,,,,,,,,,,,0,0,0,0
,,,,,,,,,,,,0,0,0,0
,,,,,,,,,,,,0,0,0,0
,,,,,,,,,,,,0,0,0,0
,,,,,,,,,,,,0,0,0,0
,,,,,,,,,,,,0,0,0,0
,,,,,,,,,,,,0,0,0,0
,,,,,,,,,,,,0,0,0,0
,,,,,,,,,,,,0,0,0,0
,,,,,,,,,,,,0,0,0,0
,,,,,,,,,,,,0,0,0,0
,,,,,,,,,,,,0,0,0,0
,,,,,,,,,,,,0,0,0,0
,,,,,,,,,,,,0,0,0,0
,,,,,,,,,,,,0,0,0,0
,,,,,,,,,,,,0,0,0,0
,,,,,,,,,,,,0,0,0,0
,,,,,,,,,,,,0,0,0,0
,,,,,,,,,,,,0,0,0,0
,,,,,,,,,,,,0,0,0,0
,,,,,,,,,,,,0,0,0,0
,,,,,,,,,,,,0,0,0,0
,,,,,,,,,,,,0,0,0,0
,,,,,,,,,,,,0,0,0,0
,,,,,,,,,,,,0,0,0,0
,,,,,,,,,,,,0,0,0,0
,,,,,,,,,,,,0,0,0,0
,,,,,,,,,,,,0,0,0,0
,,,,,,,,,,,,0,0,0,0
,,,,,,,,,,,,0,0,0,0
,,,,,,,,,,,,0,0,0,0
,,,,,,,,,,,,0,0,0,0
,,,,,,,,,,,,0,0,0,0
,,,,,,,,,,,,0,0,0,0
,,,,,,,,,,,,0,0,0,0
,,,,,,,,,,,,0,0,0,0
,,,,,,,,,,,,0,0,0,0
,,,,,,,,,,,,0,0,0,0
,,,,,,,,,,,,0,0,0,0
,,,,,,,,,,,,0,0,0,0
,,,,,,,,,,,,0,0,0,0
,,,,,,,,,,,,0,0,0,0
,,,,,,,,,,,,0,0,0,0
,,,,,,,,,,,,0,0,0,0
,,,,,,,,,,,,0,0,0,0
,,,,,,,,,,,,0,0,0,0
,,,,,,,,,,,,0,0,0,0
,,,,,,,,,,,,0,0,0,0
,,,,,,,,,,,,0,0,0,0
,,,,,,,,,,,,0,0,0,0
,,,,,,,,,,,,0,0,0,0
,,,,,,,,,,,,0,0,0,0
,,,,,,,,,,,,0,0,0,0
,,,,,,,,,,,,0,0,0,0
,,,,,,,,,,,,0,0,0,0
,,,,,,,,,,,,0,0,0,0
,,,,,,,,,,,,0,0,0,0
,,,,,,,,,,,,0,0,0,0
,,,,,,,,,,,,0,0,0,0
,,,,,,,,,,,,0,0,0,0
,,,,,,,,,,,,0,0,0,0
,,,,,,,,,,,,0,0,0,0
,,,,,,,,,,,,0,0,0,0
,,,,,,,,,,,,0,0,0,0
,,,,,,,,,,,,0,0,0,0
,,,,,,,,,,,,0,0,0,0
,,,,,,,,,,,,0,0,0,0
,,,,,,,,,,,,0,0,0,0
,,,,,,,,,,,,0,0,0,0
,,,,,,,,,,,,0,0,0,0
,,,,,,,,,,,,0,0,0,0
,,,,,,,,,,,,0,0,0,0
,,,,,,,,,,,,0,0,0,0
,,,,,,,,,,,,0,0,0,0
,,,,,,,,,,,,0,0,0,0
,,,,,,,,,,,,0,0,0,0
,,,,,,,,,,,,0,0,0,0
,,,,,,,,,,,,0,0,0,0
,,,,,,,,,,,,0,0,0,0
,,,,,,,,,,,,0,0,0,0
,,,,,,,,,,,,0,0,0,0
,,,,,,,,,,,,0,0,0,0
,,,,,,,,,,,,0,0,0,0
,,,,,,,,,,,,0,0,0,0
,,,,,,,,,,,,0,0,0,0
,,,,,,,,,,,,0,0,0,0
,,,,,,,,,,,,0,0,0,0
,,,,,,,,,,,,0,0,0,0
,,,,,,,,,,,,0,0,0,0
,,,,,,,,,,,,0,0,0,0
,,,,,,,,,,,,0,0,0,0
,,,,,,,,,,,,0,0,0,0
,,,,,,,,,,,,0,0,0,0
,,,,,,,,,,,,0,0,0,0
,,,,,,,,,,,,0,0,0,0
,,,,,,,,,,,,0,0,0,0
,,,,,,,,,,,,0,0,0,0
,,,,,,,,,,,,0,0,0,0
,,,,,,,,,,,,0,0,0,0
,,,,,,,,,,,,0,0,0,0
,,,,,,,,,,,,0,0,0,0
,,,,,,,,,,,,0,0,0,0
,,,,,,,,,,,,0,0,0,0
,,,,,,,,,,,,0,0,0,0
,,,,,,,,,,,,0,0,0,0
,,,,,,,,,,,,0,0,0,0
,,,,,,,,,,,,0,0,0,0
,,,,,,,,,,,,0,0,0,0
,,,,,,,,,,,,0,0,0,0
,,,,,,,,,,,,0,0,0,0
,,,,,,,,,,,,0,0,0,0
,,,,,,,,,,,,0,0,0,0
,,,,,,,,,,,,0,0,0,0
,,,,,,,,,,,,0,0,0,0
,,,,,,,,,,,,0,0,0,0
,,,,,,,,,,,,0,0,0,0
,,,,,,,,,,,,0,0,0,0
,,,,,,,,,,,,0,0,0,0
,,,,,,,,,,,,0,0,0,0
,,,,,,,,,,,,0,0,0,0
,,,,,,,,,,,,0,0,0,0
,,,,,,,,,,,,0,0,0,0
,,,,,,,,,,,,0,0,0,0
,,,,,,,,,,,,0,0,0,0
,,,,,,,,,,,,0,0,0,0
,,,,,,,,,,,,0,0,0,0
,,,,,,,,,,,,0,0,0,0
,,,,,,,,,,,,0,0,0,0
,,,,,,,,,,,,0,0,0,0
,,,,,,,,,,,,0,0,0,0
,,,,,,,,,,,,0,0,0,0
,,,,,,,,,,,,0,0,0,0
,,,,,,,,,,,,0,0,0,0
,,,,,,,,,,,,0,0,0,0
,,,,,,,,,,,,0,0,0,0
,,,,,,,,,,,,0,0,0,0
,,,,,,,,,,,,0,0,0,0
,,,,,,,,,,,,0,0,0,0
,,,,,,,,,,,,0,0,0,0
,,,,,,,,,,,,0,0,0,0
,,,,,,,,,,,,0,0,0,0
,,,,,,,,,,,,0,0,0,0
,,,,,,,,,,,,0,0,0,0
,,,,,,,,,,,,0,0,0,0
,,,,,,,,,,,,0,0,0,0
,,,,,,,,,,,,0,0,0,0
,,,,,,,,,,,,0,0,0,0
,,,,,,,,,,,,0,0,0,0
,,,,,,,,,,,,0,0,0,0
,,,,,,,,,,,,0,0,0,0
,,,,,,,,,,,,0,0,0,0
,,,,,,,,,,,,0,0,0,0
,,,,,,,,,,,,0,0,0,0
,,,,,,,,,,,,0,0,0,0
,,,,,,,,,,,,0,0,0,0
,,,,,,,,,,,,0,0,0,0
,,,,,,,,,,,,0,0,0,0
,,,,,,,,,,,,0,0,0,0
,,,,,,,,,,,,0,0,0,0
,,,,,,,,,,,,0,0,0,0
,,,,,,,,,,,,0,0,0,0
,,,,,,,,,,,,0,0,0,0
,,,,,,,,,,,,0,0,0,0
,,,,,,,,,,,,0,0,0,0
,,,,,,,,,,,,0,0,0,0
,,,,,,,,,,,,0,0,0,0
,,,,,,,,,,,,0,0,0,0
,,,,,,,,,,,,0,0,0,0
,,,,,,,,,,,,0,0,0,0
,,,,,,,,,,,,0,0,0,0
,,,,,,,,,,,,0,0,0,0
,,,,,,,,,,,,0,0,0,0
,,,,,,,,,,,,0,0,0,0
,,,,,,,,,,,,0,0,0,0
,,,,,,,,,,,,0,0,0,0
,,,,,,,,,,,,0,0,0,0
,,,,,,,,,,,,0,0,0,0
,,,,,,,,,,,,0,0,0,0
,,,,,,,,,,,,0,0,0,0
,,,,,,,,,,,,0,0,0,0
,,,,,,,,,,,,0,0,0,0
,,,,,,,,,,,,0,0,0,0
,,,,,,,,,,,,0,0,0,0
,,,,,,,,,,,,0,0,0,0
,,,,,,,,,,,,0,0,0,0
,,,,,,,,,,,,0,0,0,0
,,,,,,,,,,,,0,0,0,0
,,,,,,,,,,,,0,0,0,0
,,,,,,,,,,,,0,0,0,0
,,,,,,,,,,,,0,0,0,0
,,,,,,,,,,,,0,0,0,0
,,,,,,,,,,,,0,0,0,0
,,,,,,,,,,,,0,0,0,0
,,,,,,,,,,,,0,0,0,0
,,,,,,,,,,,,0,0,0,0
,,,,,,,,,,,,0,0,0,0
,,,,,,,,,,,,0,0,0,0
,,,,,,,,,,,,0,0,0,0
,,,,,,,,,,,,0,0,0,0
,,,,,,,,,,,,0,0,0,0
,,,,,,,,,,,,0,0,0,0
,,,,,,,,,,,,0,0,0,0
,,,,,,,,,,,,0,0,0,0
,,,,,,,,,,,,0,0,0,0
,,,,,,,,,,,,0,0,0,0
,,,,,,,,,,,,0,0,0,0
,,,,,,,,,,,,0,0,0,0
,,,,,,,,,,,,0,0,0,0
,,,,,,,,,,,,0,0,0,0
,,,,,,,,,,,,0,0,0,0
,,,,,,,,,,,,0,0,0,0
,,,,,,,,,,,,0,0,0,0
,,,,,,,,,,,,0,0,0,0
,,,,,,,,,,,,0,0,0,0
,,,,,,,,,,,,0,0,0,0
,,,,,,,,,,,,0,0,0,0
,,,,,,,,,,,,0,0,0,0
,,,,,,,,,,,,0,0,0,0
,,,,,,,,,,,,0,0,0,0
,,,,,,,,,,,,0,0,0,0
,,,,,,,,,,,,0,0,0,0
,,,,,,,,,,,,0,0,0,0
,,,,,,,,,,,,0,0,0,0
,,,,,,,,,,,,0,0,0,0
,,,,,,,,,,,,0,0,0,0
,,,,,,,,,,,,0,0,0,0
,,,,,,,,,,,,0,0,0,0
,,,,,,,,,,,,0,0,0,0
,,,,,,,,,,,,0,0,0,0
,,,,,,,,,,,,0,0,0,0
,,,,,,,,,,,,0,0,0,0
,,,,,,,,,,,,0,0,0,0
,,,,,,,,,,,,0,0,0,0
,,,,,,,,,,,,0,0,0,0
,,,,,,,,,,,,0,0,0,0
,,,,,,,,,,,,0,0,0,0
,,,,,,,,,,,,0,0,0,0
,,,,,,,,,,,,0,0,0,0
,,,,,,,,,,,,0,0,0,0
,,,,,,,,,,,,0,0,0,0
,,,,,,,,,,,,0,0,0,0
,,,,,,,,,,,,0,0,0,0
,,,,,,,,,,,,0,0,0,0
,,,,,,,,,,,,0,0,0,0
,,,,,,,,,,,,0,0,0,0
,,,,,,,,,,,,0,0,0,0
,,,,,,,,,,,,0,0,0,0
,,,,,,,,,,,,0,0,0,0
,,,,,,,,,,,,0,0,0,0
,,,,,,,,,,,,0,0,0,0
,,,,,,,,,,,,0,0,0,0
,,,,,,,,,,,,0,0,0,0
,,,,,,,,,,,,0,0,0,0
,,,,,,,,,,,,0,0,0,0
,,,,,,,,,,,,0,0,0,0
,,,,,,,,,,,,0,0,0,0
,,,,,,,,,,,,0,0,0,0
,,,,,,,,,,,,0,0,0,0
,,,,,,,,,,,,0,0,0,0
,,,,,,,,,,,,0,0,0,0
,,,,,,,,,,,,0,0,0,0
,,,,,,,,,,,,0,0,0,0
,,,,,,,,,,,,0,0,0,0
,,,,,,,,,,,,0,0,0,0
,,,,,,,,,,,,0,0,0,0
,,,,,,,,,,,,0,0,0,0
,,,,,,,,,,,,0,0,0,0
,,,,,,,,,,,,0,0,0,0
,,,,,,,,,,,,0,0,0,0
,,,,,,,,,,,,0,0,0,0
,,,,,,,,,,,,0,0,0,0
,,,,,,,,,,,,0,0,0,0
,,,,,,,,,,,,0,0,0,0
,,,,,,,,,,,,0,0,0,0
,,,,,,,,,,,,0,0,0,0
,,,,,,,,,,,,0,0,0,0
,,,,,,,,,,,,0,0,0,0
,,,,,,,,,,,,0,0,0,0
,,,,,,,,,,,,0,0,0,0
,,,,,,,,,,,,0,0,0,0
,,,,,,,,,,,,0,0,0,0
,,,,,,,,,,,,0,0,0,0
,,,,,,,,,,,,0,0,0,0
,,,,,,,,,,,,0,0,0,0
,,,,,,,,,,,,0,0,0,0
,,,,,,,,,,,,0,0,0,0
,,,,,,,,,,,,0,0,0,0
,,,,,,,,,,,,0,0,0,0
,,,,,,,,,,,,0,0,0,0
,,,,,,,,,,,,0,0,0,0
,,,,,,,,,,,,0,0,0,0
,,,,,,,,,,,,0,0,0,0
,,,,,,,,,,,,0,0,0,0
,,,,,,,,,,,,0,0,0,0
,,,,,,,,,,,,0,0,0,0
,,,,,,,,,,,,0,0,0,0
,,,,,,,,,,,,0,0,0,0
,,,,,,,,,,,,0,0,0,0
,,,,,,,,,,,,0,0,0,0
,,,,,,,,,,,,0,0,0,0
,,,,,,,,,,,,0,0,0,0
,,,,,,,,,,,,0,0,0,0
,,,,,,,,,,,,0,0,0,0
,,,,,,,,,,,,0,0,0,0
,,,,,,,,,,,,0,0,0,0
,,,,,,,,,,,,0,0,0,0
,,,,,,,,,,,,0,0,0,0
,,,,,,,,,,,,0,0,0,0
,,,,,,,,,,,,0,0,0,0
,,,,,,,,,,,,0,0,0,0
,,,,,,,,,,,,0,0,0,0
,,,,,,,,,,,,0,0,0,0
,,,,,,,,,,,,0,0,0,0
,,,,,,,,,,,,0,0,0,0
,,,,,,,,,,,,0,0,0,0
,,,,,,,,,,,,0,0,0,0
,,,,,,,,,,,,0,0,0,0
,,,,,,,,,,,,0,0,0,0
,,,,,,,,,,,,0,0,0,0
,,,,,,,,,,,,0,0,0,0
,,,,,,,,,,,,0,0,0,0
,,,,,,,,,,,,0,0,0,0
,,,,,,,,,,,,0,0,0,0
,,,,,,,,,,,,0,0,0,0
,,,,,,,,,,,,0,0,0,0
,,,,,,,,,,,,0,0,0,0
,,,,,,,,,,,,0,0,0,0
,,,,,,,,,,,,0,0,0,0
,,,,,,,,,,,,0,0,0,0
,,,,,,,,,,,,0,0,0,0
,,,,,,,,,,,,0,0,0,0
,,,,,,,,,,,,0,0,0,0
,,,,,,,,,,,,0,0,0,0
,,,,,,,,,,,,0,0,0,0
,,,,,,,,,,,,0,0,0,0
,,,,,,,,,,,,0,0,0,0
,,,,,,,,,,,,0,0,0,0
,,,,,,,,,,,,0,0,0,0
,,,,,,,,,,,,0,0,0,0
,,,,,,,,,,,,0,0,0,0
,,,,,,,,,,,,0,0,0,0
,,,,,,,,,,,,0,0,0,0
,,,,,,,,,,,,0,0,0,0
,,,,,,,,,,,,0,0,0,0
,,,,,,,,,,,,0,0,0,0
,,,,,,,,,,,,0,0,0,0
,,,,,,,,,,,,0,0,0,0
,,,,,,,,,,,,0,0,0,0
,,,,,,,,,,,,0,0,0,0
,,,,,,,,,,,,0,0,0,0
,,,,,,,,,,,,0,0,0,0
,,,,,,,,,,,,0,0,0,0
,,,,,,,,,,,,0,0,0,0
,,,,,,,,,,,,0,0,0,0
,,,,,,,,,,,,0,0,0,0
,,,,,,,,,,,,0,0,0,0
,,,,,,,,,,,,0,0,0,0
,,,,,,,,,,,,0,0,0,0
,,,,,,,,,,,,0,0,0,0
,,,,,,,,,,,,0,0,0,0
,,,,,,,,,,,,0,0,0,0
,,,,,,,,,,,,0,0,0,0
,,,,,,,,,,,,0,0,0,0
,,,,,,,,,,,,0,0,0,0
,,,,,,,,,,,,0,0,0,0
,,,,,,,,,,,,0,0,0,0
,,,,,,,,,,,,0,0,0,0
,,,,,,,,,,,,0,0,0,0
,,,,,,,,,,,,0,0,0,0
,,,,,,,,,,,,0,0,0,0
,,,,,,,,,,,,0,0,0,0
,,,,,,,,,,,,0,0,0,0
,,,,,,,,,,,,0,0,0,0
,,,,,,,,,,,,0,0,0,0
,,,,,,,,,,,,0,0,0,0
,,,,,,,,,,,,0,0,0,0
,,,,,,,,,,,,0,0,0,0
,,,,,,,,,,,,0,0,0,0
,,,,,,,,,,,,0,0,0,0
,,,,,,,,,,,,0,0,0,0
,,,,,,,,,,,,0,0,0,0
,,,,,,,,,,,,0,0,0,0
,,,,,,,,,,,,0,0,0,0
,,,,,,,,,,,,0,0,0,0
,,,,,,,,,,,,0,0,0,0
,,,,,,,,,,,,0,0,0,0
,,,,,,,,,,,,0,0,0,0
,,,,,,,,,,,,0,0,0,0
,,,,,,,,,,,,0,0,0,0
,,,,,,,,,,,,0,0,0,0
,,,,,,,,,,,,0,0,0,0
,,,,,,,,,,,,0,0,0,0
,,,,,,,,,,,,0,0,0,0
,,,,,,,,,,,,0,0,0,0
,,,,,,,,,,,,0,0,0,0
,,,,,,,,,,,,0,0,0,0
,,,,,,,,,,,,0,0,0,0
,,,,,,,,,,,,0,0,0,0
,,,,,,,,,,,,0,0,0,0
,,,,,,,,,,,,0,0,0,0
,,,,,,,,,,,,0,0,0,0
,,,,,,,,,,,,0,0,0,0
,,,,,,,,,,,,0,0,0,0
,,,,,,,,,,,,0,0,0,0
,,,,,,,,,,,,0,0,0,0
,,,,,,,,,,,,0,0,0,0
,,,,,,,,,,,,0,0,0,0
,,,,,,,,,,,,0,0,0,0
,,,,,,,,,,,,0,0,0,0
,,,,,,,,,,,,0,0,0,0
,,,,,,,,,,,,0,0,0,0
,,,,,,,,,,,,0,0,0,0
,,,,,,,,,,,,0,0,0,0
,,,,,,,,,,,,0,0,0,0
,,,,,,,,,,,,0,0,0,0
,,,,,,,,,,,,0,0,0,0
,,,,,,,,,,,,0,0,0,0
,,,,,,,,,,,,0,0,0,0
,,,,,,,,,,,,0,0,0,0
,,,,,,,,,,,,0,0,0,0
,,,,,,,,,,,,0,0,0,0
,,,,,,,,,,,,0,0,0,0
,,,,,,,,,,,,0,0,0,0
,,,,,,,,,,,,0,0,0,0
,,,,,,,,,,,,0,0,0,0
,,,,,,,,,,,,0,0,0,0
,,,,,,,,,,,,0,0,0,0
,,,,,,,,,,,,0,0,0,0
,,,,,,,,,,,,0,0,0,0
,,,,,,,,,,,,0,0,0,0
,,,,,,,,,,,,0,0,0,0
,,,,,,,,,,,,0,0,0,0
,,,,,,,,,,,,0,0,0,0
,,,,,,,,,,,,0,0,0,0
,,,,,,,,,,,,0,0,0,0
,,,,,,,,,,,,0,0,0,0
,,,,,,,,,,,,0,0,0,0
,,,,,,,,,,,,0,0,0,0
,,,,,,,,,,,,0,0,0,0
,,,,,,,,,,,,0,0,0,0
,,,,,,,,,,,,0,0,0,0
,,,,,,,,,,,,0,0,0,0
,,,,,,,,,,,,0,0,0,0
,,,,,,,,,,,,0,0,0,0
,,,,,,,,,,,,0,0,0,0
,,,,,,,,,,,,0,0,0,0
,,,,,,,,,,,,0,0,0,0
,,,,,,,,,,,,0,0,0,0
,,,,,,,,,,,,0,0,0,0
,,,,,,,,,,,,0,0,0,0
,,,,,,,,,,,,0,0,0,0
,,,,,,,,,,,,0,0,0,0
,,,,,,,,,,,,0,0,0,0
,,,,,,,,,,,,0,0,0,0
,,,,,,,,,,,,0,0,0,0
,,,,,,,,,,,,0,0,0,0
,,,,,,,,,,,,0,0,0,0
,,,,,,,,,,,,0,0,0,0
,,,,,,,,,,,,0,0,0,0
,,,,,,,,,,,,0,0,0,0
,,,,,,,,,,,,0,0,0,0
,,,,,,,,,,,,0,0,0,0
,,,,,,,,,,,,0,0,0,0
,,,,,,,,,,,,0,0,0,0
,,,,,,,,,,,,0,0,0,0
,,,,,,,,,,,,0,0,0,0
,,,,,,,,,,,,0,0,0,0
,,,,,,,,,,,,0,0,0,0
,,,,,,,,,,,,0,0,0,0
,,,,,,,,,,,,0,0,0,0
,,,,,,,,,,,,0,0,0,0
,,,,,,,,,,,,0,0,0,0
,,,,,,,,,,,,0,0,0,0
,,,,,,,,,,,,0,0,0,0
,,,,,,,,,,,,0,0,0,0
,,,,,,,,,,,,0,0,0,0
,,,,,,,,,,,,0,0,0,0
,,,,,,,,,,,,0,0,0,0
,,,,,,,,,,,,0,0,0,0
,,,,,,,,,,,,0,0,0,0
,,,,,,,,,,,,0,0,0,0
,,,,,,,,,,,,0,0,0,0
,,,,,,,,,,,,0,0,0,0
,,,,,,,,,,,,0,0,0,0
,,,,,,,,,,,,0,0,0,0
,,,,,,,,,,,,0,0,0,0
,,,,,,,,,,,,0,0,0,0
,,,,,,,,,,,,0,0,0,0
,,,,,,,,,,,,0,0,0,0
,,,,,,,,,,,,0,0,0,0
,,,,,,,,,,,,0,0,0,0
,,,,,,,,,,,,0,0,0,0
,,,,,,,,,,,,0,0,0,0
,,,,,,,,,,,,0,0,0,0
,,,,,,,,,,,,0,0,0,0
,,,,,,,,,,,,0,0,0,0
,,,,,,,,,,,,0,0,0,0
,,,,,,,,,,,,0,0,0,0
,,,,,,,,,,,,0,0,0,0
,,,,,,,,,,,,0,0,0,0
,,,,,,,,,,,,0,0,0,0
,,,,,,,,,,,,0,0,0,0
,,,,,,,,,,,,0,0,0,0
,,,,,,,,,,,,0,0,0,0
,,,,,,,,,,,,0,0,0,0
,,,,,,,,,,,,0,0,0,0
,,,,,,,,,,,,0,0,0,0
,,,,,,,,,,,,0,0,0,0
,,,,,,,,,,,,0,0,0,0
,,,,,,,,,,,,0,0,0,0
,,,,,,,,,,,,0,0,0,0
,,,,,,,,,,,,0,0,0,0
,,,,,,,,,,,,0,0,0,0
,,,,,,,,,,,,0,0,0,0
,,,,,,,,,,,,0,0,0,0
,,,,,,,,,,,,0,0,0,0
,,,,,,,,,,,,0,0,0,0
,,,,,,,,,,,,0,0,0,0
,,,,,,,,,,,,0,0,0,0
,,,,,,,,,,,,0,0,0,0
,,,,,,,,,,,,0,0,0,0
,,,,,,,,,,,,0,0,0,0
,,,,,,,,,,,,0,0,0,0
,,,,,,,,,,,,0,0,0,0
,,,,,,,,,,,,0,0,0,0
,,,,,,,,,,,,0,0,0,0
,,,,,,,,,,,,0,0,0,0
,,,,,,,,,,,,0,0,0,0
,,,,,,,,,,,,0,0,0,0
,,,,,,,,,,,,0,0,0,0
,,,,,,,,,,,,0,0,0,0
,,,,,,,,,,,,0,0,0,0
,,,,,,,,,,,,0,0,0,0
,,,,,,,,,,,,0,0,0,0
,,,,,,,,,,,,0,0,0,0
,,,,,,,,,,,,0,0,0,0
,,,,,,,,,,,,0,0,0,0
,,,,,,,,,,,,0,0,0,0
,,,,,,,,,,,,0,0,0,0
,,,,,,,,,,,,0,0,0,0
,,,,,,,,,,,,0,0,0,0
,,,,,,,,,,,,0,0,0,0
,,,,,,,,,,,,0,0,0,0
,,,,,,,,,,,,0,0,0,0
,,,,,,,,,,,,0,0,0,0
,,,,,,,,,,,,0,0,0,0
,,,,,,,,,,,,0,0,0,0
,,,,,,,,,,,,0,0,0,0
,,,,,,,,,,,,0,0,0,0
,,,,,,,,,,,,0,0,0,0
,,,,,,,,,,,,0,0,0,0
,,,,,,,,,,,,0,0,0,0
,,,,,,,,,,,,0,0,0,0
,,,,,,,,,,,,0,0,0,0
,,,,,,,,,,,,0,0,0,0
,,,,,,,,,,,,0,0,0,0
,,,,,,,,,,,,0,0,0,0
,,,,,,,,,,,,0,0,0,0
,,,,,,,,,,,,0,0,0,0
,,,,,,,,,,,,0,0,0,0
,,,,,,,,,,,,0,0,0,0
,,,,,,,,,,,,0,0,0,0
,,,,,,,,,,,,0,0,0,0
,,,,,,,,,,,,0,0,0,0
,,,,,,,,,,,,0,0,0,0
,,,,,,,,,,,,0,0,0,0
,,,,,,,,,,,,0,0,0,0
,,,,,,,,,,,,0,0,0,0
,,,,,,,,,,,,0,0,0,0
,,,,,,,,,,,,0,0,0,0
,,,,,,,,,,,,0,0,0,0
,,,,,,,,,,,,0,0,0,0
,,,,,,,,,,,,0,0,0,0
,,,,,,,,,,,,0,0,0,0
,,,,,,,,,,,,0,0,0,0
,,,,,,,,,,,,0,0,0,0
,,,,,,,,,,,,0,0,0,0
,,,,,,,,,,,,0,0,0,0
,,,,,,,,,,,,0,0,0,0
,,,,,,,,,,,,0,0,0,0
,,,,,,,,,,,,0,0,0,0
,,,,,,,,,,,,0,0,0,0
,,,,,,,,,,,,0,0,0,0
,,,,,,,,,,,,0,0,0,0
,,,,,,,,,,,,0,0,0,0
,,,,,,,,,,,,0,0,0,0
,,,,,,,,,,,,0,0,0,0
,,,,,,,,,,,,0,0,0,0
,,,,,,,,,,,,0,0,0,0
,,,,,,,,,,,,0,0,0,0
,,,,,,,,,,,,0,0,0,0
,,,,,,,,,,,,0,0,0,0
,,,,,,,,,,,,0,0,0,0
,,,,,,,,,,,,0,0,0,0
,,,,,,,,,,,,0,0,0,0
,,,,,,,,,,,,0,0,0,0
,,,,,,,,,,,,0,0,0,0
,,,,,,,,,,,,0,0,0,0
,,,,,,,,,,,,0,0,0,0
,,,,,,,,,,,,0,0,0,0
,,,,,,,,,,,,0,0,0,0
,,,,,,,,,,,,0,0,0,0
,,,,,,,,,,,,0,0,0,0
,,,,,,,,,,,,0,0,0,0
,,,,,,,,,,,,0,0,0,0
,,,,,,,,,,,,0,0,0,0
,,,,,,,,,,,,0,0,0,0
,,,,,,,,,,,,0,0,0,0
,,,,,,,,,,,,0,0,0,0
,,,,,,,,,,,,0,0,0,0
,,,,,,,,,,,,0,0,0,0
,,,,,,,,,,,,0,0,0,0
,,,,,,,,,,,,0,0,0,0
,,,,,,,,,,,,0,0,0,0
,,,,,,,,,,,,0,0,0,0
,,,,,,,,,,,,0,0,0,0
,,,,,,,,,,,,0,0,0,0
,,,,,,,,,,,,0,0,0,0
,,,,,,,,,,,,0,0,0,0
,,,,,,,,,,,,0,0,0,0
,,,,,,,,,,,,0,0,0,0
,,,,,,,,,,,,0,0,0,0
,,,,,,,,,,,,0,0,0,0
,,,,,,,,,,,,0,0,0,0
,,,,,,,,,,,,0,0,0,0
,,,,,,,,,,,,0,0,0,0
,,,,,,,,,,,,0,0,0,0
,,,,,,,,,,,,0,0,0,0
,,,,,,,,,,,,0,0,0,0
,,,,,,,,,,,,0,0,0,0
,,,,,,,,,,,,0,0,0,0
,,,,,,,,,,,,0,0,0,0
,,,,,,,,,,,,0,0,0,0
,,,,,,,,,,,,0,0,0,0
,,,,,,,,,,,,0,0,0,0
,,,,,,,,,,,,0,0,0,0
,,,,,,,,,,,,0,0,0,0
,,,,,,,,,,,,0,0,0,0
,,,,,,,,,,,,0,0,0,0
,,,,,,,,,,,,0,0,0,0
,,,,,,,,,,,,0,0,0,0
,,,,,,,,,,,,0,0,0,0
,,,,,,,,,,,,0,0,0,0
,,,,,,,,,,,,0,0,0,0
,,,,,,,,,,,,0,0,0,0
,,,,,,,,,,,,0,0,0,0
,,,,,,,,,,,,0,0,0,0
,,,,,,,,,,,,0,0,0,0
,,,,,,,,,,,,0,0,0,0
,,,,,,,,,,,,0,0,0,0
,,,,,,,,,,,,0,0,0,0
,,,,,,,,,,,,0,0,0,0
,,,,,,,,,,,,0,0,0,0
,,,,,,,,,,,,0,0,0,0
,,,,,,,,,,,,0,0,0,0
,,,,,,,,,,,,0,0,0,0
,,,,,,,,,,,,0,0,0,0
,,,,,,,,,,,,0,0,0,0
,,,,,,,,,,,,0,0,0,0
,,,,,,,,,,,,0,0,0,0
,,,,,,,,,,,,0,0,0,0
,,,,,,,,,,,,0,0,0,0
,,,,,,,,,,,,0,0,0,0
,,,,,,,,,,,,0,0,0,0
,,,,,,,,,,,,0,0,0,0
,,,,,,,,,,,,0,0,0,0
,,,,,,,,,,,,0,0,0,0
,,,,,,,,,,,,0,0,0,0
,,,,,,,,,,,,0,0,0,0
,,,,,,,,,,,,0,0,0,0
,,,,,,,,,,,,0,0,0,0
,,,,,,,,,,,,0,0,0,0
,,,,,,,,,,,,0,0,0,0
,,,,,,,,,,,,0,0,0,0
,,,,,,,,,,,,0,0,0,0
,,,,,,,,,,,,0,0,0,0
,,,,,,,,,,,,0,0,0,0
,,,,,,,,,,,,0,0,0,0
,,,,,,,,,,,,0,0,0,0
,,,,,,,,,,,,0,0,0,0
,,,,,,,,,,,,0,0,0,0
,,,,,,,,,,,,0,0,0,0
,,,,,,,,,,,,0,0,0,0
,,,,,,,,,,,,0,0,0,0
,,,,,,,,,,,,0,0,0,0
,,,,,,,,,,,,0,0,0,0
,,,,,,,,,,,,0,0,0,0
,,,,,,,,,,,,0,0,0,0
,,,,,,,,,,,,0,0,0,0
,,,,,,,,,,,,0,0,0,0
,,,,,,,,,,,,0,0,0,0
,,,,,,,,,,,,0,0,0,0
,,,,,,,,,,,,0,0,0,0
,,,,,,,,,,,,0,0,0,0
,,,,,,,,,,,,0,0,0,0
,,,,,,,,,,,,0,0,0,0
,,,,,,,,,,,,0,0,0,0
,,,,,,,,,,,,0,0,0,0
,,,,,,,,,,,,0,0,0,0
,,,,,,,,,,,,0,0,0,0
,,,,,,,,,,,,0,0,0,0
,,,,,,,,,,,,0,0,0,0
,,,,,,,,,,,,0,0,0,0
,,,,,,,,,,,,0,0,0,0
,,,,,,,,,,,,0,0,0,0
,,,,,,,,,,,,0,0,0,0
,,,,,,,,,,,,0,0,0,0
,,,,,,,,,,,,0,0,0,0
,,,,,,,,,,,,0,0,0,0
,,,,,,,,,,,,0,0,0,0
,,,,,,,,,,,,0,0,0,0
,,,,,,,,,,,,0,0,0,0
,,,,,,,,,,,,0,0,0,0
,,,,,,,,,,,,0,0,0,0
,,,,,,,,,,,,0,0,0,0
,,,,,,,,,,,,0,0,0,0
,,,,,,,,,,,,0,0,0,0
,,,,,,,,,,,,0,0,0,0
,,,,,,,,,,,,0,0,0,0
,,,,,,,,,,,,0,0,0,0
,,,,,,,,,,,,0,0,0,0
,,,,,,,,,,,,0,0,0,0
,,,,,,,,,,,,0,0,0,0
,,,,,,,,,,,,0,0,0,0
,,,,,,,,,,,,0,0,0,0
,,,,,,,,,,,,0,0,0,0
,,,,,,,,,,,,0,0,0,0
,,,,,,,,,,,,0,0,0,0
,,,,,,,,,,,,0,0,0,0
,,,,,,,,,,,,0,0,0,0
,,,,,,,,,,,,0,0,0,0
,,,,,,,,,,,,0,0,0,0
,,,,,,,,,,,,0,0,0,0
,,,,,,,,,,,,0,0,0,0
,,,,,,,,,,,,0,0,0,0
,,,,,,,,,,,,0,0,0,0
,,,,,,,,,,,,0,0,0,0
,,,,,,,,,,,,0,0,0,0
,,,,,,,,,,,,0,0,0,0
,,,,,,,,,,,,0,0,0,0
,,,,,,,,,,,,0,0,0,0
,,,,,,,,,,,,0,0,0,0
,,,,,,,,,,,,0,0,0,0
,,,,,,,,,,,,0,0,0,0
,,,,,,,,,,,,0,0,0,0
,,,,,,,,,,,,0,0,0,0
,,,,,,,,,,,,0,0,0,0
,,,,,,,,,,,,0,0,0,0
,,,,,,,,,,,,0,0,0,0
,,,,,,,,,,,,0,0,0,0
,,,,,,,,,,,,0,0,0,0
,,,,,,,,,,,,0,0,0,0
,,,,,,,,,,,,0,0,0,0
,,,,,,,,,,,,0,0,0,0
,,,,,,,,,,,,0,0,0,0
,,,,,,,,,,,,0,0,0,0
,,,,,,,,,,,,0,0,0,0
,,,,,,,,,,,,0,0,0,0
,,,,,,,,,,,,0,0,0,0
,,,,,,,,,,,,0,0,0,0
,,,,,,,,,,,,0,0,0,0
,,,,,,,,,,,,0,0,0,0
,,,,,,,,,,,,0,0,0,0
,,,,,,,,,,,,0,0,0,0
,,,,,,,,,,,,0,0,0,0
,,,,,,,,,,,,0,0,0,0
,,,,,,,,,,,,0,0,0,0
,,,,,,,,,,,,0,0,0,0
,,,,,,,,,,,,0,0,0,0
,,,,,,,,,,,,0,0,0,0
,,,,,,,,,,,,0,0,0,0
,,,,,,,,,,,,0,0,0,0
,,,,,,,,,,,,0,0,0,0
,,,,,,,,,,,,0,0,0,0
,,,,,,,,,,,,0,0,0,0
,,,,,,,,,,,,0,0,0,0
,,,,,,,,,,,,0,0,0,0
,,,,,,,,,,,,0,0,0,0
,,,,,,,,,,,,0,0,0,0
,,,,,,,,,,,,0,0,0,0
,,,,,,,,,,,,0,0,0,0
,,,,,,,,,,,,0,0,0,0
,,,,,,,,,,,,0,0,0,0
,,,,,,,,,,,,0,0,0,0
,,,,,,,,,,,,0,0,0,0
,,,,,,,,,,,,0,0,0,0
,,,,,,,,,,,,0,0,0,0
,,,,,,,,,,,,0,0,0,0
,,,,,,,,,,,,0,0,0,0
,,,,,,,,,,,,0,0,0,0
,,,,,,,,,,,,0,0,0,0
,,,,,,,,,,,,0,0,0,0
,,,,,,,,,,,,0,0,0,0
,,,,,,,,,,,,0,0,0,0
,,,,,,,,,,,,0,0,0,0
,,,,,,,,,,,,0,0,0,0
,,,,,,,,,,,,0,0,0,0
,,,,,,,,,,,,0,0,0,0
,,,,,,,,,,,,0,0,0,0
,,,,,,,,,,,,0,0,0,0
,,,,,,,,,,,,0,0,0,0
,,,,,,,,,,,,0,0,0,0
,,,,,,,,,,,,0,0,0,0
,,,,,,,,,,,,0,0,0,0
,,,,,,,,,,,,0,0,0,0
,,,,,,,,,,,,0,0,0,0
,,,,,,,,,,,,0,0,0,0
,,,,,,,,,,,,0,0,0,0
,,,,,,,,,,,,0,0,0,0
,,,,,,,,,,,,0,0,0,0
,,,,,,,,,,,,0,0,0,0
,,,,,,,,,,,,0,0,0,0
,,,,,,,,,,,,0,0,0,0
,,,,,,,,,,,,0,0,0,0
,,,,,,,,,,,,0,0,0,0
,,,,,,,,,,,,0,0,0,0
,,,,,,,,,,,,0,0,0,0
,,,,,,,,,,,,0,0,0,0
,,,,,,,,,,,,0,0,0,0
,,,,,,,,,,,,0,0,0,0
,,,,,,,,,,,,0,0,0,0
,,,,,,,,,,,,0,0,0,0
,,,,,,,,,,,,0,0,0,0
,,,,,,,,,,,,0,0,0,0
,,,,,,,,,,,,0,0,0,0
,,,,,,,,,,,,0,0,0,0
,,,,,,,,,,,,0,0,0,0
,,,,,,,,,,,,0,0,0,0
,,,,,,,,,,,,0,0,0,0
,,,,,,,,,,,,0,0,0,0
,,,,,,,,,,,,0,0,0,0
,,,,,,,,,,,,0,0,0,0
,,,,,,,,,,,,0,0,0,0
,,,,,,,,,,,,0,0,0,0
,,,,,,,,,,,,0,0,0,0
,,,,,,,,,,,,0,0,0,0
,,,,,,,,,,,,0,0,0,0
,,,,,,,,,,,,0,0,0,0
,,,,,,,,,,,,0,0,0,0
,,,,,,,,,,,,0,0,0,0
,,,,,,,,,,,,0,0,0,0
,,,,,,,,,,,,0,0,0,0
,,,,,,,,,,,,0,0,0,0
,,,,,,,,,,,,0,0,0,0
,,,,,,,,,,,,0,0,0,0
,,,,,,,,,,,,0,0,0,0
,,,,,,,,,,,,0,0,0,0
,,,,,,,,,,,,0,0,0,0
,,,,,,,,,,,,0,0,0,0
,,,,,,,,,,,,0,0,0,0
,,,,,,,,,,,,0,0,0,0
,,,,,,,,,,,,0,0,0,0
,,,,,,,,,,,,0,0,0,0
,,,,,,,,,,,,0,0,0,0
,,,,,,,,,,,,0,0,0,0
,,,,,,,,,,,,0,0,0,0
,,,,,,,,,,,,0,0,0,0
,,,,,,,,,,,,0,0,0,0
,,,,,,,,,,,,0,0,0,0
,,,,,,,,,,,,0,0,0,0
,,,,,,,,,,,,0,0,0,0
,,,,,,,,,,,,0,0,0,0
,,,,,,,,,,,,0,0,0,0
,,,,,,,,,,,,0,0,0,0
,,,,,,,,,,,,0,0,0,0
,,,,,,,,,,,,0,0,0,0
,,,,,,,,,,,,0,0,0,0
,,,,,,,,,,,,0,0,0,0
,,,,,,,,,,,,0,0,0,0
,,,,,,,,,,,,0,0,0,0
,,,,,,,,,,,,0,0,0,0
,,,,,,,,,,,,0,0,0,0
,,,,,,,,,,,,0,0,0,0
,,,,,,,,,,,,0,0,0,0
,,,,,,,,,,,,0,0,0,0
,,,,,,,,,,,,0,0,0,0
,,,,,,,,,,,,0,0,0,0
,,,,,,,,,,,,0,0,0,0
,,,,,,,,,,,,0,0,0,0
,,,,,,,,,,,,0,0,0,0
,,,,,,,,,,,,0,0,0,0
,,,,,,,,,,,,0,0,0,0
,,,,,,,,,,,,0,0,0,0
,,,,,,,,,,,,0,0,0,0
,,,,,,,,,,,,0,0,0,0
,,,,,,,,,,,,0,0,0,0
,,,,,,,,,,,,0,0,0,0
,,,,,,,,,,,,0,0,0,0
,,,,,,,,,,,,0,0,0,0
,,,,,,,,,,,,0,0,0,0
,,,,,,,,,,,,0,0,0,0
,,,,,,,,,,,,0,0,0,0
,,,,,,,,,,,,0,0,0,0
,,,,,,,,,,,,0,0,0,0
,,,,,,,,,,,,0,0,0,0
,,,,,,,,,,,,0,0,0,0
,,,,,,,,,,,,0,0,0,0
,,,,,,,,,,,,0,0,0,0
,,,,,,,,,,,,0,0,0,0
,,,,,,,,,,,,0,0,0,0
,,,,,,,,,,,,0,0,0,0
,,,,,,,,,,,,0,0,0,0
,,,,,,,,,,,,0,0,0,0
,,,,,,,,,,,,0,0,0,0
,,,,,,,,,,,,0,0,0,0
,,,,,,,,,,,,0,0,0,0
,,,,,,,,,,,,0,0,0,0
,,,,,,,,,,,,0,0,0,0
,,,,,,,,,,,,0,0,0,0
,,,,,,,,,,,,0,0,0,0
,,,,,,,,,,,,0,0,0,0
,,,,,,,,,,,,0,0,0,0
,,,,,,,,,,,,0,0,0,0
,,,,,,,,,,,,0,0,0,0
,,,,,,,,,,,,0,0,0,0
,,,,,,,,,,,,0,0,0,0
,,,,,,,,,,,,0,0,0,0
,,,,,,,,,,,,0,0,0,0
,,,,,,,,,,,,0,0,0,0
,,,,,,,,,,,,0,0,0,0
,,,,,,,,,,,,0,0,0,0
,,,,,,,,,,,,0,0,0,0
,,,,,,,,,,,,0,0,0,0
,,,,,,,,,,,,0,0,0,0
,,,,,,,,,,,,0,0,0,0
,,,,,,,,,,,,0,0,0,0
,,,,,,,,,,,,0,0,0,0
,,,,,,,,,,,,0,0,0,0
,,,,,,,,,,,,0,0,0,0
,,,,,,,,,,,,0,0,0,0
,,,,,,,,,,,,0,0,0,0
,,,,,,,,,,,,0,0,0,0
,,,,,,,,,,,,0,0,0,0
,,,,,,,,,,,,0,0,0,0
,,,,,,,,,,,,0,0,0,0
,,,,,,,,,,,,0,0,0,0
,,,,,,,,,,,,0,0,0,0
,,,,,,,,,,,,0,0,0,0
,,,,,,,,,,,,0,0,0,0
,,,,,,,,,,,,0,0,0,0
,,,,,,,,,,,,0,0,0,0
,,,,,,,,,,,,0,0,0,0
,,,,,,,,,,,,0,0,0,0
,,,,,,,,,,,,0,0,0,0
,,,,,,,,,,,,0,0,0,0
,,,,,,,,,,,,0,0,0,0
,,,,,,,,,,,,0,0,0,0
,,,,,,,,,,,,0,0,0,0
,,,,,,,,,,,,0,0,0,0
,,,,,,,,,,,,0,0,0,0
,,,,,,,,,,,,0,0,0,0
,,,,,,,,,,,,0,0,0,0
,,,,,,,,,,,,0,0,0,0
,,,,,,,,,,,,0,0,0,0
,,,,,,,,,,,,0,0,0,0
,,,,,,,,,,,,0,0,0,0
,,,,,,,,,,,,0,0,0,0
,,,,,,,,,,,,0,0,0,0
,,,,,,,,,,,,0,0,0,0
,,,,,,,,,,,,0,0,0,0
,,,,,,,,,,,,0,0,0,0
,,,,,,,,,,,,0,0,0,0
,,,,,,,,,,,,0,0,0,0
,,,,,,,,,,,,0,0,0,0
,,,,,,,,,,,,0,0,0,0
,,,,,,,,,,,,0,0,0,0
,,,,,,,,,,,,0,0,0,0
,,,,,,,,,,,,0,0,0,0
,,,,,,,,,,,,0,0,0,0
,,,,,,,,,,,,0,0,0,0
,,,,,,,,,,,,0,0,0,0
,,,,,,,,,,,,0,0,0,0
,,,,,,,,,,,,0,0,0,0
,,,,,,,,,,,,0,0,0,0
,,,,,,,,,,,,0,0,0,0
,,,,,,,,,,,,0,0,0,0
,,,,,,,,,,,,0,0,0,0
,,,,,,,,,,,,0,0,0,0
,,,,,,,,,,,,0,0,0,0
,,,,,,,,,,,,0,0,0,0
,,,,,,,,,,,,0,0,0,0
,,,,,,,,,,,,0,0,0,0
,,,,,,,,,,,,0,0,0,0
,,,,,,,,,,,,0,0,0,0
,,,,,,,,,,,,0,0,0,0
,,,,,,,,,,,,0,0,0,0
,,,,,,,,,,,,0,0,0,0
,,,,,,,,,,,,0,0,0,0
,,,,,,,,,,,,0,0,0,0
,,,,,,,,,,,,0,0,0,0
,,,,,,,,,,,,0,0,0,0
,,,,,,,,,,,,0,0,0,0
,,,,,,,,,,,,0,0,0,0
,,,,,,,,,,,,0,0,0,0
,,,,,,,,,,,,0,0,0,0
,,,,,,,,,,,,0,0,0,0
,,,,,,,,,,,,0,0,0,0
,,,,,,,,,,,,0,0,0,0
,,,,,,,,,,,,0,0,0,0
,,,,,,,,,,,,0,0,0,0
,,,,,,,,,,,,0,0,0,0
,,,,,,,,,,,,0,0,0,0
,,,,,,,,,,,,0,0,0,0
,,,,,,,,,,,,0,0,0,0
,,,,,,,,,,,,0,0,0,0
,,,,,,,,,,,,0,0,0,0
,,,,,,,,,,,,0,0,0,0
,,,,,,,,,,,,0,0,0,0
,,,,,,,,,,,,0,0,0,0
,,,,,,,,,,,,0,0,0,0
,,,,,,,,,,,,0,0,0,0
,,,,,,,,,,,,0,0,0,0
,,,,,,,,,,,,0,0,0,0
,,,,,,,,,,,,0,0,0,0
,,,,,,,,,,,,0,0,0,0
,,,,,,,,,,,,0,0,0,0
,,,,,,,,,,,,0,0,0,0
,,,,,,,,,,,,0,0,0,0
,,,,,,,,,,,,0,0,0,0
,,,,,,,,,,,,0,0,0,0
,,,,,,,,,,,,0,0,0,0
,,,,,,,,,,,,0,0,0,0
,,,,,,,,,,,,0,0,0,0
,,,,,,,,,,,,0,0,0,0
,,,,,,,,,,,,0,0,0,0
,,,,,,,,,,,,0,0,0,0
,,,,,,,,,,,,0,0,0,0
,,,,,,,,,,,,0,0,0,0
,,,,,,,,,,,,0,0,0,0
,,,,,,,,,,,,0,0,0,0
,,,,,,,,,,,,0,0,0,0
,,,,,,,,,,,,0,0,0,0
,,,,,,,,,,,,0,0,0,0
,,,,,,,,,,,,0,0,0,0
,,,,,,,,,,,,0,0,0,0
,,,,,,,,,,,,0,0,0,0
,,,,,,,,,,,,0,0,0,0
,,,,,,,,,,,,0,0,0,0
,,,,,,,,,,,,0,0,0,0
,,,,,,,,,,,,0,0,0,0
,,,,,,,,,,,,0,0,0,0
,,,,,,,,,,,,0,0,0,0
,,,,,,,,,,,,0,0,0,0
,,,,,,,,,,,,0,0,0,0
,,,,,,,,,,,,0,0,0,0
,,,,,,,,,,,,0,0,0,0
,,,,,,,,,,,,0,0,0,0
,,,,,,,,,,,,0,0,0,0
,,,,,,,,,,,,0,0,0,0
,,,,,,,,,,,,0,0,0,0
,,,,,,,,,,,,0,0,0,0
,,,,,,,,,,,,0,0,0,0
,,,,,,,,,,,,0,0,0,0
,,,,,,,,,,,,0,0,0,0
,,,,,,,,,,,,0,0,0,0
,,,,,,,,,,,,0,0,0,0
,,,,,,,,,,,,0,0,0,0
,,,,,,,,,,,,0,0,0,0
,,,,,,,,,,,,0,0,0,0
,,,,,,,,,,,,0,0,0,0
,,,,,,,,,,,,0,0,0,0
,,,,,,,,,,,,0,0,0,0
,,,,,,,,,,,,0,0,0,0
,,,,,,,,,,,,0,0,0,0
,,,,,,,,,,,,0,0,0,0
,,,,,,,,,,,,0,0,0,0
,,,,,,,,,,,,0,0,0,0
,,,,,,,,,,,,0,0,0,0
,,,,,,,,,,,,0,0,0,0
,,,,,,,,,,,,0,0,0,0
,,,,,,,,,,,,0,0,0,0
,,,,,,,,,,,,0,0,0,0
,,,,,,,,,,,,0,0,0,0
,,,,,,,,,,,,0,0,0,0
,,,,,,,,,,,,0,0,0,0
,,,,,,,,,,,,0,0,0,0
,,,,,,,,,,,,0,0,0,0
,,,,,,,,,,,,0,0,0,0
,,,,,,,,,,,,0,0,0,0
,,,,,,,,,,,,0,0,0,0
,,,,,,,,,,,,0,0,0,0
,,,,,,,,,,,,0,0,0,0
,,,,,,,,,,,,0,0,0,0
,,,,,,,,,,,,0,0,0,0
,,,,,,,,,,,,0,0,0,0
,,,,,,,,,,,,0,0,0,0
,,,,,,,,,,,,0,0,0,0
,,,,,,,,,,,,0,0,0,0
,,,,,,,,,,,,0,0,0,0
,,,,,,,,,,,,0,0,0,0
,,,,,,,,,,,,0,0,0,0
,,,,,,,,,,,,0,0,0,0
,,,,,,,,,,,,0,0,0,0
,,,,,,,,,,,,0,0,0,0
,,,,,,,,,,,,0,0,0,0
,,,,,,,,,,,,0,0,0,0
,,,,,,,,,,,,0,0,0,0
,,,,,,,,,,,,0,0,0,0
,,,,,,,,,,,,0,0,0,0
,,,,,,,,,,,,0,0,0,0
,,,,,,,,,,,,0,0,0,0
,,,,,,,,,,,,0,0,0,0
,,,,,,,,,,,,0,0,0,0
,,,,,,,,,,,,0,0,0,0
,,,,,,,,,,,,0,0,0,0
,,,,,,,,,,,,0,0,0,0
,,,,,,,,,,,,0,0,0,0
,,,,,,,,,,,,0,0,0,0
,,,,,,,,,,,,0,0,0,0
,,,,,,,,,,,,0,0,0,0
,,,,,,,,,,,,0,0,0,0
,,,,,,,,,,,,0,0,0,0
,,,,,,,,,,,,0,0,0,0
,,,,,,,,,,,,0,0,0,0
,,,,,,,,,,,,0,0,0,0
,,,,,,,,,,,,0,0,0,0
,,,,,,,,,,,,0,0,0,0
,,,,,,,,,,,,0,0,0,0
,,,,,,,,,,,,0,0,0,0
,,,,,,,,,,,,0,0,0,0
,,,,,,,,,,,,0,0,0,0
,,,,,,,,,,,,0,0,0,0
,,,,,,,,,,,,0,0,0,0
,,,,,,,,,,,,0,0,0,0
,,,,,,,,,,,,0,0,0,0
,,,,,,,,,,,,0,0,0,0
,,,,,,,,,,,,0,0,0,0
,,,,,,,,,,,,0,0,0,0
,,,,,,,,,,,,0,0,0,0
,,,,,,,,,,,,0,0,0,0
,,,,,,,,,,,,0,0,0,0
,,,,,,,,,,,,0,0,0,0
,,,,,,,,,,,,0,0,0,0
,,,,,,,,,,,,0,0,0,0
,,,,,,,,,,,,0,0,0,0
,,,,,,,,,,,,0,0,0,0
,,,,,,,,,,,,0,0,0,0
,,,,,,,,,,,,0,0,0,0
,,,,,,,,,,,,0,0,0,0
,,,,,,,,,,,,0,0,0,0
,,,,,,,,,,,,0,0,0,0
,,,,,,,,,,,,0,0,0,0
,,,,,,,,,,,,0,0,0,0
,,,,,,,,,,,,0,0,0,0
,,,,,,,,,,,,0,0,0,0
,,,,,,,,,,,,0,0,0,0
,,,,,,,,,,,,0,0,0,0
,,,,,,,,,,,,0,0,0,0
,,,,,,,,,,,,0,0,0,0
,,,,,,,,,,,,0,0,0,0
,,,,,,,,,,,,0,0,0,0
,,,,,,,,,,,,0,0,0,0
,,,,,,,,,,,,0,0,0,0
,,,,,,,,,,,,0,0,0,0
,,,,,,,,,,,,0,0,0,0
,,,,,,,,,,,,0,0,0,0
,,,,,,,,,,,,0,0,0,0
,,,,,,,,,,,,0,0,0,0
,,,,,,,,,,,,0,0,0,0
,,,,,,,,,,,,0,0,0,0
,,,,,,,,,,,,0,0,0,0
,,,,,,,,,,,,0,0,0,0
,,,,,,,,,,,,0,0,0,0
,,,,,,,,,,,,0,0,0,0
,,,,,,,,,,,,0,0,0,0
,,,,,,,,,,,,0,0,0,0
,,,,,,,,,,,,0,0,0,0
,,,,,,,,,,,,0,0,0,0
,,,,,,,,,,,,0,0,0,0
,,,,,,,,,,,,0,0,0,0
,,,,,,,,,,,,0,0,0,0
,,,,,,,,,,,,0,0,0,0
,,,,,,,,,,,,0,0,0,0
,,,,,,,,,,,,0,0,0,0
,,,,,,,,,,,,0,0,0,0
,,,,,,,,,,,,0,0,0,0
,,,,,,,,,,,,0,0,0,0
,,,,,,,,,,,,0,0,0,0
,,,,,,,,,,,,0,0,0,0
,,,,,,,,,,,,0,0,0,0
,,,,,,,,,,,,0,0,0,0
,,,,,,,,,,,,0,0,0,0
,,,,,,,,,,,,0,0,0,0
,,,,,,,,,,,,0,0,0,0
,,,,,,,,,,,,0,0,0,0
,,,,,,,,,,,,0,0,0,0
,,,,,,,,,,,,0,0,0,0
,,,,,,,,,,,,0,0,0,0
,,,,,,,,,,,,0,0,0,0
,,,,,,,,,,,,0,0,0,0
,,,,,,,,,,,,0,0,0,0
,,,,,,,,,,,,0,0,0,0
,,,,,,,,,,,,0,0,0,0
,,,,,,,,,,,,0,0,0,0
,,,,,,,,,,,,0,0,0,0
,,,,,,,,,,,,0,0,0,0
,,,,,,,,,,,,0,0,0,0
,,,,,,,,,,,,0,0,0,0
,,,,,,,,,,,,0,0,0,0
,,,,,,,,,,,,0,0,0,0
,,,,,,,,,,,,0,0,0,0
,,,,,,,,,,,,0,0,0,0
,,,,,,,,,,,,0,0,0,0
,,,,,,,,,,,,0,0,0,0
,,,,,,,,,,,,0,0,0,0
,,,,,,,,,,,,0,0,0,0
,,,,,,,,,,,,0,0,0,0
,,,,,,,,,,,,0,0,0,0
,,,,,,,,,,,,0,0,0,0
,,,,,,,,,,,,0,0,0,0
,,,,,,,,,,,,0,0,0,0
,,,,,,,,,,,,0,0,0,0
,,,,,,,,,,,,0,0,0,0
,,,,,,,,,,,,0,0,0,0
,,,,,,,,,,,,0,0,0,0
,,,,,,,,,,,,0,0,0,0
,,,,,,,,,,,,0,0,0,0
,,,,,,,,,,,,0,0,0,0
,,,,,,,,,,,,0,0,0,0
,,,,,,,,,,,,0,0,0,0
,,,,,,,,,,,,0,0,0,0
,,,,,,,,,,,,0,0,0,0
,,,,,,,,,,,,0,0,0,0
,,,,,,,,,,,,0,0,0,0
,,,,,,,,,,,,0,0,0,0
,,,,,,,,,,,,0,0,0,0
,,,,,,,,,,,,0,0,0,0
,,,,,,,,,,,,0,0,0,0
,,,,,,,,,,,,0,0,0,0
,,,,,,,,,,,,0,0,0,0
,,,,,,,,,,,,0,0,0,0
,,,,,,,,,,,,0,0,0,0
,,,,,,,,,,,,0,0,0,0
,,,,,,,,,,,,0,0,0,0
,,,,,,,,,,,,0,0,0,0
,,,,,,,,,,,,0,0,0,0
,,,,,,,,,,,,0,0,0,0
,,,,,,,,,,,,0,0,0,0
,,,,,,,,,,,,0,0,0,0
,,,,,,,,,,,,0,0,0,0
,,,,,,,,,,,,0,0,0,0
,,,,,,,,,,,,0,0,0,0
,,,,,,,,,,,,0,0,0,0
,,,,,,,,,,,,0,0,0,0
,,,,,,,,,,,,0,0,0,0
,,,,,,,,,,,,0,0,0,0
,,,,,,,,,,,,0,0,0,0
,,,,,,,,,,,,0,0,0,0
,,,,,,,,,,,,0,0,0,0
,,,,,,,,,,,,0,0,0,0
,,,,,,,,,,,,0,0,0,0
,,,,,,,,,,,,0,0,0,0
,,,,,,,,,,,,0,0,0,0
,,,,,,,,,,,,0,0,0,0
,,,,,,,,,,,,0,0,0,0
,,,,,,,,,,,,0,0,0,0
,,,,,,,,,,,,0,0,0,0
,,,,,,,,,,,,0,0,0,0
,,,,,,,,,,,,0,0,0,0
,,,,,,,,,,,,0,0,0,0
,,,,,,,,,,,,0,0,0,0
,,,,,,,,,,,,0,0,0,0
,,,,,,,,,,,,0,0,0,0
,,,,,,,,,,,,0,0,0,0
,,,,,,,,,,,,0,0,0,0
,,,,,,,,,,,,0,0,0,0
,,,,,,,,,,,,0,0,0,0
,,,,,,,,,,,,0,0,0,0
,,,,,,,,,,,,0,0,0,0
,,,,,,,,,,,,0,0,0,0
,,,,,,,,,,,,0,0,0,0
,,,,,,,,,,,,0,0,0,0
,,,,,,,,,,,,0,0,0,0
,,,,,,,,,,,,0,0,0,0
,,,,,,,,,,,,0,0,0,0
,,,,,,,,,,,,0,0,0,0
,,,,,,,,,,,,0,0,0,0
,,,,,,,,,,,,0,0,0,0
,,,,,,,,,,,,0,0,0,0
,,,,,,,,,,,,0,0,0,0
,,,,,,,,,,,,0,0,0,0
,,,,,,,,,,,,0,0,0,0
,,,,,,,,,,,,0,0,0,0
,,,,,,,,,,,,0,0,0,0
,,,,,,,,,,,,0,0,0,0
,,,,,,,,,,,,0,0,0,0
,,,,,,,,,,,,0,0,0,0
,,,,,,,,,,,,0,0,0,0
,,,,,,,,,,,,0,0,0,0
,,,,,,,,,,,,0,0,0,0
,,,,,,,,,,,,0,0,0,0
,,,,,,,,,,,,0,0,0,0
,,,,,,,,,,,,0,0,0,0
