geo,time,population,cityWeightSessions,cityWeightAdvances,criteo_spend,rtbhouse_spend,fb_spend,gd_spend,criteo_impressions,rtbhouse_impressions,fb_impressions,gd_impressions,revenue_per_conversion,month_1,month_2,month_3,month_4,month_5,month_6,month_7,month_8,month_9,month_10,month_11,month_12,trend
CHQ,2024-12-30,1230155,28449.9865,213.2453,0.0,0.0,46.081929,19.54439,0.0,0.0,14222.788199999999,1225.557,1,0,0,0,0,0,0,0,0,0,0,0,1,1
CHQ,2025-01-06,1230155,40568.8112,289.7802,0.0,0.0,57.380856,27.362146000000003,0.0,0.0,18291.6648,2014.2774,1,1,0,0,0,0,0,0,0,0,0,0,0,2
CHQ,2025-01-13,1230155,37575.1452,252.7892,0.0,0.0,46.97336,27.362146000000003,0.0,0.0,14112.2538,2443.2138,1,1,0,0,0,0,0,0,0,0,0,0,0,3
CHQ,2025-01-20,1230155,32391.091,229.2921,0.0,0.0,43.283638,27.362146000000003,0.0,0.0,13825.008,1230.5502,1,1,0,0,0,0,0,0,0,0,0,0,0,4
CHQ,2025-01-27,1230155,25737.0874,192.35320000000002,0.0,0.0,45.077441,30.821026000000003,0.0,0.0,18285.543,1079.1468,1,1,0,0,0,0,0,0,0,0,0,0,0,5
CHQ,2025-02-03,1230155,43151.304000000004,327.6569,0.0,0.0,60.182794,39.468226,0.0,0.0,22807.5696,1251.3438,1,0,1,0,0,0,0,0,0,0,0,0,0,6
CHQ,2025-02-10,1230155,48366.8787,365.63779999999997,0.0,0.0,67.410627,39.468226,0.0,0.0,23361.4044,1238.8608,1,0,1,0,0,0,0,0,0,0,0,0,0,7
CHQ,2025-02-17,1230155,54818.578,356.4682,27.304393233,0.0,69.254967,39.468226,108540.0612,0.0,22947.0372,1145.3238000000001,1,0,1,0,0,0,0,0,0,0,0,0,0,8
CHQ,2025-02-24,1230155,53645.4423,347.0381,35.410295401999996,0.0,67.164715,36.295324,115123.65710000001,0.0,22252.7703,971.3485000000001,1,0,1,0,0,0,0,0,0,0,0,0,0,9
CHQ,2025-03-03,1230155,54113.0919,328.1258,33.975580945000004,0.0,64.818131,28.363068999999996,106828.139,0.0,20747.6676,174.7284,1,0,0,1,0,0,0,0,0,0,0,0,0,10
CHQ,2025-03-10,1230155,54257.2005,322.5511,32.536697322,0.0,71.781817,28.363068999999996,98443.9379,0.0,24422.5564,0.0,1,0,0,1,0,0,0,0,0,0,0,0,0,11
CHQ,2025-03-17,1230155,54143.6746,304.6808,33.009376585,0.0,72.810792,28.363068999999996,93065.89050000001,0.0,27375.3436,274.9824,1,0,0,1,0,0,0,0,0,0,0,0,0,12
CHQ,2025-03-24,1230155,54244.071299999996,307.4421,32.966121481,0.0,72.991579,28.363068999999996,88527.0782,0.0,27917.4313,1119.4007,1,0,0,1,0,0,0,0,0,0,0,0,0,13
CHQ,2025-03-31,1230155,47029.2112,266.3873,32.039524204,0.0,69.42793900000001,31.635690999999998,86358.0113,0.0,27959.2038,741.6068,1,0,0,1,0,0,0,0,0,0,0,0,0,14
CHQ,2025-04-07,1230155,49071.1665,239.139,34.502980521,0.0,74.145594,32.181128,103675.86679999999,0.0,28009.7059,863.3097,1,0,0,0,1,0,0,0,0,0,0,0,0,15
CHQ,2025-04-14,1230155,51225.762,255.7068,33.64778022,0.0,76.534379,32.181128,92367.9317,0.0,29468.7426,602.4788000000001,1,0,0,0,1,0,0,0,0,0,0,0,0,16
CHQ,2025-04-21,1230155,51126.303100000005,256.9051,34.614505728,0.0,73.965328,32.181128,86304.713,0.0,28179.4898,1496.5466999999999,1,0,0,0,1,0,0,0,0,0,0,0,0,17
CHQ,2025-04-28,1230155,49961.6597,255.4463,33.217834915,0.0,71.523922,28.661388,74055.993,0.0,29327.9096,3575.1122,1,0,0,0,1,0,0,0,0,0,0,0,0,18
CHQ,2025-05-05,1230155,48984.42,244.7658,35.408731967,0.0,71.73440599999999,26.021583,86586.9587,0.0,28145.7308,4073.5178,1,0,0,0,0,1,0,0,0,0,0,0,0,19
CHQ,2025-05-12,1230155,53500.5522,264.9806,34.762511142,0.0,74.145594,26.021583,87175.3542,0.0,27213.6073,4140.6948,1,0,0,0,0,1,0,0,0,0,0,0,0,20
CHQ,2025-05-19,1230155,52348.7254,254.6127,34.814625725,0.0,77.84782,26.021583,85109.4057,0.0,29175.0393,4269.3882,1,0,0,0,0,1,0,0,0,0,0,0,0,21
CHQ,2025-05-26,1230155,51789.484,243.4112,34.373736356,0.0,80.927972,26.255565,68680.3326,0.0,29354.8486,3004.8579,1,0,0,0,0,1,0,0,0,0,0,0,0,22
CHQ,2025-06-02,1230155,54723.3913,248.6733,33.175622104,0.0,83.52255199999999,27.659457000000003,63912.4706,0.0,30876.7316,3912.9409,1,0,0,0,0,0,1,0,0,0,0,0,0,23
CHQ,2025-06-09,1230155,52835.4436,238.5138,34.694762185,0.0,85.231432,27.659457000000003,67663.3342,0.0,31878.8965,4274.8101,1,0,0,0,0,0,1,0,0,0,0,0,0,24
CHQ,2025-06-16,1230155,52621.8857,248.4128,34.716650308,0.0,83.80493399999999,27.659457000000003,65889.0771,0.0,27060.259599999998,3709.1252,1,0,0,0,0,0,1,0,0,0,0,0,0,25
CHQ,2025-06-23,1230155,50408.469300000004,221.7376,34.2559574,0.0,79.131564,27.659457000000003,62203.6514,0.0,29201.2963,5053.7564,1,0,0,0,0,0,1,0,0,0,0,0,0,26
CHQ,2025-06-30,1230155,49716.5813,210.7966,35.814183418,0.0,78.671,28.576365,66132.6193,0.0,30958.8785,7998.973400000001,1,0,0,0,0,0,1,0,0,0,0,0,0,27
CHQ,2025-07-07,1230155,49709.8604,221.6855,36.6589608,0.0,78.216167,28.729183,72380.1826,0.0,30039.2697,9429.195600000001,1,0,0,0,0,0,0,1,0,0,0,0,0,28
CHQ,2025-07-14,1230155,51657.0458,227.67700000000002,33.310077726,0.0,80.073532,28.729183,62987.7468,0.0,31536.0892,9871.4044,1,0,0,0,0,0,0,1,0,0,0,0,0,29
CHQ,2025-07-21,1230155,50037.2568,223.87369999999999,32.615390341,0.0,79.006524,28.729183,60666.6962,0.0,30149.5832,12116.6507,1,0,0,0,0,0,0,1,0,0,0,0,0,30
CHQ,2025-07-28,1230155,49800.827,234.81470000000002,36.637593821,0.0,81.808983,28.686076000000003,65682.2265,0.0,32105.7638,10142.704,1,0,0,0,0,0,0,1,0,0,0,0,0,31
CHQ,2025-08-04,1230155,51444.6862,216.5276,34.625970936,0.0,88.331903,28.628600000000002,64674.7761,0.0,32055.7391,8791.4233,1,0,0,0,0,0,0,0,1,0,0,0,0,32
CHQ,2025-08-11,1230155,52798.5047,229.6047,39.210490762,11.454711999999999,88.961792,28.628600000000002,72711.5323,33699.4614,34042.5074,3907.0757000000003,1,0,0,0,0,0,0,0,1,0,0,0,0,33
CHQ,2025-08-18,1230155,55859.536,334.0131,35.081452386,8.882722,95.37425999999999,28.628600000000002,56007.3404,60573.603200000005,34635.5405,4963.3232,1,0,0,0,0,0,0,0,1,0,0,0,0,34
CHQ,2025-08-25,1230155,52739.6317,207.09750000000003,29.351454036,8.382327,91.551162,28.628600000000002,51162.1737,60207.5397,33770.9009,8234.3998,1,0,0,0,0,0,0,0,1,0,0,0,0,35
CHQ,2025-09-01,1230155,51681.637,222.2586,30.135257358,11.795642,94.74280800000001,29.617406000000003,55416.056,60030.977999999996,34068.408,5985.496,1,0,0,0,0,0,0,0,0,1,0,0,0,36
CHQ,2025-09-08,1230155,52836.7461,221.99810000000002,28.245582592999998,18.284470000000002,95.210666,29.617406000000003,49969.868,60030.977999999996,34422.076,5174.12,1,0,0,0,0,0,0,0,0,1,0,0,0,37
CHQ,2025-09-15,1230155,52984.0328,223.24849999999998,25.515820761,17.671876,93.185018,29.617406000000003,46005.808,60030.977999999996,36488.528,8807.292,1,0,0,0,0,0,0,0,0,1,0,0,0,38
CHQ,2025-09-22,1230155,48790.764299999995,218.299,32.473638675000004,23.429865,93.32673000000001,29.617406000000003,56832.496,60030.977999999996,37832.99,5109.044,1,0,0,0,0,0,0,0,0,1,0,0,0,39
CHQ,2025-09-29,1230155,54156.908,231.324,26.695173763000003,25.342722,93.04799499999999,27.812981,46307.898,60030.977999999996,37787.192,5869.998,1,0,0,0,0,0,0,0,0,1,0,0,0,40
CHQ,2025-10-06,1230155,57216.428400000004,256.853,23.016926527,25.239980999999997,92.721849,27.091210999999998,36853.824,60030.977999999996,34527.646,6535.2080000000005,1,0,0,0,0,0,0,0,0,0,1,0,0,41
CHQ,2025-10-13,1230155,53027.4321,247.1103,20.259022819,30.052561999999998,93.076129,27.091210999999998,33992.044,60030.977999999996,34160.718,6640.778,1,0,0,0,0,0,0,0,0,0,1,0,0,42
CHQ,2025-10-20,1230155,50224.2437,232.5223,19.934348970000002,32.0915,93.54555,27.091210999999998,33882.496,60030.977999999996,34081.328,6309.278,1,0,0,0,0,0,0,0,0,0,1,0,0,43
CHQ,2025-10-27,1230155,53367.593,248.8817,22.496822993000002,32.524706,106.17563200000001,27.341997000000003,35611.225999999995,60030.977999999996,36279.19,6201.26,1,0,0,0,0,0,0,0,0,0,1,0,0,44
CHQ,2025-11-03,1230155,55893.7136,246.7456,23.049237568,29.386817999999998,103.959298,27.968962,34315.52,60030.977999999996,32296.498,6315.466,1,0,0,0,0,0,0,0,0,0,0,1,0,45
CHQ,2025-11-10,1230155,57696.1652,239.8684,22.644307262,30.003083,100.205493,27.968962,34047.26,60030.977999999996,33001.862,5976.928,1,0,0,0,0,0,0,0,0,0,0,1,0,46
CHQ,2025-11-17,1230155,50419.2019,228.35430000000002,29.733453925,27.258805000000002,96.620492,27.968962,50471.844,60030.977999999996,29851.218,5943.5740000000005,1,0,0,0,0,0,0,0,0,0,0,1,0,47
CHQ,2025-11-24,1230155,53512.5352,225.1241,30.427620165999997,19.575095,96.194835,27.968962,57150.6,60030.977999999996,33942.914000000004,5731.176,1,0,0,0,0,0,0,0,0,0,0,1,0,48
CHQ,2025-12-01,1230155,58371.1207,232.1576,32.988530751,19.691893,96.959663,26.252989000000003,62471.396,60030.977999999996,35692.35,6314.65,1,0,0,0,0,0,0,0,0,0,0,0,1,49
CHQ,2025-12-08,1230155,54073.183300000004,211.5781,23.616765372,21.103319000000003,96.375101,26.252989000000003,44632.684,60030.977999999996,38108.934,6385.03,1,0,0,0,0,0,0,0,0,0,0,0,1,50
CHQ,2025-12-15,1230155,53261.5695,211.005,25.688841176,22.384573,89.191553,26.252989000000003,46476.402,60030.977999999996,36305.846,6246.9220000000005,1,0,0,0,0,0,0,0,0,0,0,0,1,51
CHQ,2025-12-22,1230155,56465.8758,216.1629,27.195473755,22.558841,85.608115,26.252989000000003,45487.784,60030.977999999996,35575.9,6185.688,1,0,0,0,0,0,0,0,0,0,0,0,1,52
CHQ,2025-12-29,1230155,22172.6659,91.9565,11.138449728000001,7.58279,33.628986999999995,11.251281,18006.196,25727.561999999998,15001.684,2380.34,1,0,0,0,0,0,0,0,0,0,0,0,1,53
CYC,2024-12-30,263185,6115.928,45.8416,0.0,0.0,9.906288,4.20148,0.0,0.0,3534.9035,304.59749999999997,1,0,0,0,0,0,0,0,0,0,0,0,1,54
CYC,2025-01-06,263185,8721.1264,62.2944,0.0,0.0,12.335232000000001,5.882072000000001,0.0,0.0,4546.174,500.6245,1,1,0,0,0,0,0,0,0,0,0,0,0,55
CYC,2025-01-13,263185,8077.5743999999995,54.342400000000005,0.0,0.0,10.09792,5.882072000000001,0.0,0.0,3507.4314999999997,607.2315,1,1,0,0,0,0,0,0,0,0,0,0,0,56
CYC,2025-01-20,263185,6963.152,49.2912,0.0,0.0,9.304736,5.882072000000001,0.0,0.0,3436.04,305.8385,1,1,0,0,0,0,0,0,0,0,0,0,0,57
CYC,2025-01-27,263185,5532.7328,41.35039999999999,0.0,0.0,9.690352,6.625632,0.0,0.0,4544.6525,268.209,1,1,0,0,0,0,0,0,0,0,0,0,0,58
CYC,2025-02-03,263185,9276.288,70.4368,0.0,0.0,12.937567999999999,8.484532,0.0,0.0,5668.548,311.0065,1,0,1,0,0,0,0,0,0,0,0,0,0,59
CYC,2025-02-10,263185,10397.4864,78.6016,0.0,0.0,14.491344,8.484532,0.0,0.0,5806.197,307.904,1,0,1,0,0,0,0,0,0,0,0,0,0,60
CYC,2025-02-17,263185,11784.416,76.6304,5.864908711100001,0.0,14.887824,8.484532,26976.331000000002,0.0,5703.211,284.6565,1,0,1,0,0,0,0,0,0,0,0,0,0,61
CYC,2025-02-24,263185,11532.2256,74.6032,7.6060342444,0.0,14.43848,7.80245,28632.2925,0.0,5535.183,241.587,1,0,1,0,0,0,0,0,0,0,0,0,0,62
CYC,2025-03-03,263185,11632.7568,70.5376,7.297861517,0.0,13.934032,6.097245,26628.715,0.0,5171.706,43.554,1,0,0,1,0,0,0,0,0,0,0,0,0,63
CYC,2025-03-10,263185,11663.736,69.3392,6.9887932646,0.0,15.431024,6.097245,24538.8115,0.0,6087.734,0.0,1,0,0,1,0,0,0,0,0,0,0,0,0,64
CYC,2025-03-17,263185,11639.3312,65.4976,7.0903234746,0.0,15.652223999999999,6.097245,23198.2425,0.0,6823.766,68.544,1,0,0,1,0,0,0,0,0,0,0,0,0,65
CYC,2025-03-24,263185,11660.9136,66.0912,7.0810323952,0.0,15.691088,6.097245,22066.867,0.0,6958.8904999999995,279.0295,1,0,0,1,0,0,0,0,0,0,0,0,0,66
CYC,2025-03-31,263185,10109.9264,57.2656,6.8820018443,0.0,14.925008,6.800763,21526.1905,0.0,6969.303,184.858,1,0,0,1,0,0,0,0,0,0,0,0,0,67
CYC,2025-04-07,263185,10548.887999999999,51.408,7.411145498,0.0,15.939168,6.918016,25842.958,0.0,6981.8915,215.1945,1,0,0,0,1,0,0,0,0,0,0,0,0,68
CYC,2025-04-14,263185,11012.064,54.9696,7.2274508219,0.0,16.452688000000002,6.918016,23024.2645,0.0,7345.581,150.178,1,0,0,0,1,0,0,0,0,0,0,0,0,69
CYC,2025-04-21,263185,10990.6832,55.227199999999996,7.435100807,0.0,15.900416,6.918016,21512.905,0.0,7024.213,373.0395,1,0,0,0,1,0,0,0,0,0,0,0,0,70
CYC,2025-04-28,263185,10740.3184,54.9136,7.1350997505,0.0,15.375583999999998,6.161372,18459.705,0.0,7310.476000000001,891.1569999999999,1,0,0,0,1,0,0,0,0,0,0,0,0,71
CYC,2025-05-05,263185,10530.24,52.6176,7.605698423,0.0,15.420832,5.593889000000001,21583.2595,0.0,7015.798,1015.393,1,0,0,0,0,1,0,0,0,0,0,0,0,72
CYC,2025-05-12,263185,11501.0784,56.9632,7.466891963,0.0,15.939168,5.593889000000001,21729.927,0.0,6783.4505,1032.138,1,0,0,0,0,1,0,0,0,0,0,0,0,73
CYC,2025-05-19,263185,11253.4688,54.7344,7.478086032,0.0,16.735039999999998,5.593889000000001,21214.9545,0.0,7272.3705,1064.217,1,0,0,0,0,1,0,0,0,0,0,0,0,74
CYC,2025-05-26,263185,11133.248,52.3264,7.383384207000001,0.0,17.397184,5.644189,17119.731,0.0,7317.191000000001,749.0115,1,0,0,0,0,1,0,0,0,0,0,0,0,75
CYC,2025-06-02,263185,11763.9536,53.4576,7.126032553699999,0.0,17.954944,5.945989,15931.261,0.0,7696.546,975.3665,1,0,0,0,0,0,1,0,0,0,0,0,0,76
CYC,2025-06-09,263185,11358.0992,51.2736,7.452339674,0.0,18.322304,5.945989,16866.227,0.0,7946.3525,1065.5685,1,0,0,0,0,0,1,0,0,0,0,0,0,77
CYC,2025-06-16,263185,11312.1904,53.4016,7.457041182,0.0,18.015648000000002,5.945989,16423.963499999998,0.0,6745.226,924.562,1,0,0,0,0,0,1,0,0,0,0,0,0,78
CYC,2025-06-23,263185,10836.3696,47.6672,7.358085610000001,0.0,17.011008,5.945989,15505.309,0.0,7278.9155,1259.734,1,0,0,0,0,0,1,0,0,0,0,0,0,79
CYC,2025-06-30,263185,10687.6336,45.3152,7.6927882823000004,0.0,16.912,6.143095000000001,16484.6705,0.0,7717.022500000001,1993.879,1,0,0,0,0,0,1,0,0,0,0,0,0,80
CYC,2025-07-07,263185,10686.1888,47.656,7.8742441439999995,0.0,16.814224,6.175946,18041.981,0.0,7487.7945,2350.386,1,0,0,0,0,0,0,1,0,0,0,0,0,81
CYC,2025-07-14,263185,11104.7776,48.944,7.1549132517,0.0,17.213504,6.175946,15700.758,0.0,7860.902,2460.614,1,0,0,0,0,0,0,1,0,0,0,0,0,82
CYC,2025-07-21,263185,10756.569599999999,48.126400000000004,7.0056963096,0.0,16.984128000000002,6.175946,15122.197,0.0,7515.292,3020.2795,1,0,0,0,0,0,0,1,0,0,0,0,0,83
CYC,2025-07-28,263185,10705.744,50.4784,7.869654576,0.0,17.586576,6.166679,16372.4025,0.0,8002.903,2528.24,1,0,0,0,0,0,0,1,0,0,0,0,0,84
CYC,2025-08-04,263185,11059.126400000001,46.547200000000004,7.437563503,0.0,18.988816,6.154323,16121.2785,0.0,7990.4335,2191.4105,1,0,0,0,0,0,0,0,1,0,0,0,0,85
CYC,2025-08-11,263185,11350.1584,49.3584,8.422305775,2.462433,19.124223999999998,6.154323,18124.5755,12208.21,8485.669,973.9045,1,0,0,0,0,0,0,0,1,0,0,0,0,86
CYC,2025-08-18,263185,12008.192,71.8032,7.535399666999999,1.90953,20.50272,6.154323,13960.774,14931.882,8633.4925,1237.192,1,0,0,0,0,0,0,0,1,0,0,0,0,87
CYC,2025-08-25,263185,11337.5024,44.519999999999996,6.3046117518,1.80196,19.680864,6.154323,12753.0345,15007.744499999999,8417.9665,2052.563,1,0,0,0,0,0,0,0,1,0,0,0,0,88
CYC,2025-09-01,263185,11110.064,47.7792,6.472970553400001,2.535725,20.366976,6.366892,13854.014,15007.744499999999,8517.102,1496.374,1,0,0,0,0,0,0,0,0,1,0,0,0,89
CYC,2025-09-08,263185,11358.3792,47.723200000000006,6.0670736017,3.930634,20.467552,6.366892,12492.467,15007.744499999999,8605.519,1293.53,1,0,0,0,0,0,0,0,0,1,0,0,0,90
CYC,2025-09-15,263185,11390.0416,47.992000000000004,5.480728253500001,3.798945,20.032096000000003,6.366892,11501.452,15007.744499999999,9122.132,2201.823,1,0,0,0,0,0,0,0,0,1,0,0,0,91
CYC,2025-09-22,263185,10488.6096,46.928,6.975248441400001,5.036746,20.062559999999998,6.366892,14208.124,15007.744499999999,9458.2475,1277.261,1,0,0,0,0,0,0,0,0,1,0,0,0,92
CYC,2025-09-29,263185,11642.176,49.727999999999994,5.7340500414,5.4479560000000005,20.00264,5.978992,11576.9745,15007.744499999999,9446.798,1467.4995,1,0,0,0,0,0,0,0,0,1,0,0,0,93
CYC,2025-10-06,263185,12299.8848,55.216,4.9439726322,5.425868,19.932528,5.8238319999999995,9213.456,15007.744499999999,8631.9115,1633.8020000000001,1,0,0,0,0,0,0,0,0,0,1,0,0,94
CYC,2025-10-13,263185,11399.3712,53.1216,4.3515824866,6.460436,20.008688,5.8238319999999995,8498.011,15007.744499999999,8540.1795,1660.1945,1,0,0,0,0,0,0,0,0,0,1,0,0,95
CYC,2025-10-20,263185,10796.7664,49.9856,4.2818434351,6.898746999999999,20.1096,5.8238319999999995,8470.624,15007.744499999999,8520.332,1577.3195,1,0,0,0,0,0,0,0,0,0,1,0,0,96
CYC,2025-10-27,263185,11472.496,53.502399999999994,4.8322558208999995,6.9918759999999995,22.824704,5.877744,8902.806499999999,15007.744499999999,9069.7975,1550.315,1,0,0,0,0,0,0,0,0,0,1,0,0,97
CYC,2025-11-03,263185,12015.5392,53.0432,4.9509129552,6.31732,22.348256000000003,6.012524,8578.88,15007.744499999999,8074.1245,1578.8665,1,0,0,0,0,0,0,0,0,0,0,1,0,98
CYC,2025-11-10,263185,12403.0144,51.5648,4.8639350369,6.449798,21.541296,6.012524,8511.815,15007.744499999999,8250.4655,1494.232,1,0,0,0,0,0,0,0,0,0,0,1,0,99
CYC,2025-11-17,263185,10838.676800000001,49.089600000000004,6.386664279100001,5.859859,20.770623999999998,6.012524,12617.961,15007.744499999999,7462.8045,1485.8935000000001,1,0,0,0,0,0,0,0,0,0,0,1,0,100
CYC,2025-11-24,263185,11503.6544,48.3952,6.5357692818999995,4.20808,20.67912,6.012524,14287.65,15007.744499999999,8485.728500000001,1432.794,1,0,0,0,0,0,0,0,0,0,0,1,0,101
CYC,2025-12-01,263185,12548.1104,49.9072,7.085845845400001,4.233188999999999,20.843536,5.643638000000001,15801.5884,15184.306199999999,9028.065,1597.2350000000001,1,0,0,0,0,0,0,0,0,0,0,0,1,102
CYC,2025-12-08,263185,11624.177599999999,45.4832,5.0728163693,4.536607,20.717872000000003,5.643638000000001,11289.4436,15184.306199999999,9639.3186,1615.037,1,0,0,0,0,0,0,0,0,0,0,0,1,103
CYC,2025-12-15,263185,11449.704,45.36,5.5178925634,4.812038,19.173616,5.643638000000001,11755.7958,15184.306199999999,9183.2434,1580.1038,1,0,0,0,0,0,0,0,0,0,0,0,1,104
CYC,2025-12-22,263185,12138.5376,46.4688,5.841513106,4.849501,18.40328,5.643638000000001,11505.7336,15184.306199999999,8998.61,1564.6152,1,0,0,0,0,0,0,0,0,0,0,0,1,105
CYC,2025-12-29,263185,4766.4848,19.768,2.3925084242,1.6300819999999998,7.229264000000001,2.418702,4554.5084,6507.5598,3794.5436,602.086,1,0,0,0,0,0,0,0,0,0,0,0,1,106
CYQ,2024-12-30,481190,11139.726,83.4972,0.0,0.0,18.043596,7.652699999999999,0.0,0.0,5946.9553000000005,512.4404999999999,1,0,0,0,0,0,0,0,0,0,0,0,1,107
CYQ,2025-01-06,481190,15884.9088,113.4648,0.0,0.0,22.467744000000003,10.71378,0.0,0.0,7648.2692,842.2271000000001,1,1,0,0,0,0,0,0,0,0,0,0,0,108
CYQ,2025-01-13,481190,14712.7248,98.9808,0.0,0.0,18.39264,10.71378,0.0,0.0,5900.7377,1021.5777,1,1,0,0,0,0,0,0,0,0,0,0,0,109
CYQ,2025-01-20,481190,12682.884,89.7804,0.0,0.0,16.947912,10.71378,0.0,0.0,5780.6320000000005,514.5283,1,1,0,0,0,0,0,0,0,0,0,0,0,110
CYQ,2025-01-27,481190,10077.4776,75.3168,0.0,0.0,17.650284000000003,12.068119999999999,0.0,0.0,7645.7095,451.2222,1,1,0,0,0,0,0,0,0,0,0,0,0,111
CYQ,2025-02-03,481190,16896.096,128.2956,0.0,0.0,23.564856,15.45397,0.0,0.0,9536.4984,523.2227,1,0,1,0,0,0,0,0,0,0,0,0,0,112
CYQ,2025-02-10,481190,18938.2788,143.1672,0.0,0.0,26.394948,15.45397,0.0,0.0,9768.0726,518.0032,1,0,1,0,0,0,0,0,0,0,0,0,0,113
CYQ,2025-02-17,481190,21464.472,139.5768,10.6798534225,0.0,27.117107999999998,15.45397,45383.7098,0.0,9594.8138,478.8927,1,0,1,0,0,0,0,0,0,0,0,0,0,114
CYQ,2025-02-24,481190,21005.1252,135.8844,13.850399872,0.0,26.298659999999998,14.211606,48169.6215,0.0,9312.1314,406.4346,1,0,1,0,0,0,0,0,0,0,0,0,0,115
CYQ,2025-03-03,481190,21188.2356,128.4792,13.289224974000001,0.0,25.379844,11.105696,44798.897,0.0,8700.6348,73.2732,1,0,0,1,0,0,0,0,0,0,0,0,0,116
CYQ,2025-03-10,481190,21244.662,126.2964,12.726419346,0.0,28.106507999999998,11.105696,41282.9417,0.0,10241.7172,0.0,1,0,0,1,0,0,0,0,0,0,0,0,0,117
CYQ,2025-03-17,481190,21200.2104,119.2992,12.911303338,0.0,28.509407999999997,11.105696,39027.6315,0.0,11479.9828,115.3152,1,0,0,1,0,0,0,0,0,0,0,0,0,118
CYQ,2025-03-24,481190,21239.5212,120.3804,12.894384516,0.0,28.580196,11.105696,37124.2586,0.0,11707.3099,469.4261,1,0,0,1,0,0,0,0,0,0,0,0,0,119
CYQ,2025-03-31,481190,18414.5088,104.3052,12.531954813,0.0,27.184836,12.387103999999999,36214.649900000004,0.0,11724.8274,310.9964,1,0,0,1,0,0,0,0,0,0,0,0,0,120
CYQ,2025-04-07,481190,19214.046000000002,93.636,13.495512296,0.0,29.032056,12.600672,43476.9764,0.0,11746.0057,362.0331,1,0,0,0,1,0,0,0,0,0,0,0,0,121
CYQ,2025-04-14,481190,20057.688000000002,100.1232,13.161008841000001,0.0,29.967395999999997,12.600672,38734.939099999996,0.0,12357.8598,252.6524,1,0,0,0,1,0,0,0,0,0,0,0,0,122
CYQ,2025-04-21,481190,20018.7444,100.5924,13.539134317,0.0,28.961472,12.600672,36192.299,0.0,11817.2054,627.5841,1,0,0,0,1,0,0,0,0,0,0,0,0,123
CYQ,2025-04-28,481190,19562.7228,100.0212,12.992839829,0.0,28.005527999999998,11.2225,31055.739,0.0,12298.8008,1499.2406,1,0,0,0,1,0,0,0,0,0,0,0,0,124
CYQ,2025-05-05,481190,19180.08,95.8392,13.849788349999999,0.0,28.087943999999997,10.188870999999999,36310.6601,0.0,11803.0484,1708.2494,1,0,0,0,0,1,0,0,0,0,0,0,0,125
CYQ,2025-05-12,481190,20948.3928,103.7544,13.597025227,0.0,29.032055999999997,10.188870999999999,36557.4066,0.0,11412.1579,1736.4204,1,0,0,0,0,1,0,0,0,0,0,0,0,126
CYQ,2025-05-19,481190,20497.389600000002,99.6948,13.617409348999999,0.0,30.48168,10.188870999999999,35691.0411,0.0,12234.6939,1790.3886,1,0,0,0,0,1,0,0,0,0,0,0,0,127
CYQ,2025-05-26,481190,20278.416,95.3088,13.444959672,0.0,31.687728000000003,10.280488,28801.429799999998,0.0,12310.0978,1260.1017,1,0,0,0,0,1,0,0,0,0,0,0,0,128
CYQ,2025-06-02,481190,21427.2012,97.3692,12.97632869,0.0,32.703648,10.83019,26802.0038,0.0,12948.3068,1640.9107,1,0,0,0,0,0,1,0,0,0,0,0,0,129
CYQ,2025-06-09,481190,20687.9664,93.3912,13.570525867,0.0,33.372768,10.83019,28374.9466,0.0,13368.569500000001,1792.6623,1,0,0,0,0,0,1,0,0,0,0,0,0,130
CYQ,2025-06-16,481190,20604.3468,97.2672,13.579087199,0.0,32.814216,10.83019,27630.903299999998,0.0,11347.8508,1555.4396,1,0,0,0,0,0,1,0,0,0,0,0,0,131
CYQ,2025-06-23,481190,19737.6732,86.8224,13.398891553,0.0,30.984336,10.83019,26085.4022,0.0,12245.7049,2119.3172,1,0,0,0,0,0,1,0,0,0,0,0,0,132
CYQ,2025-06-30,481190,19466.7612,82.5384,14.008376824000003,0.0,30.804000000000002,11.189212,27733.0339,0.0,12982.7555,3354.4082,1,0,0,0,0,0,1,0,0,0,0,0,0,133
CYQ,2025-07-07,481190,19464.1296,86.802,14.338803453,0.0,30.625908,11.249049,30352.979799999997,0.0,12597.1131,3954.1788,1,0,0,0,0,0,0,1,0,0,0,0,0,134
CYQ,2025-07-14,481190,20226.5592,89.148,13.028919725000002,0.0,31.353168,11.249049,26414.2164,0.0,13224.8116,4139.6212,1,0,0,0,0,0,0,1,0,0,0,0,0,135
CYQ,2025-07-21,481190,19592.3232,87.6588,12.757199372,0.0,30.935376,11.249049,25440.8726,0.0,12643.373599999999,5081.1761,1,0,0,0,0,0,0,1,0,0,0,0,0,136
CYQ,2025-07-28,481190,19499.748,91.9428,14.330445962,0.0,32.032692,11.232168000000001,27544.1595,0.0,13463.7074,4253.392,1,0,0,0,0,0,0,1,0,0,0,0,0,137
CYQ,2025-08-04,481190,20143.4088,84.7824,13.543618826,0.0,34.586772,11.209660000000001,27121.6803,0.0,13442.7293,3686.7259000000004,1,0,0,0,0,0,0,0,1,0,0,0,0,138
CYQ,2025-08-11,481190,20673.502800000002,89.9028,15.336810103,4.485145999999999,34.833408,11.209660000000001,30491.9329,20985.7648,14275.8902,1638.4511,1,0,0,0,0,0,0,0,1,0,0,0,0,139
CYQ,2025-08-18,481190,21872.064,130.7844,13.721776057,3.478072,37.34424,11.209660000000001,23486.9492,24175.150999999998,14524.5815,2081.3936,1,0,0,0,0,0,0,0,1,0,0,0,0,140
CYQ,2025-08-25,481190,20650.4508,81.09,11.480541764,3.2821390000000004,35.847288,11.209660000000001,21455.1051,25248.3231,14161.9907,3453.1354,1,0,0,0,0,0,0,0,1,0,0,0,0,141
CYQ,2025-09-01,481190,20236.188000000002,87.0264,11.787118969,4.61864,37.096992,11.596836999999999,23307.3412,25248.3231,14328.7716,2517.4292,1,0,0,0,0,0,0,0,0,1,0,0,0,142
CYQ,2025-09-08,481190,20688.4764,86.92439999999999,11.047990679,7.15937,37.280184,11.596836999999999,21016.7386,25248.3231,14477.5202,2176.174,1,0,0,0,0,0,0,0,0,1,0,0,0,143
CYQ,2025-09-15,481190,20746.1472,87.414,9.980270330000002,6.919506999999999,36.487032,11.596836999999999,19349.5016,25248.3231,15346.6456,3704.2434,1,0,0,0,0,0,0,0,0,1,0,0,0,144
CYQ,2025-09-22,481190,19104.2532,85.476,12.701754557,9.174072,36.542519999999996,11.596836999999999,23903.0792,25248.3231,15912.110499999999,2148.8038,1,0,0,0,0,0,0,0,0,1,0,0,0,145
CYQ,2025-09-29,481190,21205.392,90.576,10.441563028000001,9.923062,36.43338,10.890301999999998,19381.9578,25122.207599999998,15811.6625,2455.8451,1,0,0,0,0,0,0,0,0,1,0,0,0,146
CYQ,2025-10-06,481190,22403.3616,100.572,9.002851646,9.882832,36.305676,10.607688000000001,15391.8912,25071.7614,14420.3698,2729.4103999999998,1,0,0,0,0,0,0,0,0,0,1,0,0,147
CYQ,2025-10-13,481190,20763.1404,96.7572,7.9241238706,11.767221,36.444396000000005,10.607688000000001,14196.6772,25071.7614,14267.1234,2773.5014,1,0,0,0,0,0,0,0,0,0,1,0,0,148
CYQ,2025-10-20,481190,19665.5388,91.0452,7.7971307857,12.565577000000001,36.6282,10.607688000000001,14150.9248,25071.7614,14233.966400000001,2635.0514000000003,1,0,0,0,0,0,0,0,0,0,1,0,0,149
CYQ,2025-10-27,481190,20896.332,97.4508,8.799418101999999,12.735202999999998,41.573567999999995,10.705886,14872.9238,25071.7614,15151.897,2589.938,1,0,0,0,0,0,0,0,0,0,1,0,0,150
CYQ,2025-11-03,481190,21885.4464,96.6144,9.015489803000001,11.506547000000001,40.705752000000004,10.951381,14331.776,25071.7614,13488.537400000001,2637.6358,1,0,0,0,0,0,0,0,0,0,0,1,0,151
CYQ,2025-11-10,481190,22591.2048,93.9216,8.857105167,11.747847,39.235932,10.951381,14219.738,25071.7614,13783.1306,2496.2464,1,0,0,0,0,0,0,0,0,0,0,1,0,152
CYQ,2025-11-17,481190,19741.8756,89.4132,11.629957383,10.673312000000001,37.832208,10.951381,21079.4172,25071.7614,12467.2734,2482.3162,1,0,0,0,0,0,0,0,0,0,0,1,0,153
CYQ,2025-11-24,481190,20953.0848,88.1484,11.901473897,7.66472,37.66554,10.951381,23868.78,25071.7614,14176.1582,2393.6088,1,0,0,0,0,0,0,0,0,0,0,1,0,154
CYQ,2025-12-01,481190,22855.4868,90.9024,12.90314969,7.710453,37.965012,10.279479000000002,26090.9948,25071.7614,14906.805,2637.295,1,0,0,0,0,0,0,0,0,0,0,0,1,155
CYQ,2025-12-08,481190,21172.6092,82.8444,9.237472898,8.263105000000001,37.736124,10.279479000000002,18640.7092,25071.7614,15916.0842,2666.689,1,0,0,0,0,0,0,0,0,0,0,0,1,156
CYQ,2025-12-15,481190,20854.818,82.62,10.047945617,8.764785,34.923372,10.279479000000002,19410.7326,25071.7614,15163.0298,2609.0086,1,0,0,0,0,0,0,0,0,0,0,0,1,157
CYQ,2025-12-22,481190,22109.4792,84.6396,10.637250606,8.83302,33.52026,10.279479000000002,18997.8392,25071.7614,14858.17,2583.4344,1,0,0,0,0,0,0,0,0,0,0,0,1,158
CYQ,2025-12-29,481190,8681.8116,36.006,4.356698552,2.969078,13.167588,4.4054910000000005,7520.2348,10745.0406,6265.4092,994.142,1,0,0,0,0,0,0,0,0,0,0,0,1,159
HCC,2024-12-30,457876,10648.2675,79.8135,0.0,0.0,17.247555,7.31508,0.0,0.0,6113.3037,526.7745,1,0,0,0,0,0,0,0,0,0,0,0,1,160
HCC,2025-01-06,457876,15184.104,108.459,0.0,0.0,21.47652,10.241112000000001,0.0,0.0,7862.2068,865.7859000000001,1,1,0,0,0,0,0,0,0,0,0,0,0,161
HCC,2025-01-13,457876,14063.634,94.614,0.0,0.0,17.5812,10.241112000000001,0.0,0.0,6065.7933,1050.1533,1,1,0,0,0,0,0,0,0,0,0,0,0,162
HCC,2025-01-20,457876,12123.345,85.8195,0.0,0.0,16.20021,10.241112000000001,0.0,0.0,5942.3279999999995,528.9207,1,1,0,0,0,0,0,0,0,0,0,0,0,163
HCC,2025-01-27,457876,9632.883,71.994,0.0,0.0,16.871595,11.535702,0.0,0.0,7859.5755,463.8438,1,1,0,0,0,0,0,0,0,0,0,0,0,164
HCC,2025-02-03,457876,16150.68,122.63550000000001,0.0,0.0,22.52523,14.772177000000001,0.0,0.0,9803.2536,537.8583,1,0,1,0,0,0,0,0,0,0,0,0,0,165
HCC,2025-02-10,457876,18102.766499999998,136.851,0.0,0.0,25.230465,14.772177000000001,0.0,0.0,10041.305400000001,532.4928,1,0,1,0,0,0,0,0,0,0,0,0,0,166
HCC,2025-02-17,457876,20517.510000000002,133.419,10.2339892629,0.0,25.920765000000003,14.772177000000001,46653.1842,0.0,9863.2002,492.2883,1,0,1,0,0,0,0,0,0,0,0,0,0,167
HCC,2025-02-24,457876,20078.4285,129.8895,13.272171252,0.0,25.138424999999998,13.584623,49517.0235,0.0,9572.6106,417.8034,1,0,1,0,0,0,0,0,0,0,0,0,0,168
HCC,2025-03-03,457876,20253.4605,122.81099999999999,12.73442437,0.0,24.260145,10.615738,46052.013,0.0,8944.0092,75.3228,1,0,0,1,0,0,0,0,0,0,0,0,0,169
HCC,2025-03-10,457876,20307.3975,120.72449999999999,12.195114836,0.0,26.866515,10.615738,42437.7093,0.0,10528.1988,0.0,1,0,0,1,0,0,0,0,0,0,0,0,0,170
HCC,2025-03-17,457876,20264.907,114.036,12.372280264,0.0,27.251640000000002,10.615738,40119.3135,0.0,11801.101200000001,118.5408,1,0,0,1,0,0,0,0,0,0,0,0,0,171
HCC,2025-03-24,457876,20302.483500000002,115.06949999999999,12.356067771000001,0.0,27.319305,10.615738,38162.6994,0.0,12034.7871,482.5569,1,0,0,1,0,0,0,0,0,0,0,0,0,172
HCC,2025-03-31,457876,17602.104,99.70349999999999,12.008768839,0.0,25.985505000000003,11.840614,37227.6471,0.0,12052.794600000001,319.6956,1,0,0,1,0,0,0,0,0,0,0,0,0,173
HCC,2025-04-07,457876,18366.3675,89.505,12.932099575,0.0,27.75123,12.044760000000002,44693.1156,0.0,12074.5653,372.1599,1,0,0,0,1,0,0,0,0,0,0,0,0,174
HCC,2025-04-14,457876,19172.79,95.706,12.611561024,0.0,28.645304999999997,12.044760000000002,39818.433899999996,0.0,12703.5342,259.7196,1,0,0,0,1,0,0,0,0,0,0,0,0,175
HCC,2025-04-21,457876,19135.5645,96.1545,12.97390046,0.0,27.683760000000003,12.044760000000002,37204.671,0.0,12147.7566,645.1388999999999,1,0,0,0,1,0,0,0,0,0,0,0,0,176
HCC,2025-04-28,457876,18699.661500000002,95.60849999999999,12.450412755,0.0,26.769989999999996,10.727392,31809.0815,0.0,12592.3845,1535.09,1,0,0,0,1,0,0,0,0,0,0,0,0,177
HCC,2025-05-05,457876,18333.9,91.611,13.271585258,0.0,26.84877,9.739366,37072.4222,0.0,12050.6648,1744.0868,1,0,0,0,0,1,0,0,0,0,0,0,0,178
HCC,2025-05-12,457876,20024.199,99.177,13.02937453,0.0,27.75123,9.739366,37324.3452,0.0,11651.5738,1772.8488,1,0,0,0,0,1,0,0,0,0,0,0,0,179
HCC,2025-05-19,457876,19593.093,95.2965,13.048907652,0.0,29.1369,9.739366,36439.8042,0.0,12491.3658,1827.9492,1,0,0,0,0,1,0,0,0,0,0,0,0,180
HCC,2025-05-26,457876,19383.78,91.104,12.883657431,0.0,30.289740000000002,9.826941,29429.3508,0.0,12581.7688,1287.8863,1,0,0,0,0,1,0,0,0,0,0,0,0,181
HCC,2025-06-02,457876,20481.8835,93.0735,12.434590926999999,0.0,31.260839999999998,10.352391,27551.7102,0.0,13310.4972,1686.8102999999999,1,0,0,0,0,0,1,0,0,0,0,0,0,182
HCC,2025-06-09,457876,19775.262,89.271,13.003981469000001,0.0,31.90044,10.352391,29168.6514,0.0,13742.5155,1842.8067,1,0,0,0,0,0,1,0,0,0,0,0,0,183
HCC,2025-06-16,457876,19695.3315,92.976,13.012185382,0.0,31.366529999999997,10.352391,28403.7957,0.0,11665.2732,1598.9484,1,0,0,0,0,0,1,0,0,0,0,0,0,184
HCC,2025-06-23,457876,18866.8935,82.992,12.839512573,0.0,29.617379999999997,10.352391,26815.0638,0.0,12588.2421,2178.5987999999998,1,0,0,0,0,0,1,0,0,0,0,0,0,185
HCC,2025-06-30,457876,18607.9335,78.89699999999999,13.423552958,0.0,29.445,10.695566999999999,28508.7831,0.0,13345.9095,3448.2378,1,0,0,0,0,0,1,0,0,0,0,0,0,186
HCC,2025-07-07,457876,18605.417999999998,82.9725,13.740184885000001,0.0,29.274765000000002,10.752763,31202.014199999998,0.0,12949.4799,4064.7852,1,0,0,0,0,0,0,1,0,0,0,0,0,187
HCC,2025-07-14,457876,19334.211,85.215,12.484986385,0.0,29.96994,10.752763,27153.0756,0.0,13594.7364,4255.4148000000005,1,0,0,0,0,0,0,1,0,0,0,0,0,188
HCC,2025-07-21,457876,18727.956,83.7915,12.224609852999999,0.0,29.57058,10.752763,26152.505400000002,0.0,12997.0344,5223.3069000000005,1,0,0,0,0,0,0,1,0,0,0,0,0,189
HCC,2025-07-28,457876,18639.465,87.8865,13.732176304,0.0,30.619485,10.736629,28314.625500000002,0.0,13840.314600000002,4372.368,1,0,0,0,0,0,0,1,0,0,0,0,0,190
HCC,2025-08-04,457876,19254.729,81.042,12.978197747,0.0,33.060885,10.715117,27880.3287,0.0,13818.7497,3789.8511,1,0,0,0,0,0,0,0,1,0,0,0,0,191
HCC,2025-08-11,457876,19761.4365,85.9365,14.696526598999998,4.287273,33.29664,10.715117,31344.8541,23291.0034,14675.2158,1684.2819,1,0,0,0,0,0,0,0,1,0,0,0,0,192
HCC,2025-08-18,457876,20907.12,125.0145,13.148917245,3.3246260000000003,35.6967,10.715117,24143.9268,25901.943900000002,14930.8635,2139.6144,1,0,0,0,0,0,0,0,1,0,0,0,0,193
HCC,2025-08-25,457876,19739.4015,77.5125,11.001250342999999,3.137341,34.26579,10.715117,22055.2479,25954.569900000002,14558.130299999999,3549.7266,1,0,0,0,0,0,0,0,1,0,0,0,0,194
HCC,2025-09-01,457876,19343.415,83.187,11.295028517,4.414876,35.46036,11.085213999999999,23959.2948,25954.569900000002,14729.5764,2587.8468000000003,1,0,0,0,0,0,0,0,0,1,0,0,0,195
HCC,2025-09-08,457876,19775.7495,83.0895,10.586757468,6.843515999999999,35.63547,11.085213999999999,21604.6194,25954.569900000002,14882.4858,2237.0460000000003,1,0,0,0,0,0,0,0,0,1,0,0,0,196
HCC,2025-09-15,457876,19830.876,83.5575,9.563612473000001,6.614234,34.877309999999994,11.085213999999999,19890.7464,25954.569900000002,15775.9224,3807.8586,1,0,0,0,0,0,0,0,0,1,0,0,0,197
HCC,2025-09-22,457876,18261.4185,81.705,12.171479757,8.769336,34.93035,11.085213999999999,24571.696799999998,25954.569900000002,16357.2045,2208.9102,1,0,0,0,0,0,0,0,0,1,0,0,0,198
HCC,2025-09-29,457876,20269.86,86.58,10.005647052,9.48528,34.826025,10.409849,20021.3559,25954.569900000002,16337.4036,2537.9109,1,0,0,0,0,0,0,0,0,1,0,0,0,199
HCC,2025-10-06,457876,21414.978,96.135,8.626999212000001,9.446826,34.70395499999999,10.139703,15933.8592,25954.569900000002,14928.1293,2825.5164,1,0,0,0,0,0,0,0,0,0,1,0,0,200
HCC,2025-10-13,457876,19847.1195,92.4885,7.5933063305,11.24808,34.836555,10.139703,14696.5602,25954.569900000002,14769.4869,2871.1599,1,0,0,0,0,0,0,0,0,0,1,0,0,201
HCC,2025-10-20,457876,18797.9415,87.0285,7.4716149725,12.011214,35.01225,10.139703,14649.1968,25954.569900000002,14735.1624,2727.8349,1,0,0,0,0,0,0,0,0,0,1,0,0,202
HCC,2025-10-27,457876,19974.435,93.1515,8.432058644,12.173354999999999,39.73944,10.233569,15396.6183,25954.569900000002,15685.414499999999,2681.133,1,0,0,0,0,0,0,0,0,0,1,0,0,203
HCC,2025-11-03,457876,20919.912,92.352,8.63910975,10.998906,38.909909999999996,10.468234,14836.416,25954.569900000002,13963.4859,2730.5103,1,0,0,0,0,0,0,0,0,0,0,1,0,204
HCC,2025-11-10,457876,21594.534,89.778,8.48733738,11.22956,37.504935,10.468234,14720.433,25954.569900000002,14268.4521,2584.1424,1,0,0,0,0,0,0,0,0,0,0,1,0,205
HCC,2025-11-17,457876,18870.910499999998,85.4685,11.144428137,10.202432,36.16314,10.468234,21821.6502,25954.569900000002,12906.2619,2569.7217,1,0,0,0,0,0,0,0,0,0,0,1,0,206
HCC,2025-11-24,457876,20028.684,84.2595,11.404609338999999,7.326571,36.003825,10.468234,24709.23,25954.569900000002,14675.3187,2477.8908,1,0,0,0,0,0,0,0,0,0,0,1,0,207
HCC,2025-12-01,457876,21847.1565,86.892,12.364467012999999,7.3702879999999995,36.290085,9.825977,27009.6918,25954.569900000002,15431.6925,2730.1575000000003,1,0,0,0,0,0,0,0,0,0,0,0,1,208
HCC,2025-12-08,457876,20238.5235,79.1895,8.85182546,7.898555,36.071295,9.825977,19297.0722,25954.569900000002,16476.5097,2760.5865,1,0,0,0,0,0,0,0,0,0,0,0,1,209
HCC,2025-12-15,457876,19934.7525,78.975,9.628462443,8.378104,33.382635,9.825977,20094.2091,25954.569900000002,15696.9393,2700.8751,1,0,0,0,0,0,0,0,0,0,0,0,1,210
HCC,2025-12-22,457876,21134.061,80.9055,10.193165035,8.443328000000001,32.041425,9.825977,19666.7772,25954.569900000002,15381.345,2674.4004,1,0,0,0,0,0,0,0,0,0,0,0,1,211
HCC,2025-12-29,457876,8298.7905,34.417500000000004,4.174814432,2.838089,12.586665,4.211133,7785.031800000001,11123.3871,6486.022199999999,1029.147,1,0,0,0,0,0,0,0,0,0,0,0,1,212
HLQ,2024-12-30,316377,7371.8775000000005,55.2555,0.0,0.0,11.940615000000001,5.064285000000001,0.0,0.0,4117.1229,354.7665,1,0,0,0,0,0,0,0,0,0,0,0,1,213
HLQ,2025-01-06,316377,10512.072,75.087,0.0,0.0,14.868360000000001,7.089999000000001,0.0,0.0,5294.9556,583.0803,1,1,0,0,0,0,0,0,0,0,0,0,0,214
HLQ,2025-01-13,316377,9736.362,65.502,0.0,0.0,12.171600000000002,7.089999000000001,0.0,0.0,4085.1261,707.2461,1,1,0,0,0,0,0,0,0,0,0,0,0,215
HLQ,2025-01-20,316377,8393.085000000001,59.4135,0.0,0.0,11.21553,7.089999000000001,0.0,0.0,4001.976,356.2119,1,1,0,0,0,0,0,0,0,0,0,0,0,216
HLQ,2025-01-27,316377,6668.919,49.842,0.0,0.0,11.680335,7.9862530000000005,0.0,0.0,5293.1835,312.3846,1,1,0,0,0,0,0,0,0,0,0,0,0,217
HLQ,2025-02-03,316377,11181.24,84.9015,0.0,0.0,15.59439,10.226888,0.0,0.0,6602.1912,362.23109999999997,1,0,1,0,0,0,0,0,0,0,0,0,0,218
HLQ,2025-02-10,316377,12532.6845,94.743,0.0,0.0,17.467245000000002,10.226888,0.0,0.0,6762.5118,358.61760000000004,1,0,1,0,0,0,0,0,0,0,0,0,0,219
HLQ,2025-02-17,316377,14204.43,92.367,7.0471648822,0.0,17.945145,10.226888,31419.4914,0.0,6642.5634,331.54110000000003,1,0,1,0,0,0,0,0,0,0,0,0,0,220
HLQ,2025-02-24,316377,13900.450499999999,89.9235,9.139268837,0.0,17.403525,9.404736,33348.1995,0.0,6446.8602,281.3778,1,0,1,0,0,0,0,0,0,0,0,0,0,221
HLQ,2025-03-03,316377,14021.6265,85.023,8.76897424,0.0,16.795485,7.349355999999999,31014.621,0.0,6023.5163999999995,50.7276,1,0,0,1,0,0,0,0,0,0,0,0,0,222
HLQ,2025-03-10,316377,14058.9675,83.5785,8.397603594,0.0,18.599895,7.349355999999999,28580.498099999997,0.0,7090.419599999999,0.0,1,0,0,1,0,0,0,0,0,0,0,0,0,223
HLQ,2025-03-17,316377,14029.551,78.94800000000001,8.519600397,0.0,18.86652,7.349355999999999,27019.1295,0.0,7947.6804,79.8336,1,0,0,1,0,0,0,0,0,0,0,0,0,224
HLQ,2025-03-24,316377,14055.5655,79.6635,8.508436412,0.0,18.913365,7.349355999999999,25701.4098,0.0,8105.0607,324.9873,1,0,0,1,0,0,0,0,0,0,0,0,0,225
HLQ,2025-03-31,316377,12186.072,69.0255,8.2692850149,0.0,17.989964999999998,8.197348,25071.6807,0.0,8117.1882,215.3052,1,0,0,1,0,0,0,0,0,0,0,0,0,226
HLQ,2025-04-07,316377,12715.1775,61.964999999999996,8.905094156,0.0,19.21239,8.33868,30099.4452,0.0,8131.8501,250.63830000000002,1,0,0,0,1,0,0,0,0,0,0,0,0,227
HLQ,2025-04-14,316377,13273.470000000001,66.258,8.68437006,0.0,19.831365,8.33868,26816.4963,0.0,8555.4414,174.9132,1,0,0,0,1,0,0,0,0,0,0,0,0,228
HLQ,2025-04-21,316377,13247.6985,66.5685,8.933878409,0.0,19.16568,8.33868,25056.207,0.0,8181.1422,434.48130000000003,1,0,0,0,1,0,0,0,0,0,0,0,0,229
HLQ,2025-04-28,316377,12945.9195,66.1905,8.573402737,0.0,18.53307,7.426656,21384.7775,0.0,8464.1157,1031.8484,1,0,0,0,1,0,0,0,0,0,0,0,0,230
HLQ,2025-05-05,316377,12692.7,63.423,9.13886532,0.0,18.587609999999998,6.742638,24884.2286,0.0,8088.8024000000005,1170.6884,1,0,0,0,0,1,0,0,0,0,0,0,0,231
HLQ,2025-05-12,316377,13862.907,68.661,8.972078068999998,0.0,19.21239,6.742638,25053.3276,0.0,7820.919400000001,1189.9944,1,0,0,0,0,1,0,0,0,0,0,0,0,232
HLQ,2025-05-19,316377,13564.449,65.9745,8.985528654,0.0,20.1717,6.742638,24459.5946,0.0,8384.615399999999,1226.9796,1,0,0,0,0,1,0,0,0,0,0,0,0,233
HLQ,2025-05-26,316377,13419.54,63.072,8.871736707,0.0,20.96982,6.803267000000001,19738.0428,0.0,8436.2908,863.5662,1,0,0,0,0,1,0,0,0,0,0,0,0,234
HLQ,2025-06-02,316377,14179.7655,64.4355,8.562507763,0.0,21.64212,7.167041,18367.8068,0.0,8873.6648,1124.5402,1,0,0,0,0,0,1,0,0,0,0,0,0,235
HLQ,2025-06-09,316377,13690.566,61.803,8.95459231,0.0,22.08492,7.167041,19445.7676,0.0,9161.677,1228.5378,1,0,0,0,0,0,1,0,0,0,0,0,0,236
HLQ,2025-06-16,316377,13635.2295,64.368,8.960241555,0.0,21.71529,7.167041,18935.8638,0.0,7776.8488,1065.9656,1,0,0,0,0,0,1,0,0,0,0,0,0,237
HLQ,2025-06-23,316377,13061.6955,57.455999999999996,8.841338385,0.0,20.504340000000003,7.167041,17876.7092,0.0,8392.1614,1452.3992,1,0,0,0,0,0,1,0,0,0,0,0,0,238
HLQ,2025-06-30,316377,12882.4155,54.621,9.243510872,0.0,20.385,7.404623,19005.8554,0.0,8897.273000000001,2298.8252,1,0,0,0,0,0,1,0,0,0,0,0,0,239
HLQ,2025-07-07,316377,12880.674,57.442499999999995,9.461544849,0.0,20.267145,7.4442200000000005,20801.3428,0.0,8632.9866,2709.8568,1,0,0,0,0,0,0,1,0,0,0,0,0,240
HLQ,2025-07-14,316377,13385.223,58.995000000000005,8.597210271,0.0,20.74842,7.4442200000000005,18102.0504,0.0,9063.1576,2836.9431999999997,1,0,0,0,0,0,0,1,0,0,0,0,0,241
HLQ,2025-07-21,316377,12965.508,58.0095,8.417913977,0.0,20.47194,7.4442200000000005,17435.0036,0.0,8664.6896,3482.2046,1,0,0,0,0,0,0,1,0,0,0,0,0,242
HLQ,2025-07-28,316377,12904.245,60.844500000000004,9.456030109,0.0,21.198105,7.433051000000001,18876.417,0.0,9226.876400000001,2914.912,1,0,0,0,0,0,0,1,0,0,0,0,0,243
HLQ,2025-08-04,316377,13330.197,56.106,8.936837536,0.0,22.888305,7.418158999999999,18586.8858,0.0,9212.4998,2526.5674,1,0,0,0,0,0,0,0,1,0,0,0,0,244
HLQ,2025-08-11,316377,13680.9945,59.4945,10.12008548,2.968111,23.05152,7.418158999999999,20896.5694,12544.4704,9783.4772,1122.8546000000001,1,0,0,0,0,0,0,0,1,0,0,0,0,245
HLQ,2025-08-18,316377,14474.16,86.5485,9.054395649,2.3016650000000003,24.7131,7.418158999999999,16095.9512,17076.7058,9953.909,1426.4096,1,0,0,0,0,0,0,0,1,0,0,0,0,246
HLQ,2025-08-25,316377,13665.7395,53.6625,7.5755038515,2.172005,23.722469999999998,7.418158999999999,14703.498599999999,17303.0466,9705.4202,2366.4844,1,0,0,0,0,0,0,0,1,0,0,0,0,247
HLQ,2025-09-01,316377,13391.595,57.591,7.7778006467,3.0564530000000003,24.54948,7.67438,15972.8632,17303.0466,9819.7176,1725.2312,1,0,0,0,0,0,0,0,0,1,0,0,0,248
HLQ,2025-09-08,316377,13690.9035,57.5235,7.290082443,4.737819,24.67071,7.67438,14403.079600000001,17303.0466,9921.6572,1491.364,1,0,0,0,0,0,0,0,0,1,0,0,0,249
HLQ,2025-09-15,316377,13729.068,57.8475,6.5855408127,4.579085,24.14583,7.67438,13260.497599999999,17303.0466,10517.2816,2538.5724,1,0,0,0,0,0,0,0,0,1,0,0,0,250
HLQ,2025-09-22,316377,12642.5205,56.565,8.381328385,6.071079,24.182550000000003,7.67438,16381.1312,17303.0466,10904.803,1472.6068,1,0,0,0,0,0,0,0,0,1,0,0,0,251
HLQ,2025-09-29,316377,14032.98,59.94,6.889927546599999,6.566733,24.110325,7.2068200000000004,13347.5706,17303.0466,10891.6024,1691.9406,1,0,0,0,0,0,0,0,0,1,0,0,0,252
HLQ,2025-10-06,316377,14825.754,66.555,5.9405852723,6.540109999999999,24.025814999999998,7.019796,10622.5728,17303.0466,9952.0862,1883.6776,1,0,0,0,0,0,0,0,0,0,1,0,0,253
HLQ,2025-10-13,316377,13740.3135,64.0305,5.228780326,7.787132000000001,24.117615,7.019796,9797.7068,17303.0466,9846.3246,1914.1066,1,0,0,0,0,0,0,0,0,0,1,0,0,254
HLQ,2025-10-20,316377,13013.9595,60.2505,5.1449831827,8.315456000000001,24.239250000000002,7.019796,9766.1312,17303.0466,9823.4416,1818.5566,1,0,0,0,0,0,0,0,0,0,1,0,0,255
HLQ,2025-10-27,316377,13828.455,64.48949999999999,5.8063484362999995,8.427708,27.51192,7.084779999999999,10264.4122,17303.0466,10456.943,1787.422,1,0,0,0,0,0,0,0,0,0,1,0,0,256
HLQ,2025-11-03,316377,14483.016,63.936,5.9489246351,7.614628,26.93763,7.24724,9890.944,17303.0466,9308.990600000001,1820.3402,1,0,0,0,0,0,0,0,0,0,0,1,0,257
HLQ,2025-11-10,316377,14950.062,62.153999999999996,5.8444135912,7.774311,25.964955,7.24724,9813.622,17303.0466,9512.3014,1722.7616,1,0,0,0,0,0,0,0,0,0,0,1,0,258
HLQ,2025-11-17,316377,13064.4765,59.1705,7.6740966387,7.0632220000000006,25.036019999999997,7.24724,14547.766800000001,17303.0466,8604.1746,1713.1478,1,0,0,0,0,0,0,0,0,0,0,1,0,259
HLQ,2025-11-24,316377,13866.012,58.3335,7.853258426999999,5.072242,24.925725000000003,7.24724,16472.82,17303.0466,9783.5458,1651.9272,1,0,0,0,0,0,0,0,0,0,0,1,0,260
HLQ,2025-12-01,316377,15124.9545,60.156,8.514220164000001,5.102507,25.123905,6.8026,18006.4612,17303.0466,10287.795,1820.105,1,0,0,0,0,0,0,0,0,0,0,0,1,261
HLQ,2025-12-08,316377,14011.2855,54.823499999999996,6.0954015031,5.468230999999999,24.972435,6.8026,12864.7148,17303.0466,10984.3398,1840.391,1,0,0,0,0,0,0,0,0,0,0,0,1,262
HLQ,2025-12-15,316377,13800.9825,54.675000000000004,6.6301967538,5.800225,23.111055,6.8026,13396.1394,17303.0466,10464.6262,1800.5834,1,0,0,0,0,0,0,0,0,0,0,0,1,263
HLQ,2025-12-22,316377,14631.273,56.0115,7.0190531598999995,5.845381,22.182525000000002,6.8026,13111.184799999999,17303.0466,10254.23,1782.9336,1,0,0,0,0,0,0,0,0,0,0,0,1,264
HLQ,2025-12-29,316377,5745.3165,23.8275,2.8747934843,1.964831,8.713845,2.9154,5190.0212,7415.5914,4324.0148,686.098,1,0,0,0,0,0,0,0,0,0,0,0,1,265
HSQ,2024-12-30,594611,13979.264,104.7808,0.0,0.0,22.642943999999996,9.603385000000001,0.0,0.0,6695.5231,576.9435000000001,1,0,0,0,0,0,0,0,0,0,0,0,1,266
HSQ,2025-01-06,594611,19934.0032,142.3872,0.0,0.0,28.194816,13.444739,0.0,0.0,8610.9884,948.2417,1,1,0,0,0,0,0,0,0,0,0,0,0,267
HSQ,2025-01-13,594611,18463.0272,124.21119999999999,0.0,0.0,23.08096,13.444739,0.0,0.0,6643.4879,1150.1679,1,1,0,0,0,0,0,0,0,0,0,0,0,268
HSQ,2025-01-20,594611,15915.776,112.6656,0.0,0.0,21.267968,13.444739,0.0,0.0,6508.264,579.2941,1,1,0,0,0,0,0,0,0,0,0,0,0,269
HSQ,2025-01-27,594611,12646.2464,94.5152,0.0,0.0,22.149376000000004,15.144303,0.0,0.0,8608.1065,508.0194,1,1,0,0,0,0,0,0,0,0,0,0,0,270
HSQ,2025-02-03,594611,21202.944,160.9984,0.0,0.0,29.571584,19.393213,0.0,0.0,10736.8968,589.0829,1,0,1,0,0,0,0,0,0,0,0,0,0,271
HSQ,2025-02-10,594611,23765.6832,179.6608,0.0,0.0,33.123072,19.393213,0.0,0.0,10997.6202,583.2064,1,0,1,0,0,0,0,0,0,0,0,0,0,272
HSQ,2025-02-17,594611,26935.808,175.1552,13.390968326500001,0.0,34.029312,19.393213,51096.3446,0.0,10802.552599999999,539.1729,1,0,1,0,0,0,0,0,0,0,0,0,0,273
HSQ,2025-02-24,594611,26359.3728,170.5216,17.366368121,0.0,33.00224,17.834169000000003,54312.144400000005,0.0,10502.4891,458.2781,1,0,1,0,0,0,0,0,0,0,0,0,0,274
HSQ,2025-03-03,594611,26589.1584,161.2288,16.662737181,0.0,31.849216000000002,13.936559000000003,50751.198000000004,0.0,9856.663199999999,83.0088,1,0,0,1,0,0,0,0,0,0,0,0,0,275
HSQ,2025-03-10,594611,26659.968,158.4896,15.957061546,0.0,35.270911999999996,13.936559000000003,46768.0878,0.0,11602.5048,0.0,1,0,0,1,0,0,0,0,0,0,0,0,0,276
HSQ,2025-03-17,594611,26604.1856,149.7088,16.188878932,0.0,35.776512000000004,13.936559000000003,44213.121,0.0,13005.2952,130.6368,1,0,0,1,0,0,0,0,0,0,0,0,0,277
HSQ,2025-03-24,594611,26653.5168,151.06560000000002,16.167665213,0.0,35.865344,13.936559000000003,42056.8524,0.0,13262.8266,531.7974,1,0,0,1,0,0,0,0,0,0,0,0,0,278
HSQ,2025-03-31,594611,23108.4032,130.8928,15.713231573999998,0.0,34.114304000000004,15.544601,41026.3866,0.0,13282.6716,352.31759999999997,1,0,0,1,0,0,0,0,0,0,0,0,0,279
HSQ,2025-04-07,594611,24111.744,117.50399999999999,16.921391198000002,0.0,36.432384,15.812608,49253.6376,0.0,13306.6638,410.1354,1,0,0,0,1,0,0,0,0,0,0,0,0,280
HSQ,2025-04-14,594611,25170.432,125.6448,16.501972976,0.0,37.606144,15.812608,43881.5394,0.0,13999.8132,286.22159999999997,1,0,0,0,1,0,0,0,0,0,0,0,0,281
HSQ,2025-04-21,594611,25121.5616,126.23360000000001,16.976086811000002,0.0,36.343807999999996,15.812608,41001.066,0.0,13387.3236,710.9694,1,0,0,0,1,0,0,0,0,0,0,0,0,282
HSQ,2025-04-28,594611,24549.2992,125.5168,16.291113721,0.0,35.144192,14.08314,35182.026,0.0,13932.9072,1698.4404,1,0,0,0,1,0,0,0,0,0,0,0,0,283
HSQ,2025-05-05,594611,24069.12,120.2688,17.365601359,0.0,35.247616,12.786039,41135.153399999996,0.0,13371.2856,1935.2196,1,0,0,0,0,1,0,0,0,0,0,0,0,284
HSQ,2025-05-12,594611,26288.1792,130.2016,17.048673512,0.0,36.432384,12.786039,41414.6844,0.0,12928.4586,1967.1336,1,0,0,0,0,1,0,0,0,0,0,0,0,285
HSQ,2025-05-19,594611,25722.2144,125.1072,17.074232208999998,0.0,38.25152,12.786039,40433.2074,0.0,13860.2826,2028.2723999999998,1,0,0,0,0,1,0,0,0,0,0,0,0,286
HSQ,2025-05-26,594611,25447.424,119.60319999999999,16.85800563,0.0,39.764992,12.901008999999998,32628.1932,0.0,13945.7052,1427.5278,1,0,0,0,0,1,0,0,0,0,0,0,0,287
HSQ,2025-06-02,594611,26889.0368,122.1888,16.270411174,0.0,41.039871999999995,13.590829,30363.1092,0.0,14668.711200000002,1858.9338,1,0,0,0,0,0,1,0,0,0,0,0,0,288
HSQ,2025-06-09,594611,25961.369599999998,117.1968,17.015447204,0.0,41.879552000000004,13.590829,32145.0444,0.0,15144.813,2030.8482,1,0,0,0,0,0,1,0,0,0,0,0,0,289
HSQ,2025-06-16,594611,25856.4352,122.0608,17.026181858,0.0,41.178624,13.590829,31302.142200000002,0.0,12855.6072,1762.1064,1,0,0,0,0,0,1,0,0,0,0,0,0,290
HSQ,2025-06-23,594611,24768.8448,108.9536,16.800242973,0.0,38.882304,13.590829,29551.2948,0.0,13872.7566,2400.9048000000003,1,0,0,0,0,0,1,0,0,0,0,0,0,291
HSQ,2025-06-30,594611,24428.8768,103.5776,17.564448026,0.0,38.656000000000006,14.041363,31417.8426,0.0,14707.737000000001,3800.0987999999998,1,0,0,0,0,0,1,0,0,0,0,0,0,292
HSQ,2025-07-07,594611,24425.5744,108.928,17.978754509999998,0.0,38.432511999999996,14.116451999999999,34385.8932,0.0,14270.8554,4479.5592,1,0,0,0,0,0,0,1,0,0,0,0,0,293
HSQ,2025-07-14,594611,25382.3488,111.872,16.336352614,0.0,39.345152,14.116451999999999,29923.797599999998,0.0,14981.9544,4689.6408,1,0,0,0,0,0,0,1,0,0,0,0,0,294
HSQ,2025-07-21,594611,24586.4448,110.00319999999999,15.995655178,0.0,38.820864,14.116451999999999,28821.1284,0.0,14323.2624,5756.2974,1,0,0,0,0,0,0,1,0,0,0,0,0,295
HSQ,2025-07-28,594611,24470.272,115.3792,17.968275444,0.0,40.197888,14.095269,31203.873,0.0,15252.5916,4818.528,1,0,0,0,0,0,0,1,0,0,0,0,0,296
HSQ,2025-08-04,594611,25278.0032,106.39359999999999,16.981709725,0.0,43.403008,14.067025000000001,30725.2602,0.0,15228.8262,4176.5706,1,0,0,0,0,0,0,0,1,0,0,0,0,297
HSQ,2025-08-11,594611,25943.2192,112.8192,19.230108334,5.628419,43.712512,14.067025000000001,34543.308600000004,23242.2696,16172.6868,1856.1474,1,0,0,0,0,0,0,0,1,0,0,0,0,298
HSQ,2025-08-18,594611,27447.296000000002,164.1216,17.205092738999998,4.3646389999999995,46.86336,14.067025000000001,26607.5928,28131.445799999998,16454.421000000002,2357.9424,1,0,0,0,0,0,0,0,1,0,0,0,0,299
HSQ,2025-08-25,594611,25914.2912,101.75999999999999,14.394913961,4.118765,44.984832,14.067025000000001,24305.7834,28602.9954,16043.6538,3911.9436,1,0,0,0,0,0,0,0,1,0,0,0,0,300
HSQ,2025-09-01,594611,25394.432,109.2096,14.779316770000001,5.795939,46.553087999999995,14.552895000000001,26404.1208,28602.9954,16232.5944,2851.9128,1,0,0,0,0,0,0,0,0,1,0,0,0,301
HSQ,2025-09-08,594611,25962.0096,109.0816,13.852558402,8.984307,46.782976,14.552895000000001,23809.1724,28602.9954,16401.1068,2465.316,1,0,0,0,0,0,0,0,0,1,0,0,0,302
HSQ,2025-09-15,594611,26034.3808,109.696,12.513793832,8.683302,45.787648,14.552895000000001,21920.4144,28602.9954,17385.7104,4196.4156,1,0,0,0,0,0,0,0,0,1,0,0,0,303
HSQ,2025-09-22,594611,23973.9648,107.264,15.926135522,11.512565,45.85728,14.552895000000001,27079.012799999997,28602.9954,18026.307,2434.3091999999997,1,0,0,0,0,0,0,0,0,1,0,0,0,304
HSQ,2025-09-29,594611,26610.688000000002,113.664,13.092187154000001,12.45247,45.72032,13.666265000000001,22064.3514,28602.9954,18004.4856,2796.8813999999998,1,0,0,0,0,0,0,0,0,1,0,0,0,305
HSQ,2025-10-06,594611,28114.022399999998,126.208,11.288254293,12.401986999999998,45.560064000000004,13.311613,17559.7632,28602.9954,16451.4078,3113.8344,1,0,0,0,0,0,0,0,0,0,1,0,0,306
HSQ,2025-10-13,594611,26055.7056,121.4208,9.935688026000001,14.76671,45.73414399999999,13.311613,16196.2092,28602.9954,16276.5774,3164.1354,1,0,0,0,0,0,0,0,0,0,1,0,0,307
HSQ,2025-10-20,594611,24678.3232,114.2528,9.776457341,15.768568,45.9648,13.311613,16144.0128,28602.9954,16238.7504,3006.1854,1,0,0,0,0,0,0,0,0,0,1,0,0,308
HSQ,2025-10-27,594611,26222.848,122.2912,11.033178493000001,15.981431,52.170752,13.434840999999999,16967.7018,28602.9954,17285.967,2954.718,1,0,0,0,0,0,0,0,0,0,1,0,0,309
HSQ,2025-11-03,594611,27464.0896,121.2416,11.304100684,14.439588,51.081728000000005,13.742911000000001,16350.336,28602.9954,15388.3314,3009.1338,1,0,0,0,0,0,0,0,0,0,0,1,0,310
HSQ,2025-11-10,594611,28349.747199999998,117.86240000000001,11.105509605,14.742398000000001,49.237248,13.742911000000001,16222.518,28602.9954,15724.4166,2847.8304,1,0,0,0,0,0,0,0,0,0,0,1,0,311
HSQ,2025-11-17,594611,24774.1184,112.20479999999999,14.582259211999999,13.39396,47.475712,13.742911000000001,24048.3492,28602.9954,14223.2274,2831.9382,1,0,0,0,0,0,0,0,0,0,0,1,0,312
HSQ,2025-11-24,594611,26294.0672,110.61760000000001,14.922701062000002,9.618473999999999,47.26656,13.742911000000001,27230.58,28602.9954,16172.8002,2730.7368,1,0,0,0,0,0,0,0,0,0,0,1,0,313
HSQ,2025-12-01,594611,28681.3952,114.0736,16.178655453,9.675863,47.642368,12.899740000000001,29949.5222,28779.5571,17111.3325,3027.3175,1,0,0,0,0,0,0,0,0,0,0,0,1,314
HSQ,2025-12-08,594611,26569.5488,103.9616,11.582434898999999,10.369385,47.355136,12.899740000000001,21397.4338,28779.5571,18269.8713,3061.0585,1,0,0,0,0,0,0,0,0,0,0,0,1,315
HSQ,2025-12-15,594611,26170.752,103.67999999999999,12.598648708,10.998944999999999,43.825407999999996,12.899740000000001,22281.333899999998,28779.5571,17405.4497,2994.8478999999998,1,0,0,0,0,0,0,0,0,0,0,0,1,316
HSQ,2025-12-22,594611,27745.2288,106.2144,13.337550648,11.084575,42.06464,12.899740000000001,21807.3788,28779.5571,17055.505,2965.4916,1,0,0,0,0,0,0,0,0,0,0,0,1,317
HSQ,2025-12-29,594611,10894.822400000001,45.184,5.462660395,3.725901,16.524032,5.52846,8632.3822,12334.0959,7191.9838,1141.163,1,0,0,0,0,0,0,0,0,0,0,0,1,318
ILQ,2024-12-30,449235,10539.0545,78.9949,0.0,0.0,17.070657,7.240055,0.0,0.0,5032.0391,433.6035,1,0,0,0,0,0,0,0,0,0,0,0,1,319
ILQ,2025-01-06,449235,15028.3696,107.34660000000001,0.0,0.0,21.256248,10.136076999999998,0.0,0.0,6471.6124,712.6537,1,1,0,0,0,0,0,0,0,0,0,0,0,320
ILQ,2025-01-13,449235,13919.391599999999,93.64359999999999,0.0,0.0,17.40088,10.136076999999998,0.0,0.0,4992.9319,864.4119000000001,1,1,0,0,0,0,0,0,0,0,0,0,0,321
ILQ,2025-01-20,449235,11999.003,84.9393,0.0,0.0,16.034054,10.136076999999998,0.0,0.0,4891.304,435.3701,1,1,0,0,0,0,0,0,0,0,0,0,0,322
ILQ,2025-01-27,449235,9534.0842,71.2556,0.0,0.0,16.698553,11.417389,0.0,0.0,6469.4465,381.8034,1,1,0,0,0,0,0,0,0,0,0,0,0,323
ILQ,2025-02-03,449235,15985.032,121.3777,0.0,0.0,22.294202,14.620669,0.0,0.0,8069.3448,442.7269,1,0,1,0,0,0,0,0,0,0,0,0,0,324
ILQ,2025-02-10,449235,17917.0971,135.4474,0.0,0.0,24.971691,14.620669,0.0,0.0,8265.2922,438.3104,1,0,1,0,0,0,0,0,0,0,0,0,0,325
ILQ,2025-02-17,449235,20307.074,132.0506,10.0982485318,0.0,25.654911000000002,14.620669,38401.6006,0.0,8118.6886,405.2169,1,0,1,0,0,0,0,0,0,0,0,0,0,326
ILQ,2025-02-24,449235,19872.495899999998,128.5573,13.096132937,0.0,24.880595,13.445295000000002,40758.9105,0.0,7879.4958,343.9062,1,0,1,0,0,0,0,0,0,0,0,0,0,327
ILQ,2025-03-03,449235,20045.7327,121.5514,12.565518575999999,0.0,24.011323,10.506860000000001,37906.759,0.0,7362.0756,62.0004,1,0,0,1,0,0,0,0,0,0,0,0,0,328
ILQ,2025-03-10,449235,20099.1165,119.4863,12.033362293,0.0,26.590960999999997,10.506860000000001,34931.719900000004,0.0,8666.0684,0.0,1,0,0,1,0,0,0,0,0,0,0,0,0,329
ILQ,2025-03-17,449235,20057.0618,112.8664,12.208177848999998,0.0,26.972136,10.506860000000001,33023.3805,0.0,9713.8316,97.5744,1,0,0,1,0,0,0,0,0,0,0,0,0,330
ILQ,2025-03-24,449235,20094.2529,113.88929999999999,12.192180394,0.0,27.039106999999998,10.506860000000001,31412.8342,0.0,9906.185300000001,397.2067,1,0,0,1,0,0,0,0,0,0,0,0,0,331
ILQ,2025-03-31,449235,17421.5696,98.68090000000001,11.849487938,0.0,25.718987000000002,11.719172,30643.1653,0.0,9921.0078,263.1508,1,0,0,1,0,0,0,0,0,0,0,0,0,332
ILQ,2025-04-07,449235,18177.9945,88.587,12.760571875,0.0,27.466601999999998,11.921224,36788.2108,0.0,9938.9279,306.3357,1,0,0,0,1,0,0,0,0,0,0,0,0,333
ILQ,2025-04-14,449235,18976.146,94.7244,12.444284857,0.0,28.351507,11.921224,32775.7177,0.0,10456.650599999999,213.7828,1,0,0,0,1,0,0,0,0,0,0,0,0,334
ILQ,2025-04-21,449235,18939.3023,95.1683,12.801818324000001,0.0,27.399824,11.921224,30624.253,0.0,9999.1738,531.0327,1,0,0,0,1,0,0,0,0,0,0,0,0,335
ILQ,2025-04-28,449235,18507.8701,94.6279,12.285274015,0.0,26.495426000000002,10.617364,26277.933,0.0,10406.6776,1268.5882,1,0,0,0,1,0,0,0,0,0,0,0,0,336
ILQ,2025-05-05,449235,18145.86,90.6714,13.095554717,0.0,26.573398,9.639469000000002,30724.4047,0.0,9987.194800000001,1445.4418,1,0,0,0,0,1,0,0,0,0,0,0,0,337
ILQ,2025-05-12,449235,19818.8226,98.1598,12.856556601,0.0,27.466601999999998,9.639469000000002,30933.1902,0.0,9656.4413,1469.2788,1,0,0,0,0,1,0,0,0,0,0,0,0,338
ILQ,2025-05-19,449235,19392.1382,94.3191,12.875830642999999,0.0,28.83806,9.639469000000002,30200.1117,0.0,10352.4333,1514.9442,1,0,0,0,0,1,0,0,0,0,0,0,0,339
ILQ,2025-05-26,449235,19184.972,90.1696,12.712772253,0.0,29.979076,9.726146000000002,24370.4406,0.0,10416.2366,1066.2399,1,0,0,0,0,1,0,0,0,0,0,0,0,340
ILQ,2025-06-02,449235,20271.8129,92.1189,12.269662040999998,0.0,30.940216,10.246208000000001,22678.6186,0.0,10956.2596,1388.4629,1,0,0,0,0,0,1,0,0,0,0,0,0,341
ILQ,2025-06-09,449235,19572.4388,88.3554,12.831500349,0.0,31.573256,10.246208000000001,24009.5702,0.0,11311.8665,1516.8681,1,0,0,0,0,0,1,0,0,0,0,0,0,342
ILQ,2025-06-16,449235,19493.3281,92.0224,12.839595446,0.0,31.044822,10.246208000000001,23379.9951,0.0,9602.0276,1316.1412,1,0,0,0,0,0,1,0,0,0,0,0,0,343
ILQ,2025-06-23,449235,18673.3869,82.1408,12.66921292,0.0,29.313612000000003,10.246208000000001,22072.2634,0.0,10361.7503,1793.2684,1,0,0,0,0,0,1,0,0,0,0,0,0,344
ILQ,2025-06-30,449235,18417.0829,78.0878,13.245506759,0.0,29.143,10.585868,23466.4133,0.0,10985.4085,2838.3454,1,0,0,0,0,0,1,0,0,0,0,0,0,345
ILQ,2025-07-07,449235,18414.5932,82.1215,13.557938970999999,0.0,28.974510999999996,10.642478,25683.2906,0.0,10659.0957,3345.8436,1,0,0,0,0,0,0,1,0,0,0,0,0,346
ILQ,2025-07-14,449235,19135.9114,84.341,12.319389067,0.0,29.662556,10.642478,22350.4908,0.0,11190.2252,3502.7564,1,0,0,0,0,0,0,1,0,0,0,0,0,347
ILQ,2025-07-21,449235,18535.8744,82.9321,12.062466095,0.0,29.267291999999998,10.642478,21526.8922,0.0,10698.2392,4299.4567,1,0,0,0,0,0,0,1,0,0,0,0,0,348
ILQ,2025-07-28,449235,18448.291,86.9851,13.550036614,0.0,30.305439,10.626509,23306.5965,0.0,11392.3678,3599.024,1,0,0,0,0,0,0,1,0,0,0,0,0,349
ILQ,2025-08-04,449235,19057.244599999998,80.2108,12.806058614,0.0,32.721799000000004,10.605217,22949.1141,0.0,11374.6171,3119.5373,1,0,0,0,0,0,0,0,1,0,0,0,0,350
ILQ,2025-08-11,449235,19558.7551,85.0551,14.501596039999999,4.2433,32.955136,10.605217,25800.866299999998,16852.250799999998,12079.5994,1386.3817,1,0,0,0,0,0,0,0,1,0,0,0,0,351
ILQ,2025-08-18,449235,20692.688000000002,123.7323,12.974513737,3.2905290000000003,35.33058,10.605217,19873.5724,20754.8396,12290.0305,1761.1792,1,0,0,0,0,0,0,0,1,0,0,0,0,352
ILQ,2025-08-25,449235,19536.9461,76.7175,10.855332879,3.105161,33.914346,10.605217,18154.3197,21363.9657,11983.2229,2921.8838,1,0,0,0,0,0,0,0,1,0,0,0,0,353
ILQ,2025-09-01,449235,19145.021,82.3338,11.145214461999998,4.369595,35.096664000000004,10.971513,19721.5964,21363.9657,12124.3452,2130.1324,1,0,0,0,0,0,0,0,0,1,0,0,0,354
ILQ,2025-09-08,449235,19572.9213,82.2373,10.446337719,6.773325,35.269978,10.971513,17783.3942,21363.9657,12250.2094,1841.3780000000002,1,0,0,0,0,0,0,0,0,1,0,0,0,355
ILQ,2025-09-15,449235,19627.4824,82.7005,9.43676343,6.546396,34.519594,10.971513,16372.655200000001,21363.9657,12985.6232,3134.3598,1,0,0,0,0,0,0,0,0,1,0,0,0,356
ILQ,2025-09-22,449235,18074.1219,80.867,12.010040702000001,8.679394,34.572089999999996,10.971513,20225.6824,21363.9657,13464.093499999999,1818.2186000000002,1,0,0,0,0,0,0,0,0,1,0,0,0,357
ILQ,2025-09-29,449235,20061.964,85.69200000000001,9.872934987,9.387995,34.468835,10.303078000000001,16480.1637,21363.9657,13447.7948,2089.0287,1,0,0,0,0,0,0,0,0,1,0,0,0,358
ILQ,2025-10-06,449235,21195.337199999998,95.149,8.512573142,9.349936,34.348017,10.035703999999999,13115.6256,21363.9657,12287.7799,2325.7652,1,0,0,0,0,0,0,0,0,0,1,0,0,359
ILQ,2025-10-13,449235,19643.5593,91.5399,7.492590868700001,11.132715000000001,34.479257,10.035703999999999,12097.1686,21363.9657,12157.1967,2363.3357,1,0,0,0,0,0,0,0,0,0,1,0,0,360
ILQ,2025-10-20,449235,18605.142099999997,86.1359,7.3725135896000005,11.888023,34.653150000000004,10.035703999999999,12058.182400000002,21363.9657,12128.9432,2245.3607,1,0,0,0,0,0,0,0,0,0,1,0,0,361
ILQ,2025-10-27,449235,19769.569,92.1961,8.320218209,12.048501000000002,39.331855999999995,10.128606,12673.4069,21363.9657,12911.1235,2206.919,1,0,0,0,0,0,0,0,0,0,1,0,0,362
ILQ,2025-11-03,449235,20705.3488,91.4048,8.524523047999999,10.886094,38.510834,10.360861,12212.288,21363.9657,11493.7537,2247.5629,1,0,0,0,0,0,0,0,0,0,0,1,0,363
ILQ,2025-11-10,449235,21373.0516,88.8572,8.374763746,11.114386999999999,37.120269,10.360861,12116.819,21363.9657,11744.7803,2127.0832,1,0,0,0,0,0,0,0,0,0,0,1,0,364
ILQ,2025-11-17,449235,18677.3627,84.5919,10.996611602,10.097790999999999,35.792236,10.360861,17962.0386,21363.9657,10623.5217,2115.2131,1,0,0,0,0,0,0,0,0,0,0,1,0,365
ILQ,2025-11-24,449235,19823.261599999998,83.3953,11.253341835,7.251428,35.634555,10.360861,20338.89,21363.9657,12079.6841,2039.6244,1,0,0,0,0,0,0,0,0,0,0,1,0,366
ILQ,2025-12-01,449235,21623.0831,86.0008,12.200468232,7.294693,35.917879,9.725198,22232.4674,21363.9657,12702.2775,2247.2725,1,0,0,0,0,0,0,0,0,0,0,0,1,367
ILQ,2025-12-08,449235,20030.9489,78.3773,8.734417359,7.817544000000001,35.701333,9.725198,15883.9846,21363.9657,13562.2971,2272.3195,1,0,0,0,0,0,0,0,0,0,0,0,1,368
ILQ,2025-12-15,449235,19730.2935,78.16499999999999,9.500753247,8.292173,33.040248999999996,9.725198,16540.1313,21363.9657,12920.6099,2223.1693,1,0,0,0,0,0,0,0,0,0,0,0,1,369
ILQ,2025-12-22,449235,20917.3014,80.0757,10.057965784,8.356729,31.712795,9.725198,16188.2996,21363.9657,12660.835000000001,2201.3772,1,0,0,0,0,0,0,0,0,0,0,0,1,370
ILQ,2025-12-29,449235,8213.6747,34.064499999999995,4.119440877,2.80898,12.457571,4.167942,6408.087399999999,9155.9853,5338.8346,847.1210000000001,1,0,0,0,0,0,0,0,0,0,0,0,1,371
KLC,2024-12-30,361706,8464.0075,63.4415,0.0,0.0,13.709595,5.81455,0.0,0.0,4782.5165,412.1025,1,0,0,0,0,0,0,0,0,0,0,0,1,372
KLC,2025-01-06,361706,12069.416,86.211,0.0,0.0,17.07108,8.14037,0.0,0.0,6150.706,677.3155,1,1,0,0,0,0,0,0,0,0,0,0,0,373
KLC,2025-01-13,361706,11178.786,75.206,0.0,0.0,13.9748,8.14037,0.0,0.0,4745.3485,821.5485,1,1,0,0,0,0,0,0,0,0,0,0,0,374
KLC,2025-01-20,361706,9636.505,68.2155,0.0,0.0,12.87709,8.14037,0.0,0.0,4648.76,413.7815,1,1,0,0,0,0,0,0,0,0,0,0,0,375
KLC,2025-01-27,361706,7656.907,57.226,0.0,0.0,13.410755,9.169404,0.0,0.0,6148.6475,362.871,1,1,0,0,0,0,0,0,0,0,0,0,0,376
KLC,2025-02-03,361706,12837.72,97.4795,0.0,0.0,17.90467,11.741989,0.0,0.0,7669.2119999999995,420.7735,1,0,1,0,0,0,0,0,0,0,0,0,0,377
KLC,2025-02-10,361706,14389.378499999999,108.779,0.0,0.0,20.054985,11.741989,0.0,0.0,7855.443,416.576,1,0,1,0,0,0,0,0,0,0,0,0,0,378
KLC,2025-02-17,361706,16308.79,106.051,8.0991521937,0.0,20.603685,11.741989,36497.389,0.0,7716.109,385.12350000000004,1,0,1,0,0,0,0,0,0,0,0,0,0,379
KLC,2025-02-24,361706,15959.7765,103.24549999999999,10.503561432000001,0.0,19.981825,10.798035,38737.8075,0.0,7488.777,326.853,1,0,1,0,0,0,0,0,0,0,0,0,0,380
KLC,2025-03-03,361706,16098.9045,97.619,10.077989964,0.0,19.283705,8.43815,36027.085,0.0,6997.014,58.926,1,0,0,1,0,0,0,0,0,0,0,0,0,381
KLC,2025-03-10,361706,16141.7775,95.9605,9.651181817000001,0.0,21.355434999999996,8.43815,33199.5685,0.0,8236.346,0.0,1,0,0,1,0,0,0,0,0,0,0,0,0,382
KLC,2025-03-17,361706,16108.003,90.644,9.791390071,0.0,21.661559999999998,8.43815,31385.8575,0.0,9232.154,92.73599999999999,1,0,0,1,0,0,0,0,0,0,0,0,0,383
KLC,2025-03-24,361706,16137.8715,91.4655,9.778559548,0.0,21.715345,8.43815,29855.173,0.0,9414.9695,377.5105,1,0,0,1,0,0,0,0,0,0,0,0,0,384
KLC,2025-03-31,361706,13991.416,79.2515,9.5037080863,0.0,20.655145,9.411769999999999,29123.6695,0.0,9429.057,250.102,1,0,0,1,0,0,0,0,0,0,0,0,0,385
KLC,2025-04-07,361706,14598.907500000001,71.145,10.234429602,0.0,22.058670000000003,9.57404,34964.002,0.0,9446.0885,291.14549999999997,1,0,0,0,1,0,0,0,0,0,0,0,0,386
KLC,2025-04-14,361706,15239.91,76.074,9.980756235,0.0,22.769344999999998,9.57404,31150.4755,0.0,9938.139,203.182,1,0,0,0,1,0,0,0,0,0,0,0,0,387
KLC,2025-04-21,361706,15210.3205,76.4305,10.267510713,0.0,22.005039999999997,9.57404,29105.695,0.0,9503.347,504.70050000000003,1,0,0,0,1,0,0,0,0,0,0,0,0,388
KLC,2025-04-28,361706,14863.8335,75.9965,9.853223921,0.0,21.27871,8.526900000000001,24974.895,0.0,9890.644,1205.683,1,0,0,0,1,0,0,0,0,0,0,0,0,389
KLC,2025-05-05,361706,14573.1,72.819,10.503097679,0.0,21.34133,7.741545000000001,29200.8805,0.0,9491.962,1373.7669999999998,1,0,0,0,0,1,0,0,0,0,0,0,0,390
KLC,2025-05-12,361706,15916.671,78.833,10.311412746,0.0,22.058670000000003,7.741545000000001,29399.313000000002,0.0,9177.6095,1396.422,1,0,0,0,0,1,0,0,0,0,0,0,0,391
KLC,2025-05-19,361706,15573.997000000001,75.74849999999999,10.326871209,0.0,23.160099999999996,7.741545000000001,28702.5855,0.0,9839.0895,1439.823,1,0,0,0,0,1,0,0,0,0,0,0,0,392
KLC,2025-05-26,361706,15407.619999999999,72.416,10.196092616000001,0.0,24.07646,7.811156,23161.988999999998,0.0,9899.729,1013.3685,1,0,0,0,0,1,0,0,0,0,0,0,0,393
KLC,2025-06-02,361706,16280.4715,73.9815,9.840702566,0.0,24.848360000000003,8.228822000000001,21554.059,0.0,10412.974,1319.6135,1,0,0,0,0,0,1,0,0,0,0,0,0,394
KLC,2025-06-09,361706,15718.798,70.959,10.291316743,0.0,25.356759999999998,8.228822000000001,22819.013,0.0,10750.9475,1441.6515,1,0,0,0,0,0,1,0,0,0,0,0,0,395
KLC,2025-06-16,361706,15655.263500000001,73.904,10.297809299,0.0,24.932370000000002,8.228822000000001,22220.6565,0.0,9125.894,1250.878,1,0,0,0,0,0,1,0,0,0,0,0,0,396
KLC,2025-06-23,361706,14996.7615,65.968,10.16115649,0.0,23.54202,8.228822000000001,20977.771,0.0,9847.9445,1704.346,1,0,0,0,0,0,1,0,0,0,0,0,0,397
KLC,2025-06-30,361706,14790.9215,62.713,10.623364515999999,0.0,23.405,8.501605999999999,22302.7895,0.0,10440.6775,2697.601,1,0,0,0,0,0,1,0,0,0,0,0,0,398
KLC,2025-07-07,361706,14788.922,65.9525,10.873946191,0.0,23.269685,8.54707,24409.739,0.0,10130.5455,3179.934,1,0,0,0,0,0,0,1,0,0,0,0,0,399
KLC,2025-07-14,361706,15368.219000000001,67.735,9.880585398000001,0.0,23.82226,8.54707,21242.202,0.0,10635.338,3329.066,1,0,0,0,0,0,0,1,0,0,0,0,0,400
KLC,2025-07-21,361706,14886.324,66.6035,9.674524095,0.0,23.50482,8.54707,20459.443,0.0,10167.748,4086.2605,1,0,0,0,0,0,0,1,0,0,0,0,0,401
KLC,2025-07-28,361706,14815.985,69.85849999999999,10.86760822,0.0,24.338565,8.534245,22150.8975,0.0,10827.457,3420.56,1,0,0,0,0,0,0,1,0,0,0,0,0,402
KLC,2025-08-04,361706,15305.041000000001,64.418,10.270911574,0.0,26.279165000000003,8.517145000000001,21811.1415,0.0,10810.5865,2964.8495,1,0,0,0,0,0,0,0,1,0,0,0,0,403
KLC,2025-08-11,361706,15707.8085,68.3085,11.630792509,3.407833,26.46656,8.517145000000001,24521.4845,18437.7775,11480.611,1317.6354999999999,1,0,0,0,0,0,0,0,1,0,0,0,0,404
KLC,2025-08-18,361706,16618.48,99.3705,10.406018537,2.642653,28.374299999999998,8.517145000000001,18888.106,19788.487,11680.6075,1673.848,1,0,0,0,0,0,0,0,1,0,0,0,0,405
KLC,2025-08-25,361706,15690.2935,61.6125,8.706360596,2.493784,27.236909999999998,8.517145000000001,17254.105499999998,20304.5955,11389.013500000001,2776.997,1,0,0,0,0,0,0,0,1,0,0,0,0,406
KLC,2025-09-01,361706,15375.535,66.123,8.9388558712,3.5092610000000004,28.18644,8.81132,18743.666,20304.5955,11523.137999999999,2024.506,1,0,0,0,0,0,0,0,0,1,0,0,0,407
KLC,2025-09-08,361706,15719.1855,66.0455,8.378332024999999,5.439718,28.32563,8.81132,16901.573,20304.5955,11642.761,1750.07,1,0,0,0,0,0,0,0,0,1,0,0,0,408
KLC,2025-09-15,361706,15763.004,66.4175,7.568617766,5.257468,27.72299,8.81132,15560.788,20304.5955,12341.708,2978.937,1,0,0,0,0,0,0,0,0,1,0,0,0,409
KLC,2025-09-22,361706,14515.486499999999,64.945,9.632477076999999,6.970498,27.76515,8.81132,19222.756,20304.5955,12796.4525,1728.059,1,0,0,0,0,0,0,0,0,1,0,0,0,410
KLC,2025-09-29,361706,16111.94,68.82,7.918442769,7.539582,27.682225,8.274495,15662.9655,20304.5955,12780.962,1985.4405,1,0,0,0,0,0,0,0,0,1,0,0,0,411
KLC,2025-10-06,361706,17022.162,76.415,6.8273844946999995,7.509015,27.585195,8.059765,12465.264000000001,20304.5955,11678.468499999999,2210.438,1,0,0,0,0,0,0,0,0,0,1,0,0,412
KLC,2025-10-13,361706,15775.9155,73.51650000000001,6.0093226652,8.940781,27.690595,8.059765,11497.309,20304.5955,11554.360499999999,2246.1455,1,0,0,0,0,0,0,0,0,0,1,0,0,413
KLC,2025-10-20,361706,14941.9535,69.1765,5.9130164447,9.547377000000001,27.83025,8.059765,11460.256,20304.5955,11527.508,2134.0205,1,0,0,0,0,0,0,0,0,0,1,0,0,414
KLC,2025-10-27,361706,15877.115,74.0435,6.673109040000001,9.676256,31.58776,8.134375,12044.9735,20304.5955,12270.9025,2097.4849999999997,1,0,0,0,0,0,0,0,0,0,1,0,0,415
KLC,2025-11-03,361706,16628.648,73.408,6.836968740600001,8.742721,30.92839,8.3209,11606.720000000001,20304.5955,10923.8155,2136.1135,1,0,0,0,0,0,0,0,0,0,0,1,0,416
KLC,2025-11-10,361706,17164.886,71.362,6.7168564886,8.926060999999999,29.811615000000003,8.3209,11515.985,20304.5955,11162.3945,2021.608,1,0,0,0,0,0,0,0,0,0,0,1,0,417
KLC,2025-11-17,361706,14999.9545,67.9365,8.819671126,8.109625,28.745060000000002,8.3209,17071.359,20304.5955,10096.735499999999,2010.3265,1,0,0,0,0,0,0,0,0,0,0,1,0,418
KLC,2025-11-24,361706,15920.236,66.9755,9.025577845,5.823685,28.618425,8.3209,19330.35,20304.5955,11480.6915,1938.4859999999999,1,0,0,0,0,0,0,0,0,0,0,1,0,419
KLC,2025-12-01,361706,17365.6885,69.068,9.785206685999999,5.858433,28.845965,7.81039,21130.031,20304.5955,12072.4125,2135.8375,1,0,0,0,0,0,0,0,0,0,0,0,1,420
KLC,2025-12-08,361706,16087.0315,62.9455,7.005311395700001,6.278338,28.672055,7.81039,15096.349,20304.5955,12889.7865,2159.6425,1,0,0,0,0,0,0,0,0,0,0,0,1,421
KLC,2025-12-15,361706,15845.5725,62.775,7.619939861000001,6.659518,26.534915,7.81039,15719.9595,20304.5955,12279.9185,2112.9295,1,0,0,0,0,0,0,0,0,0,0,0,1,422
KLC,2025-12-22,361706,16798.869,64.3095,8.066844007,6.711364,25.468825000000002,7.81039,15385.574,20304.5955,12033.025,2092.218,1,0,0,0,0,0,0,0,0,0,0,0,1,423
KLC,2025-12-29,361706,6596.4745,27.3575,3.303937165,2.255916,10.004785,3.34731,6090.331,8701.9695,5074.099,805.115,1,0,0,0,0,0,0,0,0,0,0,0,1,424
KMQ,2024-12-30,144577,3276.3900000000003,24.558,0.0,0.0,5.30694,2.250795,0.0,0.0,1954.5937,168.4245,1,0,0,0,0,0,0,0,0,0,0,0,1,425
KMQ,2025-01-06,144577,4672.032,33.372,0.0,0.0,6.608160000000001,3.1511130000000005,0.0,0.0,2513.7668,276.8159,1,1,0,0,0,0,0,0,0,0,0,0,0,426
KMQ,2025-01-13,144577,4327.272,29.112000000000002,0.0,0.0,5.4096,3.1511130000000005,0.0,0.0,1939.4033,335.76329999999996,1,1,0,0,0,0,0,0,0,0,0,0,0,427
KMQ,2025-01-20,144577,3730.26,26.406,0.0,0.0,4.98468,3.1511130000000005,0.0,0.0,1899.9279999999999,169.1107,1,1,0,0,0,0,0,0,0,0,0,0,0,428
KMQ,2025-01-27,144577,2963.964,22.152,0.0,0.0,5.19126,3.5494470000000002,0.0,0.0,2512.9255,148.3038,1,1,0,0,0,0,0,0,0,0,0,0,0,429
KMQ,2025-02-03,144577,4969.44,37.734,0.0,0.0,6.930840000000001,4.545281999999999,0.0,0.0,3134.3736,171.9683,1,0,1,0,0,0,0,0,0,0,0,0,0,430
KMQ,2025-02-10,144577,5570.082,42.108000000000004,0.0,0.0,7.7632200000000005,4.545281999999999,0.0,0.0,3210.4854,170.2528,1,0,1,0,0,0,0,0,0,0,0,0,0,431
KMQ,2025-02-17,144577,6313.08,41.052,3.152235387,0.0,7.97562,4.545281999999999,14916.324200000001,0.0,3153.5402,157.3983,1,0,1,0,0,0,0,0,0,0,0,0,0,432
KMQ,2025-02-24,144577,6177.978,39.966,4.0880449265,0.0,7.7349,4.179881999999999,15752.7596,0.0,3042.4293,132.8995,1,0,1,0,0,0,0,0,0,0,0,0,0,433
KMQ,2025-03-03,144577,6231.834,37.788,3.9224101277,0.0,7.46466,3.2663819999999997,14410.833999999999,0.0,2798.8056,23.5704,1,0,0,1,0,0,0,0,0,0,0,0,0,434
KMQ,2025-03-10,144577,6248.43,37.146,3.7562940071,0.0,8.26662,3.2663819999999997,13279.8274,0.0,3294.5384000000004,0.0,1,0,0,1,0,0,0,0,0,0,0,0,0,435
KMQ,2025-03-17,144577,6235.356,35.088,3.8108638445999996,0.0,8.385119999999999,3.2663819999999997,12554.343,0.0,3692.8616,37.0944,1,0,0,1,0,0,0,0,0,0,0,0,0,436
KMQ,2025-03-24,144577,6246.918,35.406,3.8058701328,0.0,8.405940000000001,3.2663819999999997,11942.0692,0.0,3765.9878,151.0042,1,0,0,1,0,0,0,0,0,0,0,0,0,437
KMQ,2025-03-31,144577,5416.032,30.678,3.6988964052,0.0,7.99554,3.6432659999999997,11649.4678,0.0,3771.6228,100.04079999999999,1,0,0,1,0,0,0,0,0,0,0,0,0,438
KMQ,2025-04-07,144577,5651.19,27.54,3.9832973112000003,0.0,8.53884,3.70608,13985.6008,0.0,3778.4354000000003,116.4582,1,0,0,0,1,0,0,0,0,0,0,0,0,439
KMQ,2025-04-14,144577,5899.32,29.448,3.8845662161,0.0,8.81394,3.70608,12460.190200000001,0.0,3975.2556,81.2728,1,0,0,0,1,0,0,0,0,0,0,0,0,440
KMQ,2025-04-21,144577,5887.866,29.586,3.9961726642999995,0.0,8.51808,3.70608,11642.278,0.0,3801.3388,201.8802,1,0,0,0,1,0,0,0,0,0,0,0,0,441
KMQ,2025-04-28,144577,5753.742,29.418,3.8349299252000004,0.0,8.23692,3.300736,9989.958,0.0,3956.2576,482.2732,1,0,0,0,1,0,0,0,0,0,0,0,0,442
KMQ,2025-05-05,144577,5641.2,28.188000000000002,4.0878644309,0.0,8.26116,2.996728,11680.3522,0.0,3796.7848000000004,549.5068,1,0,0,0,0,1,0,0,0,0,0,0,0,443
KMQ,2025-05-12,144577,6161.292,30.516,4.0132595814,0.0,8.53884,2.996728,11759.7252,0.0,3671.0438,558.5688,1,0,0,0,0,1,0,0,0,0,0,0,0,444
KMQ,2025-05-19,144577,6028.644,29.322000000000003,4.0192761015,0.0,8.9652,2.996728,11481.0342,0.0,3935.6358,575.9292,1,0,0,0,0,1,0,0,0,0,0,0,0,445
KMQ,2025-05-26,144577,5964.24,28.032,3.9683763412999995,0.0,9.31992,3.023674,9264.7956,0.0,3959.8916,405.3474,1,0,0,0,0,1,0,0,0,0,0,0,0,446
KMQ,2025-06-02,144577,6302.1179999999995,28.638,3.8300565438,0.0,9.61872,3.18535,8621.623599999999,0.0,4165.1896,527.8454,1,0,0,0,0,0,1,0,0,0,0,0,0,447
KMQ,2025-06-09,144577,6084.696,27.468,4.0054381054,0.0,9.81552,3.18535,9127.6052,0.0,4300.379,576.6605999999999,1,0,0,0,0,0,1,0,0,0,0,0,0,448
KMQ,2025-06-16,144577,6060.102,28.608,4.0079650436,0.0,9.65124,3.18535,8888.2626,0.0,3650.3576,500.3512,1,0,0,0,0,0,1,0,0,0,0,0,0,449
KMQ,2025-06-23,144577,5805.198,25.536,3.9547790058,0.0,9.11304,3.18535,8391.1084,0.0,3939.1778,681.7384,1,0,0,0,0,0,1,0,0,0,0,0,0,450
KMQ,2025-06-30,144577,5725.518,24.276,4.1346729575,0.0,9.06,3.290944,8921.1158,0.0,4176.271,1079.0404,1,0,0,0,0,0,1,0,0,0,0,0,0,451
KMQ,2025-07-07,144577,5724.744,25.53,4.2322007486,0.0,9.00762,3.308543,9763.8956,0.0,4052.2182000000003,1271.9736,1,0,0,0,0,0,0,1,0,0,0,0,0,452
KMQ,2025-07-14,144577,5948.988,26.22,3.8455791656,0.0,9.22152,3.308543,8496.8808,0.0,4254.1352,1331.6264,1,0,0,0,0,0,0,1,0,0,0,0,0,453
KMQ,2025-07-21,144577,5762.448,25.782,3.7653789523,0.0,9.09864,3.308543,8183.7772,0.0,4067.0992,1634.5042,1,0,0,0,0,0,0,1,0,0,0,0,0,454
KMQ,2025-07-28,144577,5735.22,27.042,4.2297339754,0.0,9.421380000000001,3.303578,8860.359,0.0,4330.9828,1368.224,1,0,0,0,0,0,0,1,0,0,0,0,0,455
KMQ,2025-08-04,144577,5924.532,24.936,3.9974962987,0.0,10.17258,3.296958,8724.4566,0.0,4324.2346,1185.9398,1,0,0,0,0,0,0,0,1,0,0,0,0,456
KMQ,2025-08-11,144577,6080.442,26.442,4.5267695738,1.3191599999999999,10.24512,3.296958,9808.5938,6268.0198,4592.2444000000005,527.0542,1,0,0,0,0,0,0,0,1,0,0,0,0,457
KMQ,2025-08-18,144577,6432.96,38.466,4.0500806846,1.022961,10.9836,3.296958,7555.2424,8021.043,4672.243,669.5391999999999,1,0,0,0,0,0,0,0,1,0,0,0,0,458
KMQ,2025-08-25,144577,6073.662,23.85,3.3885642974000003,0.965335,10.543320000000001,3.296958,6901.6422,8121.8382,4555.6054,1110.7988,1,0,0,0,0,0,0,0,1,0,0,0,0,459
KMQ,2025-09-01,144577,5951.82,25.596,3.47905276,1.358424,10.910879999999999,3.410834,7497.4664,8121.8382,4609.2552000000005,809.8023999999999,1,0,0,0,0,0,0,0,0,1,0,0,0,460
KMQ,2025-09-08,144577,6084.846,25.566000000000003,3.2608937403,2.105697,10.964760000000002,3.410834,6760.6292,8121.8382,4657.1044,700.028,1,0,0,0,0,0,0,0,0,1,0,0,0,461
KMQ,2025-09-15,144577,6101.808,25.71,2.9457484165,2.035149,10.73148,3.410834,6224.3152,8121.8382,4936.6832,1191.5747999999999,1,0,0,0,0,0,0,0,0,1,0,0,0,462
KMQ,2025-09-22,144577,5618.898,25.14,3.7490140178,2.698257,10.7478,3.410834,7689.1024,8121.8382,5118.581,691.2236,1,0,0,0,0,0,0,0,0,1,0,0,0,463
KMQ,2025-09-29,144577,6236.88,26.64,3.0819022667000002,2.918548,10.7157,3.2030289999999995,6265.1862,8121.8382,5112.3848,794.1762,1,0,0,0,0,0,0,0,0,1,0,0,0,464
KMQ,2025-10-06,144577,6589.224,29.58,2.6572562766,2.9067149999999997,10.67814,3.1199069999999995,4986.1056,8121.8382,4671.3874,884.1752,1,0,0,0,0,0,0,0,0,0,1,0,0,465
KMQ,2025-10-13,144577,6106.8060000000005,28.458,2.3388620317,3.4609479999999997,10.71894,3.1199069999999995,4598.9236,8121.8382,4621.7442,898.4582,1,0,0,0,0,0,0,0,0,0,1,0,0,466
KMQ,2025-10-20,144577,5783.982,26.778,2.3013791115,3.695758,10.773,3.1199069999999995,4584.1024,8121.8382,4611.0032,853.6082,1,0,0,0,0,0,0,0,0,0,1,0,0,467
KMQ,2025-10-27,144577,6145.98,28.662,2.5972114058,3.7456490000000002,12.22752,3.148789,4817.9894,8121.8382,4908.361,838.9939999999999,1,0,0,0,0,0,0,0,0,0,1,0,0,468
KMQ,2025-11-03,144577,6436.896,28.416,2.6609865189999997,3.384278,11.972280000000001,3.220994,4642.688,8121.8382,4369.5262,854.4454000000001,1,0,0,0,0,0,0,0,0,0,0,1,0,469
KMQ,2025-11-10,144577,6644.472,27.624000000000002,2.6142381578,3.45525,11.53998,3.220994,4606.394,8121.8382,4464.9578,808.6432,1,0,0,0,0,0,0,0,0,0,0,1,0,470
KMQ,2025-11-17,144577,5806.434,26.298000000000002,3.4326653897,3.13921,11.12712,3.220994,6828.5436,8121.8382,4038.6942,804.1306,1,0,0,0,0,0,0,0,0,0,0,1,0,471
KMQ,2025-11-24,144577,6162.672,25.926000000000002,3.5128054377,2.25433,11.0781,3.220994,7732.139999999999,8121.8382,4592.2766,775.3944,1,0,0,0,0,0,0,0,0,0,0,1,0,472
KMQ,2025-12-01,144577,6722.202,26.736,3.8084572365000002,2.26778,11.166179999999999,3.023377,8452.0124,8121.8382,4828.965,854.335,1,0,0,0,0,0,0,0,0,0,0,0,1,473
KMQ,2025-12-08,144577,6227.238,24.366,2.7265064230999996,2.430325,11.09886,3.023377,6038.5396,8121.8382,5155.9146,863.857,1,0,0,0,0,0,0,0,0,0,0,0,1,474
KMQ,2025-12-15,144577,6133.77,24.3,2.9657232631,2.577878,10.271580000000002,3.023377,6287.9838,8121.8382,4911.9673999999995,845.1718,1,0,0,0,0,0,0,0,0,0,0,0,1,475
KMQ,2025-12-22,144577,6502.788,24.894,3.1396608599,2.597948,9.8589,3.023377,6154.229600000001,8121.8382,4813.21,836.8872,1,0,0,0,0,0,0,0,0,0,0,0,1,476
KMQ,2025-12-29,144577,2553.474,10.59,1.2859108455000001,0.873258,3.8728200000000004,1.2957329999999998,2436.1324,3480.7878,2029.6396,322.046,1,0,0,0,0,0,0,0,0,0,0,0,1,477
KSC,2024-12-30,2731805,63725.7855,477.6531,0.0,0.0,103.219983,43.777935,0.0,0.0,28819.8603,2483.3655,1,0,0,0,0,0,0,0,0,0,0,0,1,478
KSC,2025-01-06,2731805,90871.0224,649.0853999999999,0.0,0.0,128.52871199999998,61.28910900000001,0.0,0.0,37064.6892,4081.5621,1,1,0,0,0,0,0,0,0,0,0,0,0,479
KSC,2025-01-13,2731805,84165.44039999999,566.2284,0.0,0.0,105.21672000000001,61.28910900000001,0.0,0.0,28595.882700000002,4950.7227,1,1,0,0,0,0,0,0,0,0,0,0,0,480
KSC,2025-01-20,2731805,72553.557,513.5967,0.0,0.0,96.952026,61.28910900000001,0.0,0.0,28013.832,2493.4833,1,1,0,0,0,0,0,0,0,0,0,0,0,481
KSC,2025-01-27,2731805,57649.0998,430.8564,0.0,0.0,100.97000700000001,69.036733,0.0,0.0,37052.2845,2186.6922,1,1,0,0,0,0,0,0,0,0,0,0,0,482
KSC,2025-02-03,2731805,96655.60800000001,733.9263,0.0,0.0,134.804838,88.40579300000002,0.0,0.0,46215.3384,2535.6177,1,0,1,0,0,0,0,0,0,0,0,0,0,483
KSC,2025-02-10,2731805,108338.0949,819.0006,0.0,0.0,150.994629,88.40579300000002,0.0,0.0,47337.5826,2510.3232,1,0,1,0,0,0,0,0,0,0,0,0,0,484
KSC,2025-02-17,2731805,122789.406,798.4614,61.1563714,0.0,155.125809,88.40579300000002,219936.4398,0.0,46497.9438,2320.7877,1,0,1,0,0,0,0,0,0,0,0,0,0,485
KSC,2025-02-24,2731805,120161.6721,777.3387,79.31196854,0.0,150.443805,81.29873900000001,233437.3965,0.0,45128.0214,1969.6446,1,0,1,0,0,0,0,0,0,0,0,0,0,486
KSC,2025-03-03,2731805,121209.1713,734.9766,76.09849555,0.0,145.187637,63.531104000000006,217102.347,0.0,42164.614799999996,355.0932,1,0,0,1,0,0,0,0,0,0,0,0,0,487
KSC,2025-03-10,2731805,121531.9635,722.4897,72.87568445,0.0,160.78575899999998,63.531104000000006,200063.4867,0.0,49632.9372,0.0,1,0,0,1,0,0,0,0,0,0,0,0,0,488
KSC,2025-03-17,2731805,121277.67420000001,682.4616,73.93439131999999,0.0,163.090584,63.531104000000006,189133.9065,0.0,55633.7628,558.8352,1,0,0,1,0,0,0,0,0,0,0,0,0,489
KSC,2025-03-24,2731805,121502.5551,688.6467,73.83750855,0.0,163.495533,63.531104000000006,179909.8686,0.0,56735.4249,2274.9111,1,0,0,1,0,0,0,0,0,0,0,0,0,490
KSC,2025-03-31,2731805,105341.8224,596.6871,71.762116268,0.0,155.513253,70.86152,175501.7649,0.0,56820.3174,1507.1364,1,0,0,1,0,0,0,0,0,0,0,0,0,491
KSC,2025-04-07,2731805,109915.6455,535.653,77.27976495,0.0,166.080438,72.083256,210696.1164,0.0,56922.9507,1754.4681,1,0,0,0,1,0,0,0,0,0,0,0,0,492
KSC,2025-04-14,2731805,114741.774,572.7636,75.36428758,0.0,171.43113300000002,72.083256,187715.4741,0.0,59888.0898,1224.3924,1,0,0,0,1,0,0,0,0,0,0,0,0,493
KSC,2025-04-21,2731805,114518.99369999999,575.4477,77.52955906999999,0.0,165.676656,72.083256,175393.449,0.0,57267.9954,3041.3691,1,0,0,0,1,0,0,0,0,0,0,0,0,494
KSC,2025-04-28,2731805,111910.2819,572.1801,74.401296225,0.0,160.208094,64.199304,150500.889,0.0,59601.8808,7265.5506000000005,1,0,0,0,1,0,0,0,0,0,0,0,0,495
KSC,2025-05-05,2731805,109721.34,548.2566,79.30846673,0.0,160.679562,58.28634,175967.0451,0.0,57199.388399999996,8278.4394,1,0,0,0,0,1,0,0,0,0,0,0,0,496
KSC,2025-05-12,2731805,119837.1294,593.5362,77.86106154999999,0.0,166.080438,58.28634,177162.8166,0.0,55305.0729,8414.9604,1,0,0,0,0,1,0,0,0,0,0,0,0,497
KSC,2025-05-19,2731805,117257.1258,570.3129,77.97778777,0.0,174.37313999999998,58.28634,172964.2761,0.0,59291.2089,8676.498599999999,1,0,0,0,0,1,0,0,0,0,0,0,0,498
KSC,2025-05-26,2731805,116004.468,545.2224,76.9902839,0.0,181.272444,58.81044300000001,139576.1598,0.0,59656.6278,6106.6467,1,0,0,0,0,1,0,0,0,0,0,0,0,499
KSC,2025-06-02,2731805,122576.19510000001,557.0091,74.30674799,0.0,187.084104,61.95506100000001,129886.6338,0.0,62749.4868,7952.1057,1,0,0,0,0,0,1,0,0,0,0,0,0,500
KSC,2025-06-09,2731805,118347.3372,534.2526,77.70931745,0.0,190.91186399999998,61.95506100000001,137509.3566,0.0,64786.1445,8687.5173,1,0,0,0,0,0,1,0,0,0,0,0,0,501
KSC,2025-06-16,2731805,117868.98389999999,556.4256,77.75834247,0.0,187.71661799999998,61.95506100000001,133903.6083,0.0,54993.4308,7537.8996,1,0,0,0,0,0,1,0,0,0,0,0,0,502
KSC,2025-06-23,2731805,112911.1011,496.6752,76.72648263,0.0,177.248628,61.95506100000001,126413.8722,0.0,59344.5699,10270.5372,1,0,0,0,0,0,1,0,0,0,0,0,0,503
KSC,2025-06-30,2731805,111361.3251,472.16819999999996,80.216596788,0.0,176.217,64.008867,134398.5489,0.0,62916.4305,16255.9782,1,0,0,0,0,0,1,0,0,0,0,0,0,504
KSC,2025-07-07,2731805,111346.2708,496.5585,82.1087289,0.0,175.198209,64.351168,147095.2098,0.0,61047.5481,19162.5588,1,0,0,0,0,0,0,1,0,0,0,0,0,505
KSC,2025-07-14,2731805,115707.8166,509.979,74.60790163,0.0,179.358564,64.351168,128007.3564,0.0,64089.471600000004,20061.2412,1,0,0,0,0,0,0,1,0,0,0,0,0,506
KSC,2025-07-21,2731805,112079.6136,501.4599,73.05194104,0.0,176.968548,64.351168,123290.3826,0.0,61271.7336,24624.1611,1,0,0,0,0,0,0,1,0,0,0,0,0,507
KSC,2025-07-28,2731805,111550.029,525.9669,82.06087115,0.0,183.245841,64.25460700000001,133483.2345,0.0,65247.1974,20612.592,1,0,0,0,0,0,0,1,0,0,0,0,0,508
KSC,2025-08-04,2731805,115232.1474,485.0052,77.55523885,0.0,197.85668099999998,64.125859,131435.8353,0.0,65145.5343,17866.4409,1,0,0,0,0,0,0,0,1,0,0,0,0,509
KSC,2025-08-11,2731805,118264.5969,514.2969,87.82364492,25.657673,199.267584,64.125859,147768.5979,122276.4543,69183.1602,7940.186100000001,1,0,0,0,0,0,0,0,1,0,0,0,0,510
KSC,2025-08-18,2731805,125121.07199999999,748.1637000000001,78.57542606,19.896614,213.63101999999998,64.125859,113821.3692,118125.3843,70388.3565,10086.7536,1,0,0,0,0,0,0,0,1,0,0,0,0,511
KSC,2025-08-25,2731805,118132.72589999999,463.8825,65.74137754899999,18.77577,205.06757399999998,64.125859,103974.7401,122357.2581,68631.1857,16734.4254,1,0,0,0,0,0,0,0,1,0,0,0,0,512
KSC,2025-09-01,2731805,115762.899,497.8422,67.496939975,26.421335,212.216616,66.340722,112950.9612,122357.2581,69439.4316,12199.8492,1,0,0,0,0,0,0,0,0,1,0,0,0,513
KSC,2025-09-08,2731805,118350.2547,497.25870000000003,63.264447036,40.955807,213.26458200000002,66.340722,101850.3486,122357.2581,70160.2902,10546.074,1,0,0,0,0,0,0,0,0,1,0,0,0,514
KSC,2025-09-15,2731805,118680.16560000001,500.0595,57.150327336000004,39.583648000000004,208.72728600000002,66.340722,93770.66159999999,122357.2581,74372.2056,17951.3334,1,0,0,0,0,0,0,0,0,1,0,0,0,515
KSC,2025-09-22,2731805,109287.5661,488.973,72.734445724,52.481098,209.04471,66.340722,115837.9992,122357.2581,77112.5355,10413.433799999999,1,0,0,0,0,0,0,0,0,1,0,0,0,516
KSC,2025-09-29,2731805,121307.31599999999,518.148,59.791841819,56.765751,208.42036500000003,62.298942,94386.3921,122357.2581,77019.1884,11964.4371,1,0,0,0,0,0,0,0,0,1,0,0,0,517
KSC,2025-10-06,2731805,128160.4068,575.331,51.553304817,56.535617,207.689823,60.68223,75116.7648,122357.2581,70375.4667,13320.2916,1,0,0,0,0,0,0,0,0,0,1,0,0,518
KSC,2025-10-13,2731805,118777.37670000001,553.5081,45.376152954999995,67.315431,208.483383,60.68223,69283.7838,122357.2581,69627.5811,13535.4681,1,0,0,0,0,0,0,0,0,0,1,0,0,519
KSC,2025-10-20,2731805,112498.44989999999,520.8321,44.648948569000005,71.882496,209.53485,60.68223,69060.4992,122357.2581,69465.7656,12859.7931,1,0,0,0,0,0,0,0,0,0,1,0,0,520
KSC,2025-10-27,2731805,119539.31099999999,557.4759,50.388377085,72.852847,237.82526399999998,61.243974,72584.0577,122357.2581,73945.5255,12639.627,1,0,0,0,0,0,0,0,0,0,1,0,0,521
KSC,2025-11-03,2731805,125197.6272,552.6912,51.625675075,65.82421599999999,232.860846,62.648334,69943.104,122357.2581,65827.8621,12872.4057,1,0,0,0,0,0,0,0,0,0,0,1,0,522
KSC,2025-11-10,2731805,129234.9804,537.2868,50.718712303000004,67.2046,224.452611,62.648334,69396.327,122357.2581,67265.5599,12182.3856,1,0,0,0,0,0,0,0,0,0,0,1,0,523
KSC,2025-11-17,2731805,112935.1413,511.4961,66.596980775,61.057627,216.422484,62.648334,102873.4938,122357.2581,60843.8061,12114.4023,1,0,0,0,0,0,0,0,0,0,0,1,0,524
KSC,2025-11-24,2731805,119863.97039999999,504.2607,68.151774099,43.84671,215.469045,62.648334,116486.37,122357.2581,69183.6453,11681.4852,1,0,0,0,0,0,0,0,0,0,0,1,0,525
KSC,2025-12-01,2731805,130746.8289,520.0152,73.88770083200001,44.108329999999995,217.182201,58.804676,127331.4042,122357.2581,72749.4075,12870.7425,1,0,0,0,0,0,0,0,0,0,0,0,1,526
KSC,2025-12-08,2731805,121119.77909999999,473.9187,52.896823674,47.269815,215.872827,58.804676,90971.9118,122357.2581,77674.9743,13014.1935,1,0,0,0,0,0,0,0,0,0,0,0,1,527
KSC,2025-12-15,2731805,119301.8265,472.635,57.537858404,50.139723999999994,199.782231,58.804676,94729.8429,122357.2581,73999.8567,12732.696899999999,1,0,0,0,0,0,0,0,0,0,0,0,1,528
KSC,2025-12-22,2731805,126479.2266,484.1883,60.912413588999996,50.530071,191.755605,58.804676,92714.80679999999,122357.2581,72512.055,12607.8876,1,0,0,0,0,0,0,0,0,0,0,0,1,529
KSC,2025-12-29,2731805,49665.0693,205.9755,24.947896206,16.984868,75.326349,25.202004,36700.864199999996,52438.8249,30576.961799999997,4851.693,1,0,0,0,0,0,0,0,0,0,0,0,1,530
MLQ,2024-12-30,533465,12450.282,93.3204,0.0,0.0,20.166372000000003,8.553015,0.0,0.0,6113.3037,526.7745,1,0,0,0,0,0,0,0,0,0,0,0,1,531
MLQ,2025-01-06,533465,17753.7216,126.8136,0.0,0.0,25.111008,11.974221,0.0,0.0,7862.2068,865.7859000000001,1,1,0,0,0,0,0,0,0,0,0,0,0,532
MLQ,2025-01-13,533465,16443.6336,110.62559999999999,0.0,0.0,20.55648,11.974221,0.0,0.0,6065.7933,1050.1533,1,1,0,0,0,0,0,0,0,0,0,0,0,533
MLQ,2025-01-20,533465,14174.988,100.3428,0.0,0.0,18.941784,11.974221,0.0,0.0,5942.3279999999995,528.9207,1,1,0,0,0,0,0,0,0,0,0,0,0,534
MLQ,2025-01-27,533465,11263.0632,84.1776,0.0,0.0,19.726788000000003,13.487895000000002,0.0,0.0,7859.5755,463.8438,1,1,0,0,0,0,0,0,0,0,0,0,0,535
MLQ,2025-02-03,533465,18883.872,143.3892,0.0,0.0,26.337192,17.272080000000003,0.0,0.0,9803.2536,537.8583,1,0,1,0,0,0,0,0,0,0,0,0,0,536
MLQ,2025-02-10,533465,21166.3116,160.0104,0.0,0.0,29.500236,17.272080000000003,0.0,0.0,10041.305400000001,532.4928,1,0,1,0,0,0,0,0,0,0,0,0,0,537
MLQ,2025-02-17,533465,23989.704,155.9976,11.946311018900001,0.0,30.307356,17.272080000000003,46653.1842,0.0,9863.2002,492.2883,1,0,1,0,0,0,0,0,0,0,0,0,0,538
MLQ,2025-02-24,533465,23476.3164,151.8708,15.492832911999999,0.0,29.39262,15.883556,49517.0235,0.0,9572.6106,417.8034,1,0,1,0,0,0,0,0,0,0,0,0,0,539
MLQ,2025-03-03,533465,23680.9692,143.5944,14.865111761000001,0.0,28.365707999999998,12.412246,46052.013,0.0,8944.0092,75.3228,1,0,0,1,0,0,0,0,0,0,0,0,0,540
MLQ,2025-03-10,533465,23744.034,141.1548,14.235566503,0.0,31.413156,12.412246,42437.7093,0.0,10528.1988,0.0,1,0,0,1,0,0,0,0,0,0,0,0,0,541
MLQ,2025-03-17,533465,23694.3528,133.33440000000002,14.442374742,0.0,31.863456,12.412246,40119.3135,0.0,11801.101200000001,118.5408,1,0,0,1,0,0,0,0,0,0,0,0,0,542
MLQ,2025-03-24,533465,23738.2884,134.5428,14.423449623,0.0,31.942572,12.412246,38162.6994,0.0,12034.7871,482.5569,1,0,0,1,0,0,0,0,0,0,0,0,0,543
MLQ,2025-03-31,533465,20580.9216,116.5764,14.01804163,0.0,30.383052,13.84441,37227.6471,0.0,12052.794600000001,319.6956,1,0,0,1,0,0,0,0,0,0,0,0,0,544
MLQ,2025-04-07,533465,21474.522,104.652,15.095861419,0.0,32.447592,14.083103999999999,44693.1156,0.0,12074.5653,372.1599,1,0,0,0,1,0,0,0,0,0,0,0,0,545
MLQ,2025-04-14,533465,22417.416,111.9024,14.721691274,0.0,33.492972,14.083103999999999,39818.433899999996,0.0,12703.5342,259.7196,1,0,0,0,1,0,0,0,0,0,0,0,0,546
MLQ,2025-04-21,533465,22373.8908,112.4268,15.144656306,0.0,32.368704,14.083103999999999,37204.671,0.0,12147.7566,645.1388999999999,1,0,0,0,1,0,0,0,0,0,0,0,0,547
MLQ,2025-04-28,533465,21864.2196,111.7884,14.533580142,0.0,31.300296,12.542796,31924.431,0.0,12642.8232,1541.1774,1,0,0,0,1,0,0,0,0,0,0,0,0,548
MLQ,2025-05-05,533465,21436.56,107.1144,15.492148871,0.0,31.392408,11.387565,37326.3429,0.0,12133.2036,1756.0326,1,0,0,0,0,1,0,0,0,0,0,0,0,549
MLQ,2025-05-12,533465,23412.9096,115.9608,15.209412138,0.0,32.447592,11.387565,37579.9914,0.0,11731.3791,1784.9916,1,0,0,0,0,1,0,0,0,0,0,0,0,550
MLQ,2025-05-19,533465,22908.8472,111.4236,15.232213487,0.0,34.06776,11.387565,36689.3919,0.0,12576.9231,1840.4694,1,0,0,0,0,1,0,0,0,0,0,0,0,551
MLQ,2025-05-26,533465,22664.112,106.5216,15.039314072,0.0,35.415696,11.489959999999998,29607.0642,0.0,12654.4362,1295.3493,1,0,0,0,0,1,0,0,0,0,0,0,0,552
MLQ,2025-06-02,533465,23948.0484,108.8244,14.515111047,0.0,36.551136,12.10433,27551.7102,0.0,13310.4972,1686.8102999999999,1,0,0,0,0,0,1,0,0,0,0,0,0,553
MLQ,2025-06-09,533465,23121.8448,104.3784,15.179770384000001,0.0,37.298976,12.10433,29168.6514,0.0,13742.5155,1842.8067,1,0,0,0,0,0,1,0,0,0,0,0,0,554
MLQ,2025-06-16,533465,23028.3876,108.7104,15.189346951,0.0,36.674712,12.10433,28403.7957,0.0,11665.2732,1598.9484,1,0,0,0,0,0,1,0,0,0,0,0,0,555
MLQ,2025-06-23,533465,22059.7524,97.0368,14.987783021,0.0,34.629552,12.10433,26815.0638,0.0,12588.2421,2178.5987999999998,1,0,0,0,0,0,1,0,0,0,0,0,0,556
MLQ,2025-06-30,533465,21756.9684,92.2488,15.66954337,0.0,34.428000000000004,12.505586,28508.7831,0.0,13345.9095,3448.2378,1,0,0,0,0,0,1,0,0,0,0,0,0,557
MLQ,2025-07-07,533465,21754.0272,97.01400000000001,16.039153245,0.0,34.228956,12.572461999999998,31202.014199999998,0.0,12949.4799,4064.7852,1,0,0,0,0,0,0,1,0,0,0,0,0,558
MLQ,2025-07-14,533465,22606.1544,99.636,14.573938529,0.0,35.041776,12.572461999999998,27153.0756,0.0,13594.7364,4255.4148000000005,1,0,0,0,0,0,0,1,0,0,0,0,0,559
MLQ,2025-07-21,533465,21897.3024,97.9716,14.26999654,0.0,34.574832,12.572461999999998,26152.505400000002,0.0,12997.0344,5223.3069000000005,1,0,0,0,0,0,0,1,0,0,0,0,0,560
MLQ,2025-07-28,533465,21793.836,102.7596,16.029804691,0.0,35.801244,12.553598,28314.625500000002,0.0,13840.314600000002,4372.368,1,0,0,0,0,0,0,1,0,0,0,0,0,561
MLQ,2025-08-04,533465,22513.2216,94.7568,15.149672602999999,0.0,38.655803999999996,12.528445999999999,27880.3287,0.0,13818.7497,3789.8511,1,0,0,0,0,0,0,0,1,0,0,0,0,562
MLQ,2025-08-11,533465,23105.6796,100.4796,17.155507314,5.01281,38.931456,12.528445999999999,31344.8541,24625.8516,14675.2158,1684.2819,1,0,0,0,0,0,0,0,1,0,0,0,0,563
MLQ,2025-08-18,533465,24445.248,146.1708,15.348956398,3.887257,41.73768,12.528445999999999,24143.9268,25786.343100000002,14930.8635,2139.6144,1,0,0,0,0,0,0,0,1,0,0,0,0,564
MLQ,2025-08-25,533465,23079.9156,90.63,12.841948024,3.6682729999999997,40.064616,12.528445999999999,22055.2479,25954.569900000002,14558.130299999999,3549.7266,1,0,0,0,0,0,0,0,1,0,0,0,0,565
MLQ,2025-09-01,533465,22616.916,97.26480000000001,13.184880321000001,5.162007999999999,41.461344,12.961172000000001,23959.2948,25954.569900000002,14729.5764,2587.8468000000003,1,0,0,0,0,0,0,0,0,1,0,0,0,566
MLQ,2025-09-08,533465,23122.4148,97.1508,12.358103388,8.001649,41.666088,12.961172000000001,21604.6194,25954.569900000002,14882.4858,2237.0460000000003,1,0,0,0,0,0,0,0,0,1,0,0,0,567
MLQ,2025-09-15,533465,23186.8704,97.69800000000001,11.163768703999999,7.733566000000001,40.779624,12.961172000000001,19890.7464,25954.569900000002,15775.9224,3807.8586,1,0,0,0,0,0,0,0,0,1,0,0,0,568
MLQ,2025-09-22,533465,21351.8124,95.532,14.20797687,10.253377,40.84164,12.961172000000001,24571.696799999998,25954.569900000002,16357.2045,2208.9102,1,0,0,0,0,0,0,0,0,1,0,0,0,569
MLQ,2025-09-29,533465,23700.144,101.232,11.679763243,11.09048,40.71966,12.171517000000001,20021.3559,25954.569900000002,16337.4036,2537.9109,1,0,0,0,0,0,0,0,0,1,0,0,0,570
MLQ,2025-10-06,533465,25039.0512,112.404,10.070443998,11.045521,40.576932,11.855654999999999,15933.8592,25954.569900000002,14928.1293,2825.5164,1,0,0,0,0,0,0,0,0,0,1,0,0,571
MLQ,2025-10-13,533465,23205.8628,108.1404,8.863796587000001,13.151601000000001,40.731972,11.855654999999999,14696.5602,25954.569900000002,14769.4869,2871.1599,1,0,0,0,0,0,0,0,0,0,1,0,0,572
MLQ,2025-10-20,533465,21979.1316,101.7564,8.721744178,14.043881999999998,40.9374,11.855654999999999,14649.1968,25954.569900000002,14735.1624,2727.8349,1,0,0,0,0,0,0,0,0,0,1,0,0,573
MLQ,2025-10-27,533465,23354.724,108.9156,9.842886531,14.233461,46.464575999999994,11.965405,15396.6183,25954.569900000002,15685.414499999999,2681.133,1,0,0,0,0,0,0,0,0,0,1,0,0,574
MLQ,2025-11-03,533465,24460.2048,107.9808,10.084580835,12.860258000000002,45.494664,12.239780000000001,14836.416,25954.569900000002,13963.4859,2730.5103,1,0,0,0,0,0,0,0,0,0,0,1,0,575
MLQ,2025-11-10,533465,25248.9936,104.9712,9.90741435,13.129947999999999,43.851924,12.239780000000001,14720.433,25954.569900000002,14268.4521,2584.1424,1,0,0,0,0,0,0,0,0,0,0,1,0,576
MLQ,2025-11-17,533465,22064.4492,99.9324,13.009081916,11.928996999999999,42.283055999999995,12.239780000000001,21821.6502,25954.569900000002,12906.2619,2569.7217,1,0,0,0,0,0,0,0,0,0,0,1,0,577
MLQ,2025-11-24,533465,23418.1536,98.5188,13.312795888999998,8.566454,42.096779999999995,12.239780000000001,24709.23,25954.569900000002,14675.3187,2477.8908,1,0,0,0,0,0,0,0,0,0,0,1,0,578
MLQ,2025-12-01,533465,25544.3676,101.5968,14.433254202999999,8.617566,42.431484,11.488834000000002,27009.6918,25954.569900000002,15431.6925,2730.1575000000003,1,0,0,0,0,0,0,0,0,0,0,0,1,579
MLQ,2025-12-08,533465,23663.504399999998,92.5908,10.33288753,9.235234,42.175668,11.488834000000002,19297.0722,25954.569900000002,16476.5097,2760.5865,1,0,0,0,0,0,0,0,0,0,0,0,1,580
MLQ,2025-12-15,533465,23308.326,92.34,11.239469185,9.795936000000001,39.032004,11.488834000000002,20094.2091,25954.569900000002,15696.9393,2700.8751,1,0,0,0,0,0,0,0,0,0,0,0,1,581
MLQ,2025-12-22,533465,24710.594399999998,94.5972,11.898656198,9.872199,37.46382,11.488834000000002,19666.7772,25954.569900000002,15381.345,2674.4004,1,0,0,0,0,0,0,0,0,0,0,0,1,582
MLQ,2025-12-29,533465,9703.2012,40.242000000000004,4.873332419,3.3183799999999994,14.716716000000002,4.923786,7785.031800000001,11123.3871,6486.022199999999,1029.147,1,0,0,0,0,0,0,0,0,0,0,0,1,583
MZQ,2024-12-30,14197,327.639,2.4558,0.0,0.0,0.530694,0.22508,0.0,0.0,207.9355,17.9175,1,0,0,0,0,0,0,0,0,0,0,0,1,584
MZQ,2025-01-06,14197,467.20320000000004,3.3371999999999997,0.0,0.0,0.660816,0.315112,0.0,0.0,267.422,29.448500000000003,1,1,0,0,0,0,0,0,0,0,0,0,0,585
MZQ,2025-01-13,14197,432.7272,2.9112,0.0,0.0,0.54096,0.315112,0.0,0.0,206.3195,35.7195,1,1,0,0,0,0,0,0,0,0,0,0,0,586
MZQ,2025-01-20,14197,373.026,2.6406,0.0,0.0,0.498468,0.315112,0.0,0.0,202.12,17.9905,1,1,0,0,0,0,0,0,0,0,0,0,0,587
MZQ,2025-01-27,14197,296.3964,2.2152,0.0,0.0,0.519126,0.354946,0.0,0.0,267.3325,15.777000000000001,1,1,0,0,0,0,0,0,0,0,0,0,0,588
MZQ,2025-02-03,14197,496.944,3.7734,0.0,0.0,0.693084,0.454531,0.0,0.0,333.444,18.2945,1,0,1,0,0,0,0,0,0,0,0,0,0,589
MZQ,2025-02-10,14197,557.0082,4.2108,0.0,0.0,0.776322,0.454531,0.0,0.0,341.541,18.112,1,0,1,0,0,0,0,0,0,0,0,0,0,590
MZQ,2025-02-17,14197,631.308,4.1052,0.30720287886000003,0.0,0.7975620000000001,0.454531,1586.843,0.0,335.483,16.7445,1,0,1,0,0,0,0,0,0,0,0,0,0,591
MZQ,2025-02-24,14197,617.7978,3.9966,0.39840272573999996,0.0,0.77349,0.41799099999999995,1684.2525,0.0,325.599,14.211,1,0,1,0,0,0,0,0,0,0,0,0,0,592
MZQ,2025-03-03,14197,623.1834,3.7788,0.38226069292,0.0,0.746466,0.32664099999999996,1566.395,0.0,304.218,2.562,1,0,0,1,0,0,0,0,0,0,0,0,0,593
MZQ,2025-03-10,14197,624.843,3.7146,0.36607175261999997,0.0,0.826662,0.32664099999999996,1443.4595,0.0,358.102,0.0,1,0,0,1,0,0,0,0,0,0,0,0,0,594
MZQ,2025-03-17,14197,623.5356,3.5088,0.37138988693999997,0.0,0.838512,0.32664099999999996,1364.6025,0.0,401.398,4.032,1,0,0,1,0,0,0,0,0,0,0,0,0,595
MZQ,2025-03-24,14197,624.6918000000001,3.5406,0.37090322195,0.0,0.840594,0.32664099999999996,1298.051,0.0,409.3465,16.4135,1,0,0,1,0,0,0,0,0,0,0,0,0,596
MZQ,2025-03-31,14197,541.6032,3.0678,0.36047803694,0.0,0.799554,0.36432700000000007,1266.2465,0.0,409.959,10.874,1,0,0,1,0,0,0,0,0,0,0,0,0,597
MZQ,2025-04-07,14197,565.119,2.754,0.38819448775,0.0,0.8538840000000001,0.370608,1520.174,0.0,410.6995,12.6585,1,0,0,0,1,0,0,0,0,0,0,0,0,598
MZQ,2025-04-14,14197,589.932,2.9448,0.37857259314,0.0,0.8813939999999999,0.370608,1354.3685,0.0,432.093,8.834,1,0,0,0,1,0,0,0,0,0,0,0,0,599
MZQ,2025-04-21,14197,588.7866,2.9586,0.38944926253999995,0.0,0.851808,0.370608,1265.4650000000001,0.0,413.189,21.9435,1,0,0,0,1,0,0,0,0,0,0,0,0,600
MZQ,2025-04-28,14197,575.3742,2.9418,0.37373526039,0.0,0.8236920000000001,0.330072,1085.865,0.0,430.028,52.421,1,0,0,0,1,0,0,0,0,0,0,0,0,601
MZQ,2025-05-05,14197,564.12,2.8188,0.39838513545,0.0,0.826116,0.29967,1269.6035,0.0,412.694,59.729,1,0,0,0,0,1,0,0,0,0,0,0,0,602
MZQ,2025-05-12,14197,616.1292,3.0516,0.39111447771,0.0,0.8538840000000001,0.29967,1278.231,0.0,399.0265,60.714,1,0,0,0,0,1,0,0,0,0,0,0,0,603
MZQ,2025-05-19,14197,602.8644,2.9322,0.39170082109,0.0,0.89652,0.29967,1247.9385,0.0,427.7865,62.601,1,0,0,0,0,1,0,0,0,0,0,0,0,604
MZQ,2025-05-26,14197,596.424,2.8032,0.38674035621999997,0.0,0.931992,0.302365,983.3478,0.0,417.0058,42.7106,1,0,0,0,0,1,0,0,0,0,0,0,0,605
MZQ,2025-06-02,14197,630.2118,2.8638,0.37326032229,0.0,0.9618720000000001,0.318535,749.7064,0.0,362.1904,45.8996,1,0,0,0,0,0,1,0,0,0,0,0,0,606
MZQ,2025-06-09,14197,608.4696,2.7468,0.39035223135,0.0,0.9815520000000001,0.318535,793.7048,0.0,373.946,50.1444,1,0,0,0,0,0,1,0,0,0,0,0,0,607
MZQ,2025-06-16,14197,606.0101999999999,2.8608,0.39059849555,0.0,0.965124,0.318535,772.8924,0.0,317.4224,43.5088,1,0,0,0,0,0,1,0,0,0,0,0,0,608
MZQ,2025-06-23,14197,580.5198,2.5536,0.38541522020999996,0.0,0.9113039999999999,0.318535,729.6616,0.0,342.5372,59.2816,1,0,0,0,0,0,1,0,0,0,0,0,0,609
MZQ,2025-06-30,14197,572.5518,2.4276,0.40294688680999996,0.0,0.9059999999999999,0.329095,775.7492,0.0,363.154,93.8296,1,0,0,0,0,0,1,0,0,0,0,0,0,610
MZQ,2025-07-07,14197,572.4744000000001,2.553,0.41245151274,0.0,0.900762,0.33085499999999995,849.0344,0.0,352.3668,110.6064,1,0,0,0,0,0,0,1,0,0,0,0,0,611
MZQ,2025-07-14,14197,594.8987999999999,2.622,0.37477308816000005,0.0,0.922152,0.33085499999999995,738.8592,0.0,369.9248,115.7936,1,0,0,0,0,0,0,1,0,0,0,0,0,612
MZQ,2025-07-21,14197,576.2447999999999,2.5782,0.3669571311,0.0,0.909864,0.33085499999999995,711.6328,0.0,353.6608,142.1308,1,0,0,0,0,0,0,1,0,0,0,0,0,613
MZQ,2025-07-28,14197,573.522,2.7042,0.41221111197,0.0,0.942138,0.330357,770.466,0.0,376.60720000000003,118.976,1,0,0,0,0,0,0,1,0,0,0,0,0,614
MZQ,2025-08-04,14197,592.4532,2.4936,0.38957825812,0.0,1.017258,0.329693,758.6484,0.0,376.0204,103.1252,1,0,0,0,0,0,0,0,1,0,0,0,0,615
MZQ,2025-08-11,14197,608.0442,2.6442,0.44115888386,0.131915,1.024512,0.329693,852.9212,475.33399999999995,399.3256,45.8308,1,0,0,0,0,0,0,0,1,0,0,0,0,616
MZQ,2025-08-18,14197,643.296,3.8466,0.3947028991,0.102296,1.09836,0.329693,656.9775999999999,709.3124,406.282,58.220800000000004,1,0,0,0,0,0,0,0,1,0,0,0,0,617
MZQ,2025-08-25,14197,607.3661999999999,2.385,0.3302344462,0.096535,1.054332,0.329693,600.1428,706.2468,396.1396,96.5912,1,0,0,0,0,0,0,0,1,0,0,0,0,618
MZQ,2025-09-01,14197,595.182,2.5596,0.3390530504,0.135841,1.091088,0.34108200000000005,814.942,882.8085,501.006,88.022,1,0,0,0,0,0,0,0,0,1,0,0,0,619
MZQ,2025-09-08,14197,608.4846,2.5566,0.31779224001,0.21057000000000003,1.096476,0.34108200000000005,734.851,882.8085,506.207,76.09,1,0,0,0,0,0,0,0,0,1,0,0,0,620
MZQ,2025-09-15,14197,610.1808,2.571,0.2870795746,0.203515,1.073148,0.34108200000000005,676.556,882.8085,536.596,129.519,1,0,0,0,0,0,0,0,0,1,0,0,0,621
MZQ,2025-09-22,14197,561.8898,2.5140000000000002,0.36536227717,0.269827,1.07478,0.34108200000000005,835.772,882.8085,556.3675,75.13300000000001,1,0,0,0,0,0,0,0,0,1,0,0,0,622
MZQ,2025-09-29,14197,623.688,2.664,0.30034852491999997,0.291855,1.07157,0.32030200000000003,680.9985,882.8085,555.694,86.3235,1,0,0,0,0,0,0,0,0,1,0,0,0,623
MZQ,2025-10-06,14197,658.9224,2.958,0.25896441027,0.290672,1.067814,0.31199,541.968,882.8085,507.7595,96.106,1,0,0,0,0,0,0,0,0,0,1,0,0,624
MZQ,2025-10-13,14197,610.6806,2.8458,0.22793511943,0.346095,1.0718940000000001,0.31199,499.883,882.8085,502.3635,97.6585,1,0,0,0,0,0,0,0,0,0,1,0,0,625
MZQ,2025-10-20,14197,578.3982,2.6778,0.22428220026999998,0.369576,1.0773,0.31199,498.272,882.8085,501.19599999999997,92.7835,1,0,0,0,0,0,0,0,0,0,1,0,0,626
MZQ,2025-10-27,14197,614.598,2.8662,0.25311270349000003,0.374566,1.222752,0.314878,523.6945,882.8085,533.5175,91.195,1,0,0,0,0,0,0,0,0,0,1,0,0,627
MZQ,2025-11-03,14197,643.6896,2.8416,0.25932794317,0.338429,1.197228,0.322098,504.64,882.8085,474.94849999999997,92.8745,1,0,0,0,0,0,0,0,0,0,0,1,0,628
MZQ,2025-11-10,14197,664.4472000000001,2.7624,0.25477205520999996,0.345525,1.153998,0.322098,500.695,882.8085,485.3215,87.896,1,0,0,0,0,0,0,0,0,0,0,1,0,629
MZQ,2025-11-17,14197,580.6434,2.6298,0.33453234307,0.313921,1.112712,0.322098,742.2330000000001,882.8085,438.9885,87.4055,1,0,0,0,0,0,0,0,0,0,0,1,0,630
MZQ,2025-11-24,14197,616.2672,2.5926,0.34234243668,0.225434,1.10781,0.322098,840.45,882.8085,499.16049999999996,84.282,1,0,0,0,0,0,0,0,0,0,0,1,0,631
MZQ,2025-12-01,14197,672.2202,2.6736,0.37115534959999996,0.226778,1.1166179999999999,0.30233699999999997,918.697,882.8085,524.8875,92.8625,1,0,0,0,0,0,0,0,0,0,0,0,1,632
MZQ,2025-12-08,14197,622.7238,2.4366,0.2657132224,0.243032,1.1098860000000002,0.30233699999999997,656.3629999999999,882.8085,560.4255,93.8975,1,0,0,0,0,0,0,0,0,0,0,0,1,633
MZQ,2025-12-15,14197,613.377,2.43,0.28902623457,0.257788,1.027158,0.30233699999999997,683.4765,882.8085,533.9095,91.8665,1,0,0,0,0,0,0,0,0,0,0,0,1,634
MZQ,2025-12-22,14197,650.2788,2.4894,0.30597742122,0.259796,0.9858899999999999,0.30233699999999997,668.938,882.8085,523.175,90.966,1,0,0,0,0,0,0,0,0,0,0,0,1,635
MZQ,2025-12-29,14197,255.3474,1.059,0.12531916725,0.087325,0.387282,0.129573,264.797,378.3465,220.613,35.005,1,0,0,0,0,0,0,0,0,0,0,0,1,636
NTPC,2024-12-30,4046022,94687.671,709.7262000000001,0.0,0.0,153.370566,65.047935,0.0,0.0,71945.683,6199.455,1,0,0,0,0,0,0,0,0,0,0,0,1,637
NTPC,2025-01-06,4046022,135021.7248,964.4508,0.0,0.0,190.975824,91.067109,0.0,0.0,92528.012,10189.181,1,1,0,0,0,0,0,0,0,0,0,0,0,638
NTPC,2025-01-13,4046022,125058.16080000001,841.3368,0.0,0.0,156.33744000000002,91.067109,0.0,0.0,71386.547,12358.947,1,1,0,0,0,0,0,0,0,0,0,0,0,639
NTPC,2025-01-20,4046022,107804.514,763.1334,0.0,0.0,144.057252,91.067109,0.0,0.0,69933.52,6224.713,1,1,0,0,0,0,0,0,0,0,0,0,0,640
NTPC,2025-01-27,4046022,85658.5596,640.1928,0.0,0.0,150.027414,102.579003,0.0,0.0,92516.4423,5459.8571,1,1,0,0,0,0,0,0,0,0,0,0,0,641
NTPC,2025-02-03,4046022,143616.816,1090.5126,0.0,0.0,200.301276,131.358738,0.0,0.0,115438.3128,6333.5559,1,0,1,0,0,0,0,0,0,0,0,0,0,642
NTPC,2025-02-10,4046022,160975.3698,1216.9212,0.0,0.0,224.357058,131.358738,0.0,0.0,118241.4942,6270.3744,1,0,1,0,0,0,0,0,0,0,0,0,0,643
NTPC,2025-02-17,4046022,182448.012,1186.4028,90.835281632,0.0,230.495418,131.358738,549365.0466,0.0,116144.2146,5796.9459,1,0,1,0,0,0,0,0,0,0,0,0,0,644
NTPC,2025-02-24,4046022,178543.5642,1155.0174,117.80170788,0.0,223.53861,120.798642,583167.4294,0.0,112740.5751,4920.5321,1,0,1,0,0,0,0,0,0,0,0,0,0,645
NTPC,2025-03-03,4046022,180100.0026,1092.0732,113.02875100000001,0.0,215.72867399999998,94.398402,542599.228,0.0,105381.1152,887.4768,1,0,0,1,0,0,0,0,0,0,0,0,0,646
NTPC,2025-03-10,4046022,180579.627,1073.5194000000001,108.24192427,0.0,238.905318,94.398402,500014.3708,0.0,124046.5328,0.0,1,0,0,1,0,0,0,0,0,0,0,0,0,647
NTPC,2025-03-17,4046022,180201.7884,1014.0432000000001,109.81441677000001,0.0,242.329968,94.398402,472698.306,0.0,139044.2672,1396.6848,1,0,0,1,0,0,0,0,0,0,0,0,0,648
NTPC,2025-03-24,4046022,180535.9302,1023.2334,109.67051724000001,0.0,242.931666,94.398402,449644.8664,0.0,141797.6276,5685.6364,1,0,0,1,0,0,0,0,0,0,0,0,0,649
NTPC,2025-03-31,4046022,156523.3248,886.5942,106.58794646,0.0,231.071106,105.290382,438852.7447,0.0,142079.55430000002,3768.5643,1,0,0,1,0,0,0,0,0,0,0,0,0,650
NTPC,2025-04-07,4046022,163319.391,795.906,114.78328509,0.0,246.772476,107.105712,526892.3084,0.0,142348.4467,4387.4361,1,0,0,0,1,0,0,0,0,0,0,0,0,651
NTPC,2025-04-14,4046022,170490.348,851.0472,111.93823521999998,0.0,254.72286599999998,107.105712,469424.12210000004,0.0,149763.4338,3061.8644,1,0,0,0,1,0,0,0,0,0,0,0,0,652
NTPC,2025-04-21,4046022,170159.3274,855.0354,115.15430316,0.0,246.17251199999998,107.105712,438610.169,0.0,143211.3074,7605.6170999999995,1,0,0,0,1,0,0,0,0,0,0,0,0,653
NTPC,2025-04-28,4046022,166283.1438,850.1802,110.50790853000001,0.0,238.04698799999997,95.391256,376476.1585,0.0,149098.1435,18175.206,1,0,0,0,1,0,0,0,0,0,0,0,0,654
NTPC,2025-05-05,4046022,163030.68,814.6332,117.79650668000001,0.0,238.747524,86.605414,440298.4938,0.0,143122.2792,20714.0172,1,0,0,0,0,1,0,0,0,0,0,0,0,655
NTPC,2025-05-12,4046022,178061.3388,881.9123999999999,115.64668228999999,0.0,246.77247599999998,86.605414,443290.5108,0.0,138382.3902,21055.6152,1,0,0,0,0,1,0,0,0,0,0,0,0,656
NTPC,2025-05-19,4046022,174227.81160000002,847.4058,115.82005524,0.0,259.09428,86.605414,432785.0718,0.0,148356.35820000002,21710.0268,1,0,0,0,0,1,0,0,0,0,0,0,0,657
NTPC,2025-05-26,4046022,172366.536,810.1248,114.3533202,0.0,269.345688,87.384157,349242.5124,0.0,149270.69640000002,15279.8346,1,0,0,0,0,1,0,0,0,0,0,0,0,658
NTPC,2025-06-02,4046022,182131.2102,827.6382,110.36747644,0.0,277.981008,92.05661500000001,324997.7244,0.0,157009.5384,19897.4766,1,0,0,0,0,0,1,0,0,0,0,0,0,659
NTPC,2025-06-09,4046022,175847.7144,793.8252,115.42129749,0.0,283.668528,92.05661500000001,344071.0308,0.0,162105.59100000001,21737.5974,1,0,0,0,0,0,1,0,0,0,0,0,0,660
NTPC,2025-06-16,4046022,175136.9478,826.7712,115.49411413,0.0,278.920836,92.05661500000001,335048.8554,0.0,137602.6104,18861.0648,1,0,0,0,0,0,1,0,0,0,0,0,0,661
NTPC,2025-06-23,4046022,167770.2222,737.9904,113.96149737,0.0,263.366856,92.05661500000001,316308.3036,0.0,148489.8762,25698.5736,1,0,0,0,0,0,1,0,0,0,0,0,0,662
NTPC,2025-06-30,4046022,165467.4702,701.5764,119.1453481,0.0,261.834,95.108287,336287.2782,0.0,157427.259,40675.1316,1,0,0,0,0,0,1,0,0,0,0,0,0,663
NTPC,2025-07-07,4046022,165445.1016,737.817,121.95572340000001,0.0,260.320218,95.61689899999999,368056.41240000003,0.0,152751.0078,47947.8744,1,0,0,0,0,0,0,1,0,0,0,0,0,664
NTPC,2025-07-14,4046022,171925.7532,757.758,110.81477862,0.0,266.501928,95.61689899999999,320295.4632,0.0,160362.4008,50196.5256,1,0,0,0,0,0,0,1,0,0,0,0,0,665
NTPC,2025-07-21,4046022,166534.74719999998,745.0998,108.50371738,0.0,262.950696,95.61689899999999,308492.8188,0.0,153311.95679999999,61613.7018,1,0,0,0,0,0,0,1,0,0,0,0,0,666
NTPC,2025-07-28,4046022,165747.858,781.5138,121.88464049,0.0,272.27788200000003,95.473424,334075.1144,0.0,163299.84470000002,51589.2449,1,0,0,0,0,0,0,1,0,0,0,0,0,667
NTPC,2025-08-04,4046022,171218.9748,720.6504,115.19244522000001,0.0,293.987562,95.28212400000001,329063.7435,0.0,163098.8485,44730.5555,1,0,0,0,0,0,0,0,1,0,0,0,0,668
NTPC,2025-08-11,4046022,175724.7738,764.1738,130.44406227,38.123742,296.08396799999997,95.28212400000001,369954.5705,216276.5985,173207.479,19879.1095,1,0,0,0,0,0,0,0,1,0,0,0,0,669
NTPC,2025-08-18,4046022,185912.544,1111.6674,116.70772465,29.563609,317.42604,95.28212400000001,284964.034,291241.4375,176224.8175,25253.271999999997,1,0,0,0,0,0,0,0,1,0,0,0,0,670
NTPC,2025-08-25,4046022,175528.83179999999,689.265,97.64537048999999,27.898186,304.70194799999996,95.28212400000001,260311.9395,306334.5495,171825.5515,41896.433,1,0,0,0,0,0,0,0,1,0,0,0,0,671
NTPC,2025-09-01,4046022,172007.598,739.7244000000001,100.25289944100001,39.258438,315.324432,98.573104,282784.874,306334.5495,173849.082,30543.634,1,0,0,0,0,0,0,0,0,1,0,0,0,672
NTPC,2025-09-08,4046022,175852.0494,738.8574,93.96639683,60.854643,316.881564,98.573104,254993.297,306334.5495,175653.829,26403.23,1,0,0,0,0,0,0,0,0,1,0,0,0,673
NTPC,2025-09-15,4046022,176342.2512,743.019,84.88512251,58.815808,310.139772,98.573104,234764.932,306334.5495,186198.812,44943.093,1,0,0,0,0,0,0,0,0,1,0,0,0,674
NTPC,2025-09-22,4046022,162386.1522,726.546,108.03214302,77.979626,310.61142,98.573104,290012.884,306334.5495,193059.5225,26071.151,1,0,0,0,0,0,0,0,0,1,0,0,0,675
NTPC,2025-09-29,4046022,180245.832,769.896,88.80855202999999,84.346025,309.68372999999997,92.56757900000001,236401.07880000002,306460.665,192907.0039,29967.2615,1,0,0,0,0,0,0,0,0,1,0,0,0,676
NTPC,2025-10-06,4046022,190428.5736,854.8620000000001,76.57189029,84.00407999999999,308.598246,90.16536900000001,188171.28960000002,306511.1112,176294.09840000002,33368.0032,1,0,0,0,0,0,0,0,0,0,1,0,0,677
NTPC,2025-10-13,4046022,176486.6934,822.4362,67.396994603,100.021386,309.77736600000003,90.16536900000001,173559.3776,306511.1112,174420.6072,33907.0312,1,0,0,0,0,0,0,0,0,0,1,0,0,678
NTPC,2025-10-20,4046022,167157.0798,773.8842,66.316881211,106.807412,311.3397,90.16536900000001,173000.0384,306511.1112,174015.2512,32214.4312,1,0,0,0,0,0,0,0,0,0,1,0,0,679
NTPC,2025-10-27,4046022,177618.822,828.3318,74.84162841999999,108.249215,353.375328,91.000043,181826.7304,306511.1112,185237.276,31662.904000000002,1,0,0,0,0,0,0,0,0,0,1,0,0,680
NTPC,2025-11-03,4046022,186026.2944,821.2224,76.67938151,97.80564700000001,345.99889199999996,93.08672800000001,175211.008,306511.1112,164902.11920000002,32246.0264,1,0,0,0,0,0,0,0,0,0,0,1,0,681
NTPC,2025-11-10,4046022,192025.2408,798.3335999999999,75.33227382,99.856709,333.50542199999995,93.08672800000001,173841.304,306511.1112,168503.6248,30517.4912,1,0,0,0,0,0,0,0,0,0,0,1,0,682
NTPC,2025-11-17,4046022,167805.9426,760.0122,98.91619408999999,90.723158,321.573768,93.08672800000001,257703.2976,306511.1112,152416.8072,30347.1896,1,0,0,0,0,0,0,0,0,0,0,1,0,683
NTPC,2025-11-24,4046022,178101.2208,749.2614,101.2255216,65.150125,320.15709,93.08672800000001,291804.24,306511.1112,173308.5256,29262.7104,1,0,0,0,0,0,0,0,0,0,0,1,0,684
NTPC,2025-12-01,4046022,194271.6378,772.6704,109.74506761,65.538853,322.702602,87.375589,318971.5984,306511.1112,182240.94,32241.86,1,0,0,0,0,0,0,0,0,0,0,0,1,685
NTPC,2025-12-08,4046022,179967.1782,704.1774,78.56741277,70.236381,320.757054,87.375589,227889.2336,306511.1112,194579.7336,32601.212,1,0,0,0,0,0,0,0,0,0,0,0,1,686
NTPC,2025-12-15,4046022,177265.953,702.27,85.46072065,74.50066799999999,296.848662,87.375589,237303.04080000002,306511.1112,185373.3784,31896.0488,1,0,0,0,0,0,0,0,0,0,0,0,1,687
NTPC,2025-12-22,4046022,187930.5732,719.4366,90.4729322,75.080675,284.92221,87.375589,232255.27360000001,306511.1112,181646.36,31583.3952,1,0,0,0,0,0,0,0,0,0,0,0,1,688
NTPC,2025-12-29,4046022,73795.3986,306.051,37.054997320000005,25.237156,111.924498,37.446681,91937.5184,131361.9048,76596.8336,12153.736,1,0,0,0,0,0,0,0,0,0,0,0,1,689
NTQ,2024-12-30,473184,10975.906500000001,82.2693,0.0,0.0,17.778249000000002,7.540160000000001,0.0,0.0,5697.432699999999,490.9395,1,0,0,0,0,0,0,0,0,0,0,0,1,690
NTQ,2025-01-06,473184,15651.3072,111.7962,0.0,0.0,22.137336,10.556224,0.0,0.0,7327.3628,806.8888999999999,1,1,0,0,0,0,0,0,0,0,0,0,0,691
NTQ,2025-01-13,473184,14496.3612,97.5252,0.0,0.0,18.122159999999997,10.556224,0.0,0.0,5653.1543,978.7143,1,1,0,0,0,0,0,0,0,0,0,0,0,692
NTQ,2025-01-20,473184,12496.371,88.4601,0.0,0.0,16.698678,10.556224,0.0,0.0,5538.088,492.9397,1,1,0,0,0,0,0,0,0,0,0,0,0,693
NTQ,2025-01-27,473184,9929.2794,74.2092,0.0,0.0,17.390721,11.890648,0.0,0.0,7305.513199999999,431.2747,1,1,0,0,0,0,0,0,0,0,0,0,0,694
NTQ,2025-02-03,473184,16647.624,126.4089,0.0,0.0,23.218314,15.226708,0.0,0.0,9069.6768,497.6104,1,0,1,0,0,0,0,0,0,0,0,0,0,695
NTQ,2025-02-10,473184,18659.7747,141.0618,0.0,0.0,26.006787,15.226708,0.0,0.0,9289.9152,492.64639999999997,1,0,1,0,0,0,0,0,0,0,0,0,0,696
NTQ,2025-02-17,473184,21148.818,137.5242,10.543999051999998,0.0,26.718327,15.226708,43162.1296,0.0,9125.1376,455.4504,1,0,1,0,0,0,0,0,0,0,0,0,0,697
NTQ,2025-02-24,473184,20696.226300000002,133.8861,13.674214182,0.0,25.911915,14.002612000000001,45811.668,0.0,8856.2928,386.5392,1,0,1,0,0,0,0,0,0,0,0,0,0,698
NTQ,2025-03-03,473184,20876.6439,126.5898,13.120177776,0.0,25.006611,10.942372,42605.944,0.0,8274.7296,69.6864,1,0,0,1,0,0,0,0,0,0,0,0,0,699
NTQ,2025-03-10,473184,20932.2405,124.43910000000001,12.564531383999999,0.0,27.693177000000002,10.942372,39262.0984,0.0,9740.3744,0.0,1,0,0,1,0,0,0,0,0,0,0,0,0,700
NTQ,2025-03-17,473184,20888.4426,117.54480000000001,12.747063539,0.0,28.090152,10.942372,37117.188,0.0,10918.025599999999,109.6704,1,0,0,1,0,0,0,0,0,0,0,0,0,701
NTQ,2025-03-24,473184,20927.1753,118.6101,12.730359935,0.0,28.159899,10.942372,35306.987199999996,0.0,11134.2248,446.4472,1,0,0,1,0,0,0,0,0,0,0,0,0,702
NTQ,2025-03-31,473184,18143.7072,102.7713,12.372540565,0.0,26.785059,12.20494,34441.9048,0.0,11150.8848,295.7728,1,0,0,1,0,0,0,0,0,0,0,0,0,703
NTQ,2025-04-07,473184,18931.4865,92.259,13.323840996,0.0,28.605114,12.415368,41348.7328,0.0,11171.0264,344.3112,1,0,0,0,1,0,0,0,0,0,0,0,0,704
NTQ,2025-04-14,473184,19762.722,98.6508,12.993592635,0.0,29.526698999999997,12.415368,36838.8232,0.0,11752.9296,240.28480000000002,1,0,0,0,1,0,0,0,0,0,0,0,0,705
NTQ,2025-04-21,473184,19724.3511,99.1131,13.366908117000001,0.0,28.535567999999998,12.415368,34420.648,0.0,11238.7408,596.8632,1,0,0,0,1,0,0,0,0,0,0,0,0,706
NTQ,2025-04-28,473184,19275.0357,98.5503,12.827562834,0.0,27.593681999999998,11.057464,29535.528000000002,0.0,11696.7616,1425.8512,1,0,0,0,1,0,0,0,0,0,0,0,0,707
NTQ,2025-05-05,473184,18898.02,94.4298,13.673610437,0.0,27.674886,10.039036000000001,34533.2152,0.0,11225.2768,1624.6288,1,0,0,0,0,1,0,0,0,0,0,0,0,708
NTQ,2025-05-12,473184,20640.3282,102.2286,13.424062618999999,0.0,28.605114,10.039036000000001,34767.883200000004,0.0,10853.5208,1651.4208,1,0,0,0,0,1,0,0,0,0,0,0,0,709
NTQ,2025-05-19,473184,20195.9574,98.2287,13.444187443999999,0.0,30.03342,10.039036000000001,33943.9272,0.0,11635.792800000001,1702.7472,1,0,0,0,0,1,0,0,0,0,0,0,0,710
NTQ,2025-05-26,473184,19980.204,93.9072,13.273931432,0.0,31.221732000000003,10.129306000000001,27391.5696,0.0,11707.5056,1198.4184,1,0,0,0,0,1,0,0,0,0,0,0,0,711
NTQ,2025-06-02,473184,21112.0953,95.9373,12.811261727000002,0.0,32.222712,10.670926,25490.0176,0.0,12314.4736,1560.5864000000001,1,0,0,0,0,0,1,0,0,0,0,0,0,712
NTQ,2025-06-09,473184,20383.7316,92.0178,13.397900348,0.0,32.881992,10.670926,26985.963200000002,0.0,12714.164,1704.9096,1,0,0,0,0,0,1,0,0,0,0,0,0,713
NTQ,2025-06-16,473184,20301.3417,95.8368,13.406352774,0.0,32.331654,10.670926,26278.3416,0.0,10792.3616,1479.2992,1,0,0,0,0,0,1,0,0,0,0,0,0,714
NTQ,2025-06-23,473184,19447.4133,85.5456,13.228449329,0.0,30.528684,10.670926,24808.4944,0.0,11646.264799999999,2015.5744,1,0,0,0,0,0,1,0,0,0,0,0,0,715
NTQ,2025-06-30,473184,19180.4853,81.3246,13.830181568999999,0.0,30.351,11.024662000000001,26375.4728,0.0,12347.236,3190.2064,1,0,0,0,0,0,1,0,0,0,0,0,0,716
NTQ,2025-07-07,473184,19177.8924,85.5255,14.156404965000002,0.0,30.175527000000002,11.083618000000001,28867.1696,0.0,11980.4712,3760.6176,1,0,0,0,0,0,0,1,0,0,0,0,0,717
NTQ,2025-07-14,473184,19929.1098,87.837,12.863183773000001,0.0,30.892092,11.083618000000001,25121.2128,0.0,12577.4432,3936.9824,1,0,0,0,0,0,0,1,0,0,0,0,0,718
NTQ,2025-07-21,473184,19304.2008,86.3697,12.594919869999998,0.0,30.480444,11.083618000000001,24195.515199999998,0.0,12024.4672,4832.4472,1,0,0,0,0,0,0,1,0,0,0,0,0,719
NTQ,2025-07-28,473184,19212.987,90.5907,14.148153788,0.0,31.561623,11.066989,26195.844,0.0,12804.6448,4045.184,1,0,0,0,0,0,0,1,0,0,0,0,0,720
NTQ,2025-08-04,473184,19847.1822,83.5356,13.371335581,0.0,34.078143,11.044816999999998,25794.045599999998,0.0,12784.6936,3506.2568,1,0,0,0,0,0,0,0,1,0,0,0,0,721
NTQ,2025-08-11,473184,20369.4807,88.58070000000001,15.14171635,4.419188,34.321152000000005,11.044816999999998,28999.3208,15909.8648,13577.0704,1558.2472,1,0,0,0,0,0,0,0,1,0,0,0,0,722
NTQ,2025-08-18,473184,21550.416,128.8611,13.547226542999999,3.4269220000000002,36.79506,11.044816999999998,22337.238400000002,24289.844800000003,13813.588,1979.5072,1,0,0,0,0,0,0,0,1,0,0,0,0,723
NTQ,2025-08-25,473184,20346.7677,79.8975,11.33450214,3.233873,35.320122,11.044816999999998,20404.855199999998,24012.391200000002,13468.7464,3284.1008,1,0,0,0,0,0,0,0,1,0,0,0,0,724
NTQ,2025-09-01,473184,19938.597,85.7466,11.637179492999998,4.550718,36.551448,11.426296,22166.4224,24012.391200000002,13627.3632,2394.1984,1,0,0,0,0,0,0,0,0,1,0,0,0,725
NTQ,2025-09-08,473184,20384.2341,85.6461,10.907453374000001,7.054086,36.731946,11.426296,19987.9472,24012.391200000002,13768.830399999999,2069.648,1,0,0,0,0,0,0,0,0,1,0,0,0,726
NTQ,2025-09-15,473184,20441.0568,86.1285,9.853315090999999,6.817748,35.950458,11.426296,18402.3232,24012.391200000002,14595.4112,3522.9168,1,0,0,0,0,0,0,0,0,1,0,0,0,727
NTQ,2025-09-22,473184,18823.3083,84.219,12.540180347,9.039161,36.00513,11.426296,22732.9984,24012.391200000002,15133.196,2043.6176,1,0,0,0,0,0,0,0,0,1,0,0,0,728
NTQ,2025-09-29,473184,20893.548,89.244,10.308739859,9.777135,35.897595,10.730151000000001,18523.1592,24012.391200000002,15114.8768,2347.9992,1,0,0,0,0,0,0,0,0,1,0,0,0,729
NTQ,2025-10-06,473184,22073.9004,99.093,8.888329781,9.737498,35.771769,10.451693,14741.5296,24012.391200000002,13811.0584,2614.0832,1,0,0,0,0,0,0,0,0,0,1,0,0,730
NTQ,2025-10-13,473184,20457.8001,95.3343,7.8233240918,11.594175,35.908449,10.451693,13596.8176,24012.391200000002,13664.287199999999,2656.3112,1,0,0,0,0,0,0,0,0,0,1,0,0,731
NTQ,2025-10-20,473184,19376.3397,89.7063,7.6979464393,12.380790999999999,36.08955,10.451693,13552.9984,24012.391200000002,13632.5312,2523.7111999999997,1,0,0,0,0,0,0,0,0,0,1,0,0,732
NTQ,2025-10-27,473184,20589.033,96.0177,8.687484035,12.54792,40.962191999999995,10.548447000000001,14244.4904,24012.391200000002,14511.676,2480.504,1,0,0,0,0,0,0,0,0,0,1,0,0,733
NTQ,2025-11-03,473184,21563.6016,95.1936,8.90080717,11.337333,40.107138,10.790332000000001,13726.207999999999,24012.391200000002,12918.5992,2526.1864,1,0,0,0,0,0,0,0,0,0,0,1,0,734
NTQ,2025-11-10,473184,22258.9812,92.5404,8.744437289,11.575085,38.658933,10.790332000000001,13618.904,24012.391200000002,13200.7448,2390.7712,1,0,0,0,0,0,0,0,0,0,0,1,0,735
NTQ,2025-11-17,473184,19451.5539,88.0983,11.4820171,10.516352,37.275852,10.790332000000001,20188.7376,24012.391200000002,11940.4872,2377.4296,1,0,0,0,0,0,0,0,0,0,0,1,0,736
NTQ,2025-11-24,473184,20644.9512,86.85210000000001,11.750079756999998,7.552003999999999,37.111635,10.790332000000001,22860.239999999998,24012.391200000002,13577.1656,2292.4704,1,0,0,0,0,0,0,0,0,0,0,1,0,737
NTQ,2025-12-01,473184,22519.3767,89.5656,12.739013608,7.597065,37.406703,10.128314,24988.5584,24012.391200000002,14276.939999999999,2525.8599999999997,1,0,0,0,0,0,0,0,0,0,0,0,1,738
NTQ,2025-12-08,473184,20861.2473,81.62610000000001,9.119966505,8.141587,37.181181,10.128314,17853.0736,24012.391200000002,15243.5736,2554.012,1,0,0,0,0,0,0,0,0,0,0,0,1,739
NTQ,2025-12-15,473184,20548.1295,81.405,9.920129509,8.635891,34.409793,10.128314,18590.5608,24012.391200000002,14522.3384,2498.7688,1,0,0,0,0,0,0,0,0,0,0,0,1,740
NTQ,2025-12-22,473184,21784.3398,83.3949,10.501938172000001,8.703122,33.027315,10.128314,18195.1136,24012.391200000002,14230.36,2474.2752,1,0,0,0,0,0,0,0,0,0,0,0,1,741
NTQ,2025-12-29,473184,8554.1379,35.4765,4.3012786389999995,2.925414,12.973947,4.340706,7202.4784,10291.024800000001,6000.6736,952.136,1,0,0,0,0,0,0,0,0,0,0,0,1,742
PHQ,2024-12-30,108340,2511.8990000000003,18.8278,0.0,0.0,4.068654,1.72561,0.0,0.0,1413.9614000000001,121.839,1,0,0,0,0,0,0,0,0,0,0,0,1,743
PHQ,2025-01-06,108340,3581.8912,25.5852,0.0,0.0,5.066255999999999,2.415854,0.0,0.0,1818.4696,200.2498,1,1,0,0,0,0,0,0,0,0,0,0,0,744
PHQ,2025-01-13,108340,3317.5752,22.319200000000002,0.0,0.0,4.14736,2.415854,0.0,0.0,1402.9726,242.8926,1,1,0,0,0,0,0,0,0,0,0,0,0,745
PHQ,2025-01-20,108340,2859.866,20.2446,0.0,0.0,3.8215879999999998,2.415854,0.0,0.0,1374.416,122.33539999999999,1,1,0,0,0,0,0,0,0,0,0,0,0,746
PHQ,2025-01-27,108340,2272.3724,16.9832,0.0,0.0,3.979966,2.721244,0.0,0.0,1817.8609999999999,107.2836,1,1,0,0,0,0,0,0,0,0,0,0,0,747
PHQ,2025-02-03,108340,3809.904,28.9294,0.0,0.0,5.313643999999999,3.484719,0.0,0.0,2267.4192,124.4026,1,0,1,0,0,0,0,0,0,0,0,0,0,748
PHQ,2025-02-10,108340,4270.3962,32.2828,0.0,0.0,5.951802,3.484719,0.0,0.0,2322.4788,123.16159999999999,1,0,1,0,0,0,0,0,0,0,0,0,0,749
PHQ,2025-02-17,108340,4840.028,31.4732,2.4000098464,0.0,6.114642,3.484719,10790.5324,0.0,2281.2844,113.8626,1,0,1,0,0,0,0,0,0,0,0,0,0,750
PHQ,2025-02-24,108340,4736.4498,30.6406,3.1125048963,0.0,5.93009,3.204577,11452.917,0.0,2214.0732,96.6348,1,0,1,0,0,0,0,0,0,0,0,0,0,751
PHQ,2025-03-03,108340,4777.7394,28.9708,2.9863959293,0.0,5.722906,2.504222,10651.486,0.0,2068.6824,17.4216,1,0,0,1,0,0,0,0,0,0,0,0,0,752
PHQ,2025-03-10,108340,4790.463,28.4786,2.8599204998,0.0,6.3377419999999995,2.504222,9815.5246,0.0,2435.0936,0.0,1,0,0,1,0,0,0,0,0,0,0,0,0,753
PHQ,2025-03-17,108340,4780.4396,26.9008,2.9014682053,0.0,6.428592,2.504222,9279.297,0.0,2729.5063999999998,27.4176,1,0,0,1,0,0,0,0,0,0,0,0,0,754
PHQ,2025-03-24,108340,4789.3038,27.1446,2.897666155,0.0,6.444554,2.504222,8826.746799999999,0.0,2783.5562,111.6118,1,0,0,1,0,0,0,0,0,0,0,0,0,755
PHQ,2025-03-31,108340,4152.2912,23.5198,2.8162198262,0.0,6.129914,2.79317,8610.4762,0.0,2787.7212,73.9432,1,0,0,1,0,0,0,0,0,0,0,0,0,756
PHQ,2025-04-07,108340,4332.579,21.114,3.0327534574999997,0.0,6.546444,2.8413280000000003,10337.1832,0.0,2792.7566,86.0778,1,0,0,0,1,0,0,0,0,0,0,0,0,757
PHQ,2025-04-14,108340,4522.812,22.5768,2.9575828017999997,0.0,6.757354,2.8413280000000003,9209.7058,0.0,2938.2324,60.071200000000005,1,0,0,0,1,0,0,0,0,0,0,0,0,758
PHQ,2025-04-21,108340,4514.0306,22.6826,3.0425563339000004,0.0,6.530528,2.8413280000000003,8605.162,0.0,2809.6852,149.2158,1,0,0,0,1,0,0,0,0,0,0,0,0,759
PHQ,2025-04-28,108340,4411.2022,22.5538,2.9197913388,0.0,6.314972,2.530564,7383.8820000000005,0.0,2924.1904,356.4628,1,0,0,0,1,0,0,0,0,0,0,0,0,760
PHQ,2025-05-05,108340,4324.92,21.610799999999998,3.1123674728000004,0.0,6.333556,2.297491,8633.3038,0.0,2806.3192,406.1572,1,0,0,0,0,1,0,0,0,0,0,0,0,761
PHQ,2025-05-12,108340,4723.6572,23.3956,3.0555657586000002,0.0,6.546444,2.297491,8691.970800000001,0.0,2713.3802,412.8552,1,0,0,0,0,1,0,0,0,0,0,0,0,762
PHQ,2025-05-19,108340,4621.9604,22.4802,3.0601465422,0.0,6.87332,2.297491,8485.9818,0.0,2908.9482000000003,425.6868,1,0,0,0,0,1,0,0,0,0,0,0,0,763
PHQ,2025-05-26,108340,4572.584,21.4912,3.0213931145000004,0.0,7.145272,2.31815,6847.8924,0.0,2926.8764,299.6046,1,0,0,0,0,1,0,0,0,0,0,0,0,764
PHQ,2025-06-02,108340,4831.623799999999,21.9558,2.9160809041999998,0.0,7.374352,2.442104,6372.5044,0.0,3078.6184,390.14660000000003,1,0,0,0,0,0,1,0,0,0,0,0,0,765
PHQ,2025-06-09,108340,4664.9336,21.058799999999998,3.0496107404,0.0,7.525232,2.442104,6746.4908000000005,0.0,3178.541,426.2274,1,0,0,0,0,0,1,0,0,0,0,0,0,766
PHQ,2025-06-16,108340,4646.0782,21.9328,3.0515346694,0.0,7.399284,2.442104,6569.5854,0.0,2698.0904,369.8248,1,0,0,0,0,0,1,0,0,0,0,0,0,767
PHQ,2025-06-23,108340,4450.6518,19.5776,3.0110405441,0.0,6.986663999999999,2.442104,6202.1236,0.0,2911.5661999999998,503.8936,1,0,0,0,0,0,1,0,0,0,0,0,0,768
PHQ,2025-06-30,108340,4389.5638,18.6116,3.1480059677,0.0,6.946000000000001,2.5230560000000004,6593.8682,0.0,3086.809,797.5516,1,0,0,0,0,0,1,0,0,0,0,0,0,769
PHQ,2025-07-07,108340,4388.9704,19.573,3.2222604666,0.0,6.905842,2.5365480000000002,7216.7924,0.0,2995.1178,940.1544,1,0,0,0,0,0,0,1,0,0,0,0,0,770
PHQ,2025-07-14,108340,4560.8908,20.102,2.9278993253,0.0,7.069832,2.5365480000000002,6280.3032,0.0,3144.3608,984.2456,1,0,0,0,0,0,0,1,0,0,0,0,0,771
PHQ,2025-07-21,108340,4417.8768,19.7662,2.8668374826000003,0.0,6.975624,2.5365480000000002,6048.8787999999995,0.0,3006.1168,1208.1118,1,0,0,0,0,0,0,1,0,0,0,0,0,772
PHQ,2025-07-28,108340,4397.002,20.7322,3.2203823454,0.0,7.223058,2.532744,6548.961,0.0,3201.1612,1011.296,1,0,0,0,0,0,0,1,0,0,0,0,0,773
PHQ,2025-08-04,108340,4542.1412,19.1176,3.0435641061000003,0.0,7.798978,2.527672,6448.511399999999,0.0,3196.1734,876.5642,1,0,0,0,0,0,0,0,1,0,0,0,0,774
PHQ,2025-08-11,108340,4661.6722,20.2722,3.4465356220000003,1.011357,7.854592,2.527672,7249.8302,3656.7237999999998,3394.2676,389.5618,1,0,0,0,0,0,0,0,1,0,0,0,0,775
PHQ,2025-08-18,108340,4931.936,29.4906,3.0836001532,0.7842709999999999,8.42076,2.527672,5584.3096000000005,5902.4544000000005,3453.397,494.8768,1,0,0,0,0,0,0,0,1,0,0,0,0,776
PHQ,2025-08-25,108340,4656.4742,18.285,2.5799430184,0.740092,8.083212,2.527672,5101.2137999999995,6003.0978000000005,3367.1866,821.0252,1,0,0,0,0,0,0,0,1,0,0,0,0,777
PHQ,2025-09-01,108340,4563.062,19.6236,2.6488380006,1.041457,8.365008,2.614976,5541.6056,6003.0978000000005,3406.8408,598.5496,1,0,0,0,0,0,0,0,0,1,0,0,0,778
PHQ,2025-09-08,108340,4665.0486,19.6006,2.4827387946,1.614368,8.406315999999999,2.614976,4996.9868,6003.0978000000005,3442.2075999999997,517.412,1,0,0,0,0,0,0,0,0,1,0,0,0,779
PHQ,2025-09-15,108340,4678.0528,19.711,2.2427973601000004,1.560281,8.227468,2.614976,4600.5808,6003.0978000000005,3648.8528,880.7292,1,0,0,0,0,0,0,0,0,1,0,0,0,780
PHQ,2025-09-22,108340,4307.8218,19.274,2.8543777517,2.068665,8.239980000000001,2.614976,5683.2496,6003.0978000000005,3783.299,510.9044,1,0,0,0,0,0,0,0,0,1,0,0,0,781
PHQ,2025-09-29,108340,4781.608,20.424,2.3464604886,2.237553,8.21537,2.4556560000000003,4630.7898,6003.0978000000005,3778.7192,586.9998,1,0,0,0,0,0,0,0,0,1,0,0,0,782
PHQ,2025-10-06,108340,5051.7384,22.678,2.0231487962,2.228482,8.186574,2.391928,3685.3824,6003.0978000000005,3452.7646,653.5208,1,0,0,0,0,0,0,0,0,0,1,0,0,783
PHQ,2025-10-13,108340,4681.8846,21.8178,1.7807337387000002,2.653394,8.217853999999999,2.391928,3399.2044,6003.0978000000005,3416.0717999999997,664.0778,1,0,0,0,0,0,0,0,0,0,1,0,0,784
PHQ,2025-10-20,108340,4434.3862,20.5298,1.7521954579999999,2.833415,8.259300000000001,2.391928,3388.2496,6003.0978000000005,3408.1328,630.9277999999999,1,0,0,0,0,0,0,0,0,0,1,0,0,785
PHQ,2025-10-27,108340,4711.918,21.9742,1.9774325779,2.871662,9.374432,2.414072,3561.1226,6003.0978000000005,3627.919,620.126,1,0,0,0,0,0,0,0,0,0,1,0,0,786
PHQ,2025-11-03,108340,4934.9536,21.7856,2.025988882,2.5946140000000004,9.178747999999999,2.469432,3431.5519999999997,6003.0978000000005,3229.6498,631.5466,1,0,0,0,0,0,0,0,0,0,0,1,0,787
PHQ,2025-11-10,108340,5094.0952,21.1784,1.9903961948,2.6490250000000004,8.847318,2.469432,3404.726,6003.0978000000005,3300.1862,597.6928,1,0,0,0,0,0,0,0,0,0,0,1,0,788
PHQ,2025-11-17,108340,4451.5994,20.1618,2.6135201606,2.406727,8.530792,2.469432,5047.1844,6003.0978000000005,2985.1218,594.3574,1,0,0,0,0,0,0,0,0,0,0,1,0,789
PHQ,2025-11-24,108340,4724.7152,19.8766,2.6745361955,1.7283199999999999,8.49321,2.469432,5715.0599999999995,6003.0978000000005,3394.2914,573.1176,1,0,0,0,0,0,0,0,0,0,0,1,0,790
PHQ,2025-12-01,108340,5153.6882,20.4976,2.8996358919,1.738631,8.560738,2.3179239999999997,6247.1396,6003.0978000000005,3569.2349999999997,631.4649999999999,1,0,0,0,0,0,0,0,0,0,0,0,1,791
PHQ,2025-12-08,108340,4774.2158,18.6806,2.0758736131,1.863248,8.509126,2.3179239999999997,4463.2684,6003.0978000000005,3810.8934,638.503,1,0,0,0,0,0,0,0,0,0,0,0,1,792
PHQ,2025-12-15,108340,4702.557,18.63,2.258005561,1.9763730000000002,7.874878,2.3179239999999997,4647.6402,6003.0978000000005,3630.5846,624.6922,1,0,0,0,0,0,0,0,0,0,0,0,1,793
PHQ,2025-12-22,108340,4985.4708,19.0854,2.3904360091,1.99176,7.558489999999999,2.3179239999999997,4548.7784,6003.0978000000005,3557.59,618.5688,1,0,0,0,0,0,0,0,0,0,0,0,1,794
PHQ,2025-12-29,108340,1957.6634,8.119,0.979050836,0.6694979999999999,2.969162,0.993396,1800.6196,2572.7562000000003,1500.1684,238.034,1,0,0,0,0,0,0,0,0,0,0,0,1,795
PTQ,2024-12-30,790425,18347.784,137.5248,0.0,0.0,29.718864000000004,12.604445,0.0,0.0,9939.3169,856.4565,1,0,0,0,0,0,0,0,0,0,0,0,1,796
PTQ,2025-01-06,790425,26163.3792,186.8832,0.0,0.0,37.005696,17.646223,0.0,0.0,12782.7716,1407.6383,1,1,0,0,0,0,0,0,0,0,0,0,0,797
PTQ,2025-01-13,790425,24232.7232,163.0272,0.0,0.0,30.293760000000002,17.646223,0.0,0.0,9862.0721,1707.3921,1,1,0,0,0,0,0,0,0,0,0,0,0,798
PTQ,2025-01-20,790425,20889.456,147.8736,0.0,0.0,27.914208,17.646223,0.0,0.0,9661.336,859.9458999999999,1,1,0,0,0,0,0,0,0,0,0,0,0,799
PTQ,2025-01-27,790425,16598.1984,124.05120000000001,0.0,0.0,29.071056,19.876900999999997,0.0,0.0,12778.4935,754.1406,1,1,0,0,0,0,0,0,0,0,0,0,0,800
PTQ,2025-02-03,790425,27828.863999999998,211.3104,0.0,0.0,38.812704,25.453595999999997,0.0,0.0,15938.6232,874.4771,1,0,1,0,0,0,0,0,0,0,0,0,0,801
PTQ,2025-02-10,790425,31192.459199999998,235.8048,0.0,0.0,43.474031999999994,25.453595999999997,0.0,0.0,16325.6598,865.7536,1,0,1,0,0,0,0,0,0,0,0,0,0,802
PTQ,2025-02-17,790425,35353.248,229.8912,17.629707216,0.0,44.663472,25.453595999999997,75851.0954,0.0,16036.0874,800.3871,1,0,1,0,0,0,0,0,0,0,0,0,0,803
PTQ,2025-02-24,790425,34596.6768,223.8096,22.863468713000003,0.0,43.315439999999995,23.407349999999997,80507.2695,0.0,15563.6322,679.2858,1,0,1,0,0,0,0,0,0,0,0,0,0,804
PTQ,2025-03-03,790425,34898.2704,211.6128,21.937112445000004,0.0,41.802096,18.291735,74873.681,0.0,14541.6204,122.4636,1,0,0,1,0,0,0,0,0,0,0,0,0,805
PTQ,2025-03-10,790425,34991.208,208.01760000000002,21.008064258999998,0.0,46.293072,18.291735,68997.3641,0.0,17117.2756,0.0,1,0,0,1,0,0,0,0,0,0,0,0,0,806
PTQ,2025-03-17,790425,34917.9936,196.4928,21.313260458,0.0,46.956672,18.291735,65227.9995,0.0,19186.8244,192.7296,1,0,0,1,0,0,0,0,0,0,0,0,0,807
PTQ,2025-03-24,790425,34982.7408,198.27360000000002,21.285331808000002,0.0,47.073264,18.291735,62046.8378,0.0,19566.7627,784.5653,1,0,0,1,0,0,0,0,0,0,0,0,0,808
PTQ,2025-03-31,790425,30329.7792,171.7968,20.687053041,0.0,44.775024,20.402289,60526.5827,0.0,19596.0402,519.7772,1,0,0,1,0,0,0,0,0,0,0,0,0,809
PTQ,2025-04-07,790425,31646.664,154.224,22.277640067000004,0.0,47.817504,20.754048,72664.3172,0.0,19631.4361,605.0763,1,0,0,0,1,0,0,0,0,0,0,0,0,810
PTQ,2025-04-14,790425,33036.192,164.90879999999999,21.725460395,0.0,49.358064000000006,20.754048,64738.8143,0.0,20654.0454,422.2652,1,0,0,0,1,0,0,0,0,0,0,0,0,811
PTQ,2025-04-21,790425,32972.0496,165.6816,22.349648873,0.0,47.70124799999999,20.754048,60489.227,0.0,19750.4342,1048.8993,1,0,0,0,1,0,0,0,0,0,0,0,0,812
PTQ,2025-04-28,790425,32220.9552,164.7408,21.447856356000003,0.0,46.126751999999996,18.48412,51904.347,0.0,20555.3384,2505.7237999999998,1,0,0,0,1,0,0,0,0,0,0,0,0,813
PTQ,2025-05-05,790425,31590.72,157.8528,22.862459244,0.0,46.262496,16.781674,60687.0473,0.0,19726.7732,2855.0461999999998,1,0,0,0,0,1,0,0,0,0,0,0,0,814
PTQ,2025-05-12,790425,34503.2352,170.8896,22.44521196,0.0,47.817504,16.781674,61099.4418,0.0,19073.4667,2902.1292,1,0,0,0,0,1,0,0,0,0,0,0,0,815
PTQ,2025-05-19,790425,33760.4064,164.2032,22.478860934,0.0,50.205119999999994,16.781674,59651.4603,0.0,20448.1947,2992.3278,1,0,0,0,0,1,0,0,0,0,0,0,0,816
PTQ,2025-05-26,790425,33399.744,156.9792,22.194190611,0.0,52.191552,16.932572,48136.6554,0.0,20574.219399999998,2106.0441,1,0,0,0,0,1,0,0,0,0,0,0,0,817
PTQ,2025-06-02,790425,35291.8608,160.3728,21.420600685999997,0.0,53.864832,17.83796,44794.9574,0.0,21640.8764,2742.5011,1,0,0,0,0,0,1,0,0,0,0,0,0,818
PTQ,2025-06-09,790425,34074.2976,153.8208,22.401468292999997,0.0,54.966912,17.83796,47423.8618,0.0,22343.2735,2996.1279,1,0,0,0,0,0,1,0,0,0,0,0,0,819
PTQ,2025-06-16,790425,33936.5712,160.2048,22.415600862,0.0,54.046944,17.83796,46180.3209,0.0,18965.9884,2599.6508,1,0,0,0,0,0,1,0,0,0,0,0,0,820
PTQ,2025-06-23,790425,32509.108799999998,143.0016,22.118143928,0.0,51.033024000000005,17.83796,43597.2806,0.0,20466.5977,3542.0756,1,0,0,0,0,0,1,0,0,0,0,0,0,821
PTQ,2025-06-30,790425,32062.9008,135.9456,23.124248265000002,0.0,50.736000000000004,18.429289999999998,46351.0147,0.0,21698.4515,5606.3186000000005,1,0,0,0,0,0,1,0,0,0,0,0,0,822
PTQ,2025-07-07,790425,32058.5664,142.968,23.669698143,0.0,50.442672,18.527845,50729.8054,0.0,21053.9163,6608.7324,1,0,0,0,0,0,0,1,0,0,0,0,0,823
PTQ,2025-07-14,790425,33314.3328,146.832,21.507415040999998,0.0,51.640512,18.527845,44146.8372,0.0,22103.0068,6918.6676,1,0,0,0,0,0,0,1,0,0,0,0,0,824
PTQ,2025-07-21,790425,32269.7088,144.3792,21.05887421,0.0,50.952384,18.527845,42520.0598,0.0,21131.232799999998,8492.3153,1,0,0,0,0,0,0,1,0,0,0,0,0,825
PTQ,2025-07-28,790425,32117.232,151.4352,23.655902063,0.0,52.759728,18.500041,46035.3435,0.0,22502.2802,7108.816,1,0,0,0,0,0,0,1,0,0,0,0,0,826
PTQ,2025-08-04,790425,33177.3792,139.64159999999998,22.357051646,0.0,56.966448,18.462969,45329.2419,0.0,22467.2189,6161.7307,1,0,0,0,0,0,0,0,1,0,0,0,0,827
PTQ,2025-08-11,790425,34050.4752,148.0752,25.317151935000002,7.3872990000000005,57.372672,18.462969,50962.0417,30707.006800000003,23859.7046,2738.3903,1,0,0,0,0,0,0,0,1,0,0,0,0,828
PTQ,2025-08-18,790425,36024.576,215.40959999999998,22.651143683,5.728589,61.50816,18.462969,39254.4116,40031.782999999996,24275.3495,3478.6928,1,0,0,0,0,0,0,0,1,0,0,0,0,829
PTQ,2025-08-25,790425,34012.5072,133.56,18.951438937,5.405878,59.042592000000006,18.462969,35858.5323,42198.2463,23669.3411,5771.3242,1,0,0,0,0,0,0,0,1,0,0,0,0,830
PTQ,2025-09-01,790425,33330.192,143.3376,19.457519511999998,7.60717,61.100928,19.100668999999996,38954.2276,42198.2463,23948.0868,4207.4516,1,0,0,0,0,0,0,0,0,1,0,0,0,831
PTQ,2025-09-08,790425,34075.1376,143.1696,18.237407694999998,11.791903,61.402656,19.100668999999996,35125.8778,42198.2463,24196.694600000003,3637.102,1,0,0,0,0,0,0,0,0,1,0,0,0,832
PTQ,2025-09-15,790425,34170.1248,143.976,16.474874413,11.396833999999998,60.096288,19.100668999999996,32339.3768,42198.2463,25649.2888,6191.0082,1,0,0,0,0,0,0,0,0,1,0,0,0,833
PTQ,2025-09-22,790425,31465.8288,140.784,20.967348999000002,15.110241,60.18768,19.100668999999996,39949.9016,42198.2463,26594.3665,3591.3574,1,0,0,0,0,0,0,0,0,1,0,0,0,834
PTQ,2025-09-29,790425,34926.528,149.184,17.236350705,16.343867,60.007920000000006,17.936968999999998,32551.7283,42198.2463,26562.1732,4126.2633,1,0,0,0,0,0,0,0,0,1,0,0,0,835
PTQ,2025-10-06,790425,36899.6544,165.648,14.861406085999999,16.277608,59.797584,17.471489000000002,25906.0704,42198.2463,24270.9041,4593.8668,1,0,0,0,0,0,0,0,0,0,1,0,0,836
PTQ,2025-10-13,790425,34198.1136,159.3648,13.080702354,19.381307,60.026064,17.471489000000002,23894.4074,42198.2463,24012.9753,4668.0763,1,0,0,0,0,0,0,0,0,0,1,0,0,837
PTQ,2025-10-20,790425,32390.2992,149.9568,12.871069241,20.696246000000002,60.3288,17.471489000000002,23817.4016,42198.2463,23957.1688,4435.0513,1,0,0,0,0,0,0,0,0,0,1,0,0,838
PTQ,2025-10-27,790425,34417.488,160.5072,14.525589318,20.975626000000002,68.474112,17.633225,25032.5971,42198.2463,25502.1365,4359.121,1,0,0,0,0,0,0,0,0,0,1,0,0,839
PTQ,2025-11-03,790425,36046.6176,159.1296,14.882268449000001,18.951959,67.044768,18.037565,24121.792,42198.2463,22702.5383,4439.4011,1,0,0,0,0,0,0,0,0,0,0,1,0,840
PTQ,2025-11-10,790425,37209.0432,154.6944,14.620815917,19.349397,64.62388800000001,18.037565,23933.221,42198.2463,23198.3677,4201.4288,1,0,0,0,0,0,0,0,0,0,0,1,0,841
PTQ,2025-11-17,790425,32516.0304,147.2688,19.198085919999997,17.579572999999996,62.311872,18.037565,35478.7374,42198.2463,20983.6503,4177.9829,1,0,0,0,0,0,0,0,0,0,0,1,0,842
PTQ,2025-11-24,790425,34510.9632,145.1856,19.646290259,12.624246000000001,62.03736,18.037565,40173.51,42198.2463,23859.8719,4028.6796000000004,1,0,0,0,0,0,0,0,0,0,0,1,0,843
PTQ,2025-12-01,790425,37644.3312,149.7216,21.299800869000002,12.699570000000001,62.530608,16.930907,43729.9772,42021.68459999999,24984.645,4420.255,1,0,0,0,0,0,0,0,0,0,0,0,1,844
PTQ,2025-12-08,790425,34872.5328,136.4496,15.248705781000002,13.609818,62.153616,16.930907,31242.8788,42021.68459999999,26676.253800000002,4469.521,1,0,0,0,0,0,0,0,0,0,0,0,1,845
PTQ,2025-12-15,790425,34349.112,136.08,16.586589009,14.436115,57.520847999999994,16.930907,32533.4814,42021.68459999999,25414.0922,4372.8454,1,0,0,0,0,0,0,0,0,0,0,0,1,846
PTQ,2025-12-22,790425,36415.6128,139.4064,17.55938086,14.548504000000001,55.20984000000001,16.930907,31841.448800000002,42021.68459999999,24903.13,4329.9816,1,0,0,0,0,0,0,0,0,0,0,0,1,847
PTQ,2025-12-29,790425,14299.454399999999,59.304,7.191795322000001,4.890245,21.687791999999998,7.256103,12604.3372,18009.2934,10501.1788,1666.2379999999998,1,0,0,0,0,0,0,0,0,0,0,0,1,848
TCC,2024-12-30,2854760,67056.782,502.6204,0.0,0.0,108.615372,46.06624,0.0,0.0,37012.519,3189.315,1,0,0,0,0,0,0,0,0,0,0,0,1,849
TCC,2025-01-06,2854760,95620.9216,683.0136,0.0,0.0,135.247008,64.492736,0.0,0.0,47601.116,5241.8330000000005,1,1,0,0,0,0,0,0,0,0,0,0,0,850
TCC,2025-01-13,2854760,88564.8336,595.8256,0.0,0.0,110.71648,64.492736,0.0,0.0,36724.871,6358.071,1,1,0,0,0,0,0,0,0,0,0,0,0,851
TCC,2025-01-20,2854760,76345.988,540.4428,0.0,0.0,102.019784,64.492736,0.0,0.0,35977.36,3202.309,1,1,0,0,0,0,0,0,0,0,0,0,0,852
TCC,2025-01-27,2854760,60662.4632,453.3776,0.0,0.0,106.247788,72.645336,0.0,0.0,47585.185,2808.306,1,1,0,0,0,0,0,0,0,0,0,0,0,853
TCC,2025-02-03,2854760,101707.872,772.2891999999999,0.0,0.0,141.851192,93.026836,0.0,0.0,59353.032,3256.421,1,0,1,0,0,0,0,0,0,0,0,0,0,854
TCC,2025-02-10,2854760,114001.0116,861.8104000000001,0.0,0.0,158.887236,93.026836,0.0,0.0,60794.298,3223.936,1,0,1,0,0,0,0,0,0,0,0,0,0,855
TCC,2025-02-17,2854760,129207.704,840.1976,64.340862077,0.0,163.23435600000002,93.026836,282458.054,0.0,59715.974,2980.521,1,0,1,0,0,0,0,0,0,0,0,0,0,856
TCC,2025-02-24,2854760,126442.6164,817.9708,83.44184444000001,0.0,158.30762000000001,85.54829,299955.3728,0.0,57993.024600000004,2530.9258,1,0,1,0,0,0,0,0,0,0,0,0,0,857
TCC,2025-03-03,2854760,127544.8692,773.3944,80.06104177,0.0,152.77670799999999,66.851925,279444.868,0.0,54272.491200000004,457.0608,1,0,0,1,0,0,0,0,0,0,0,0,0,858
TCC,2025-03-10,2854760,127884.534,760.2548,76.67041479000001,0.0,169.190156,66.851925,257513.1748,0.0,63885.3968,0.0,1,0,0,1,0,0,0,0,0,0,0,0,0,859
TCC,2025-03-17,2854760,127616.9528,718.1344,77.78424987,0.0,171.61545600000002,66.851925,243445.086,0.0,71609.4032,719.3088,1,0,0,1,0,0,0,0,0,0,0,0,0,860
TCC,2025-03-24,2854760,127853.5884,724.6428,77.68232231,0.0,172.041572,66.851925,231572.2984,0.0,73027.41560000001,2928.1684,1,0,0,1,0,0,0,0,0,0,0,0,0,861
TCC,2025-03-31,2854760,110848.1216,627.8764,75.498861666,0.0,163.642052,74.565507,225898.3756,0.0,73136.6856,1939.9216000000001,1,0,0,1,0,0,0,0,0,0,0,0,0,862
TCC,2025-04-07,2854760,115661.022,563.652,81.30382139,0.0,174.761592,75.85110399999999,271199.0416,0.0,73268.7908,2258.2764,1,0,0,0,1,0,0,0,0,0,0,0,0,863
TCC,2025-04-14,2854760,120739.416,602.7024,79.28860268,0.0,180.39197199999998,75.85110399999999,241619.34040000002,0.0,77085.3912,1575.9856,1,0,0,0,1,0,0,0,0,0,0,0,0,864
TCC,2025-04-21,2854760,120504.9908,605.5268,81.56662262,0.0,174.336704,75.85110399999999,225758.956,0.0,73712.9176,3914.7204,1,0,0,0,1,0,0,0,0,0,0,0,0,865
TCC,2025-04-28,2854760,117759.9196,602.0884,78.275467119,0.0,168.58229599999999,67.55505199999999,193833.6655,0.0,76767.4339,9357.9938,1,0,0,0,1,0,0,0,0,0,0,0,0,866
TCC,2025-05-05,2854760,115456.56,576.9144,83.43816032000001,0.0,169.07840799999997,61.333012999999994,226751.1851,0.0,73707.1484,10667.5994,1,0,0,0,0,1,0,0,0,0,0,0,0,867
TCC,2025-05-12,2854760,126101.10960000001,624.5608,81.91538687,0.0,174.761592,61.333012999999994,228292.0566,0.0,71266.1329,10843.5204,1,0,0,0,0,1,0,0,0,0,0,0,0,868
TCC,2025-05-19,2854760,123386.2472,600.1236,82.03819116999999,0.0,183.48775999999998,61.333012999999994,222881.8161,0.0,76402.6689,11180.5386,1,0,0,0,0,1,0,0,0,0,0,0,0,869
TCC,2025-05-26,2854760,122068.112,573.7216,80.99926670999999,0.0,190.747696,61.884510999999996,179857.8798,0.0,76873.5478,7869.0267,1,0,0,0,0,1,0,0,0,0,0,0,0,870
TCC,2025-06-02,2854760,128983.3484,586.1244,78.17599563,0.0,196.86313600000003,65.193499,167371.95380000002,0.0,80859.0068,10247.0857,1,0,0,0,0,0,1,0,0,0,0,0,0,871
TCC,2025-06-09,2854760,124533.4448,562.1784,81.75574127,0.0,200.89097600000002,65.193499,177194.5966,0.0,83483.4445,11194.7373,1,0,0,0,0,0,1,0,0,0,0,0,0,872
TCC,2025-06-16,2854760,124030.0876,585.5104,81.80731906,0.0,197.528712,65.193499,172548.2283,0.0,70864.5508,9713.3396,1,0,0,0,0,0,1,0,0,0,0,0,0,873
TCC,2025-06-23,2854760,118813.0524,522.6368,80.72172897,0.0,186.51355199999998,65.193499,162896.9522,0.0,76471.4299,13234.6172,1,0,0,0,0,0,1,0,0,0,0,0,0,874
TCC,2025-06-30,2854760,117182.2684,496.8488,84.39357783400001,0.0,185.428,67.354657,173355.0741,0.0,81151.5211,20968.299,1,0,0,0,0,0,1,0,0,0,0,0,0,875
TCC,2025-07-07,2854760,117166.4272,522.514,86.38423569999999,0.0,184.355956,67.71485000000001,189759.1884,0.0,78753.9798,24720.5304,1,0,0,0,0,0,0,1,0,0,0,0,0,876
TCC,2025-07-14,2854760,121755.9544,536.636,78.49283075,0.0,188.733776,67.71485000000001,165135.0312,0.0,82678.1928,25879.869599999998,1,0,0,0,0,0,0,1,0,0,0,0,0,877
TCC,2025-07-21,2854760,117938.1024,527.6716,76.8558493,0.0,186.218832,67.71485000000001,159049.9308,0.0,79043.1888,31766.2338,1,0,0,0,0,0,0,1,0,0,0,0,0,878
TCC,2025-07-28,2854760,117380.83600000001,553.4596,86.33388593,0.0,192.824244,67.613243,172199.15099999998,0.0,84171.7092,26591.136,1,0,0,0,0,0,0,1,0,0,0,0,0,879
TCC,2025-08-04,2854760,121255.4216,510.3568,81.59363956,0.0,208.19880400000002,67.477767,169557.9174,0.0,84040.5594,23048.4822,1,0,0,0,0,0,0,0,1,0,0,0,0,880
TCC,2025-08-11,2854760,124446.3796,541.1796,92.3967347,26.998820000000002,209.683456,67.477767,190627.8882,112438.9164,89249.27160000001,10243.1838,1,0,0,0,0,0,0,0,1,0,0,0,0,881
TCC,2025-08-18,2854760,131661.248,787.2708,82.66694925,20.936626999999998,224.79768,67.477767,146834.4936,157982.8524,90804.027,13012.3488,1,0,0,0,0,0,0,0,1,0,0,0,0,882
TCC,2025-08-25,2854760,124307.6156,488.13,69.164615368,19.757193,215.78661599999998,67.477767,134131.9158,157846.15980000002,88537.2006,21588.1332,1,0,0,0,0,0,0,0,1,0,0,0,0,883
TCC,2025-09-01,2854760,121813.916,523.8648000000001,71.011592179,27.802398000000004,223.30934399999998,69.808403,145711.6296,157846.15980000002,89579.8728,15738.3336,1,0,0,0,0,0,0,0,0,1,0,0,0,884
TCC,2025-09-08,2854760,124536.5148,523.2508,66.558707912,43.096599000000005,224.412088,69.808403,131391.3588,157846.15980000002,90509.8116,13604.892,1,0,0,0,0,0,0,0,0,1,0,0,0,885
TCC,2025-09-15,2854760,124883.6704,526.198,60.126218161,41.652716,219.637624,69.808403,120968.2128,157846.15980000002,95943.3648,23157.9972,1,0,0,0,0,0,0,0,0,1,0,0,0,886
TCC,2025-09-22,2854760,115000.1124,514.532,76.52182155999999,55.224327,219.97164,69.808403,149436.0336,157846.15980000002,99478.509,13433.7804,1,0,0,0,0,0,0,0,0,1,0,0,0,887
TCC,2025-09-29,2854760,127648.144,545.232,62.905279692,59.73294,219.31466,65.555358,121857.1311,157972.2753,99439.27309999999,15447.6488,1,0,0,0,0,0,0,0,0,1,0,0,0,888
TCC,2025-10-06,2854760,134859.4512,605.404,54.237751502,59.490781,218.545932,63.85414,97012.272,158022.7215,90888.9505,17202.974,1,0,0,0,0,0,0,0,0,0,1,0,0,889
TCC,2025-10-13,2854760,124985.9628,582.4404,47.738947422,70.834061,219.380972,63.85414,89479.057,158022.7215,89923.0665,17480.8715,1,0,0,0,0,0,0,0,0,0,1,0,0,890
TCC,2025-10-20,2854760,118378.8316,548.0564,46.973876575000006,75.639852,220.48739999999998,63.85414,89190.688,158022.7215,89714.084,16608.2465,1,0,0,0,0,0,0,0,0,0,1,0,0,891
TCC,2025-10-27,2854760,125787.724,586.6156,53.012164491,76.660921,250.256576,64.445246,93741.3155,158022.7215,95499.6325,16323.904999999999,1,0,0,0,0,0,0,0,0,0,1,0,0,892
TCC,2025-11-03,2854760,131741.8048,581.5808,54.313890175,69.264898,245.032664,65.923011,90330.56,158022.7215,85015.7815,16624.535499999998,1,0,0,0,0,0,0,0,0,0,0,1,0,893
TCC,2025-11-10,2854760,135990.1936,565.3712,53.35970068700001,70.717438,236.184924,65.923011,89624.405,158022.7215,86872.5485,15733.384,1,0,0,0,0,0,0,0,0,0,0,1,0,894
TCC,2025-11-17,2854760,118838.3492,538.2324,70.064770958,64.24915700000001,227.73505600000001,65.923011,132859.707,158022.7215,78578.9415,15645.584499999999,1,0,0,0,0,0,0,0,0,0,0,1,0,895
TCC,2025-11-24,2854760,126129.3536,530.6188,71.700524368,46.138614,226.73178,65.923011,150440.55,158022.7215,89349.7295,15086.478,1,0,0,0,0,0,0,0,0,0,0,1,0,896
TCC,2025-12-01,2854760,137581.0676,547.1967999999999,77.73512815,46.413906,228.53448400000002,61.878446000000004,164630.5024,158199.2832,94059.84,16640.96,1,0,0,0,0,0,0,0,0,0,0,0,1,897
TCC,2025-12-08,2854760,127450.8044,498.69079999999997,55.65122911,49.740644,227.156668,61.878446000000004,117620.2496,158199.2832,100428.2496,16826.432,1,0,0,0,0,0,0,0,0,0,0,0,1,898
TCC,2025-12-15,2854760,125537.826,497.34,60.53392847,52.760566,210.225004,61.878446000000004,122478.9888,158199.2832,95676.5824,16462.4768,1,0,0,0,0,0,0,0,0,0,0,0,1,899
TCC,2025-12-22,2854760,133090.3944,509.4972,64.084201069,53.171319000000004,201.77882000000002,61.878446000000004,119873.6896,158199.2832,93752.96,16301.1072,1,0,0,0,0,0,0,0,0,0,0,0,1,900
TCC,2025-12-29,2854760,52261.101200000005,216.74200000000002,26.246965150999998,17.87268,79.263716,26.519334,47451.6224,67799.6928,39533.8496,6272.896,1,0,0,0,0,0,0,0,0,0,0,0,1,901
TNC,2024-12-30,1856230,43412.167499999996,325.3935,0.0,0.0,70.316955,29.823014999999995,0.0,0.0,22041.163,1899.255,1,0,0,0,0,0,0,0,0,0,0,0,1,902
TNC,2025-01-06,1856230,61904.424,442.179,0.0,0.0,87.55812,41.752221,0.0,0.0,28346.732,3121.541,1,1,0,0,0,0,0,0,0,0,0,0,0,903
TNC,2025-01-13,1856230,57336.354,385.734,0.0,0.0,71.6772,41.752221,0.0,0.0,21869.867,3786.2670000000003,1,1,0,0,0,0,0,0,0,0,0,0,0,904
TNC,2025-01-20,1856230,49425.945,349.8795,0.0,0.0,66.04701,41.752221,0.0,0.0,21424.72,1906.993,1,1,0,0,0,0,0,0,0,0,0,0,0,905
TNC,2025-01-27,1856230,39272.523,293.514,0.0,0.0,68.784195,47.030165,0.0,0.0,28337.245,1672.362,1,1,0,0,0,0,0,0,0,0,0,0,0,906
TNC,2025-02-03,1856230,65845.08,499.9755,0.0,0.0,91.83363,60.225024999999995,0.0,0.0,35345.064,1939.217,1,0,1,0,0,0,0,0,0,0,0,0,0,907
TNC,2025-02-10,1856230,73803.5865,557.931,0.0,0.0,102.86266499999999,60.225024999999995,0.0,0.0,36203.346,1919.872,1,0,1,0,0,0,0,0,0,0,0,0,0,908
TNC,2025-02-17,1856230,83648.31,543.939,41.659767878000004,0.0,105.676965,60.225024999999995,168205.358,0.0,35561.198000000004,1774.917,1,0,1,0,0,0,0,0,0,0,0,0,0,909
TNC,2025-02-24,1856230,81858.20850000001,529.5495,54.027374802000004,0.0,102.487425,55.383458999999995,178609.9789,0.0,34531.6953,1507.0499,1,0,1,0,0,0,0,0,0,0,0,0,0,910
TNC,2025-03-03,1856230,82571.8005,500.69100000000003,51.838354497,0.0,98.90674499999999,43.279543999999994,166351.149,0.0,32307.9516,272.0844,1,0,0,1,0,0,0,0,0,0,0,0,0,911
TNC,2025-03-10,1856230,82791.6975,492.18449999999996,49.642973067,0.0,109.532715,43.279543999999994,153295.3989,0.0,38030.4324,0.0,1,0,0,1,0,0,0,0,0,0,0,0,0,912
TNC,2025-03-17,1856230,82618.467,464.916,50.364165009999994,0.0,111.10284,43.279543999999994,144920.7855,0.0,42628.4676,428.1984,1,0,0,1,0,0,0,0,0,0,0,0,0,913
TNC,2025-03-24,1856230,82771.6635,469.1295,50.298168396,0.0,111.37870500000001,43.279543999999994,137853.0162,0.0,43472.5983,1743.1136999999999,1,0,0,1,0,0,0,0,0,0,0,0,0,914
TNC,2025-03-31,1856230,71762.424,406.4835,48.884409547,0.0,105.940905,48.273272,134475.3783,0.0,43537.6458,1154.8188,1,0,0,1,0,0,0,0,0,0,0,0,0,915
TNC,2025-04-07,1856230,74878.2675,364.905,52.643036135,0.0,113.13963,49.105560000000004,161442.47879999998,0.0,43616.2869,1344.3327,1,0,0,0,1,0,0,0,0,0,0,0,0,916
TNC,2025-04-14,1856230,78165.98999999999,390.186,51.338211461,0.0,116.78470499999999,49.105560000000004,143833.9347,0.0,45888.2766,938.1707999999999,1,0,0,0,1,0,0,0,0,0,0,0,0,917
TNC,2025-04-21,1856230,78014.2245,392.0145,52.813196085,0.0,112.86456,49.105560000000004,134392.383,0.0,43880.6718,2330.3997,1,0,0,0,1,0,0,0,0,0,0,0,0,918
TNC,2025-04-28,1856230,76237.0815,389.7885,50.682220994999994,0.0,109.13919,43.734744,115318.863,0.0,45668.9736,5567.1102,1,0,0,0,1,0,0,0,0,0,0,0,0,919
TNC,2025-05-05,1856230,74745.9,373.491,54.024989382,0.0,109.46037,39.706632000000006,134831.8917,0.0,43828.1028,6343.2198,1,0,0,0,0,1,0,0,0,0,0,0,0,920
TNC,2025-05-12,1856230,81637.119,404.337,53.039015834000004,0.0,113.13963,39.706632000000006,135748.1322,0.0,42376.6143,6447.8268,1,0,0,0,0,1,0,0,0,0,0,0,0,921
TNC,2025-05-19,1856230,79879.533,388.5165,53.118529828999996,0.0,118.7889,39.706632000000006,132531.0687,0.0,45430.9263,6648.2262,1,0,0,0,0,1,0,0,0,0,0,0,0,922
TNC,2025-05-26,1856230,79026.18000000001,371.424,52.445841425,0.0,123.48894,40.063669,106947.9666,0.0,45710.9226,4679.1189,1,0,0,0,0,1,0,0,0,0,0,0,0,923
TNC,2025-06-02,1856230,83503.0635,379.45349999999996,50.617814658,0.0,127.44804,42.205890999999994,99523.5246,0.0,48080.7756,6093.1719,1,0,0,0,0,0,1,0,0,0,0,0,0,924
TNC,2025-06-09,1856230,80622.222,363.951,52.935647638,0.0,130.05564,42.205890999999994,105364.3122,0.0,49641.3315,6656.6691,1,0,0,0,0,0,1,0,0,0,0,0,0,925
TNC,2025-06-16,1856230,80296.3515,379.056,52.969043518,0.0,127.87893,42.205890999999994,102601.4661,0.0,42137.8236,5775.7932,1,0,0,0,0,0,1,0,0,0,0,0,0,926
TNC,2025-06-23,1856230,76918.8735,338.35200000000003,52.266139792,0.0,120.74778,42.205890999999994,96862.5774,0.0,45471.8133,7869.6324,1,0,0,0,0,0,1,0,0,0,0,0,0,927
TNC,2025-06-30,1856230,75863.1135,321.657,54.64360827,0.0,120.045,43.605013,102980.7063,0.0,48208.6935,12455.8794,1,0,0,0,0,0,1,0,0,0,0,0,0,928
TNC,2025-07-07,1856230,75852.858,338.2725,55.932530146,0.0,119.350965,43.8382,112709.3166,0.0,46776.6927,14682.9996,1,0,0,0,0,0,0,1,0,0,0,0,0,929
TNC,2025-07-14,1856230,78824.091,347.415,50.822960768,0.0,122.18513999999999,43.8382,98083.5588,0.0,49107.5172,15371.6004,1,0,0,0,0,0,0,1,0,0,0,0,0,930
TNC,2025-07-21,1856230,76352.436,341.6115,49.763039202,0.0,120.55698000000001,43.8382,94469.2542,0.0,46948.4712,18867.8637,1,0,0,0,0,0,0,1,0,0,0,0,0,931
TNC,2025-07-28,1856230,75991.665,358.30649999999997,55.899929406,0.0,124.83328499999999,43.772419,102279.3615,0.0,49994.6058,15794.064,1,0,0,0,0,0,0,1,0,0,0,0,0,932
TNC,2025-08-04,1856230,78500.049,330.402,52.830689162999995,0.0,134.786685,43.68471100000001,100710.5751,0.0,49916.7081,13689.8703,1,0,0,0,0,0,0,0,1,0,0,0,0,933
TNC,2025-08-11,1856230,80565.8565,350.3565,59.825535385,17.478879,135.74784,43.68471100000001,113225.2893,79244.847,53010.4734,6084.0387,1,0,0,0,0,0,0,0,1,0,0,0,0,934
TNC,2025-08-18,1856230,85236.72,509.67449999999997,53.525641489,13.554248,145.5327,43.68471100000001,87213.7764,90690.4989,53933.9355,7728.8112,1,0,0,0,0,0,0,0,1,0,0,0,0,935
TNC,2025-08-25,1856230,80476.0215,316.0125,44.783077637999995,12.790693,139.69899,43.68471100000001,79668.9567,93754.26269999999,52587.5319,12822.4818,1,0,0,0,0,0,0,0,1,0,0,0,0,936
TNC,2025-09-01,1856230,78861.615,339.147,45.978968136000006,17.99911,144.56916,45.193554000000006,86546.8404,93754.26269999999,53206.8372,9347.9364,1,0,0,0,0,0,0,0,0,1,0,0,0,937
TNC,2025-09-08,1856230,80624.2095,338.7495,43.095790644999994,27.900486,145.28307,45.193554000000006,78041.1762,93754.26269999999,53759.1834,8080.758,1,0,0,0,0,0,0,0,0,1,0,0,0,938
TNC,2025-09-15,1856230,80848.956,340.6575,38.930847537999995,26.965724,142.19210999999999,45.193554000000006,71850.2472,93754.26269999999,56986.495200000005,13754.917800000001,1,0,0,0,0,0,0,0,0,1,0,0,0,939
TNC,2025-09-22,1856230,74450.3985,333.105,49.546761133,35.751906,142.40835,45.193554000000006,88758.9864,93754.26269999999,59086.2285,7979.1246,1,0,0,0,0,0,0,0,0,1,0,0,0,940
TNC,2025-09-29,1856230,82638.66,352.98,40.730249266,38.670756000000004,141.983025,42.440154,72322.0407,93754.26269999999,59014.7028,9167.5557,1,0,0,0,0,0,0,0,0,1,0,0,0,941
TNC,2025-10-06,1856230,87307.218,391.935,35.118151435,38.513982,141.485355,41.338794,57557.0016,93754.26269999999,53924.0589,10206.4572,1,0,0,0,0,0,0,0,0,0,1,0,0,942
TNC,2025-10-13,1856230,80915.1795,377.0685,30.910270772,45.857555999999995,142.02595499999998,41.338794,53087.5746,93754.26269999999,53351.0037,10371.332699999999,1,0,0,0,0,0,0,0,0,0,1,0,0,943
TNC,2025-10-20,1856230,76637.7615,354.8085,30.414898576,48.968796000000005,142.74225,41.338794,52916.4864,93754.26269999999,53227.0152,9853.6077,1,0,0,0,0,0,0,0,0,0,1,0,0,944
TNC,2025-10-27,1856230,81434.235,379.7715,34.324601754999996,49.629831,162.01463999999999,41.721474,55616.3559,93754.26269999999,56659.5585,9684.909,1,0,0,0,0,0,0,0,0,0,1,0,0,945
TNC,2025-11-03,1856230,85288.872,376.512,35.167450112000004,44.84169,158.63271,42.678174,53592.768000000004,93754.26269999999,50439.5307,9863.2719,1,0,0,0,0,0,0,0,0,0,0,1,0,946
TNC,2025-11-10,1856230,88039.254,366.018,34.549626364,45.782053999999995,152.904735,42.678174,53173.809,93754.26269999999,51541.143299999996,9334.555199999999,1,0,0,0,0,0,0,0,0,0,0,1,0,947
TNC,2025-11-17,1856230,76935.2505,348.4485,45.365915228000006,41.594528,147.43434000000002,42.678174,78825.1446,93754.26269999999,46620.5787,9282.464100000001,1,0,0,0,0,0,0,0,0,0,0,1,0,948
TNC,2025-11-24,1856230,81655.404,343.5195,46.425041652,29.869867,146.784825,42.678174,89255.79,93754.26269999999,53010.8451,8950.7484,1,0,0,0,0,0,0,0,0,0,0,1,0,949
TNC,2025-12-01,1856230,89069.1765,354.252,50.332359412,30.048092,147.951885,40.059740000000005,97565.6214,93754.26269999999,55743.0525,9861.9975,1,0,0,0,0,0,0,0,0,0,0,0,1,950
TNC,2025-12-08,1856230,82510.9035,322.8495,36.033357526,32.201801,147.05989499999998,40.059740000000005,69705.7506,93754.26269999999,59517.1881,9971.9145,1,0,0,0,0,0,0,0,0,0,0,0,1,951
TNC,2025-12-15,1856230,81272.4525,321.975,39.194834005000004,34.156882,136.098435,40.059740000000005,72585.2043,93754.26269999999,56701.1889,9756.2223,1,0,0,0,0,0,0,0,0,0,0,0,1,952
TNC,2025-12-22,1856230,86161.94099999999,329.8455,41.493583626,34.422799999999995,130.630425,40.059740000000005,71041.2156,93754.26269999999,55561.185,9660.5892,1,0,0,0,0,0,0,0,0,0,0,0,1,953
TNC,2025-12-29,1856230,33833.5305,140.3175,16.994526347,11.570669,51.314865,17.16846,28121.4414,40180.3983,23429.1006,3717.531,1,0,0,0,0,0,0,0,0,0,0,0,1,954
TPC,2024-12-30,2496298,57446.038,430.5836,0.0,0.0,93.048348,39.463915,0.0,0.0,53481.0106,4608.380999999999,1,0,0,0,0,0,0,0,0,0,0,0,1,955
TPC,2025-01-06,2496298,81916.2944,585.1224,0.0,0.0,115.86307199999999,55.249480999999996,0.0,0.0,68780.9384,7574.1542,1,1,0,0,0,0,0,0,0,0,0,0,0,956
TPC,2025-01-13,2496298,75871.5024,510.43039999999996,0.0,0.0,94.84832,55.249480999999996,0.0,0.0,53065.3754,9187.055400000001,1,1,0,0,0,0,0,0,0,0,0,0,0,957
TPC,2025-01-20,2496298,65403.892,462.98519999999996,0.0,0.0,87.398056,55.249480999999996,0.0,0.0,51985.264,4627.1566,1,1,0,0,0,0,0,0,0,0,0,0,0,958
TPC,2025-01-27,2496298,51968.1688,388.3984,0.0,0.0,91.020092,62.233629,0.0,0.0,68699.7271,4054.7991,1,1,0,0,0,0,0,0,0,0,0,0,0,959
TPC,2025-02-03,2496298,87130.848,661.6028,0.0,0.0,121.520728,79.69399899999999,0.0,0.0,85561.7304,4694.3687,1,0,1,0,0,0,0,0,0,0,0,0,0,960
TPC,2025-02-10,2496298,97662.1044,738.2936,0.0,0.0,136.115124,79.69399899999999,0.0,0.0,87639.4206,4647.5392,1,0,1,0,0,0,0,0,0,0,0,0,0,961
TPC,2025-02-17,2496298,110689.336,719.7784,55.131442367999995,0.0,139.839204,79.69399899999999,407183.9138,0.0,86084.9378,4296.6386999999995,1,0,1,0,0,0,0,0,0,0,0,0,0,962
TPC,2025-02-24,2496298,108320.5476,700.7372,71.49840846900001,0.0,135.61858,73.287297,431703.9081,0.0,83439.4956,3642.4392000000003,1,0,1,0,0,0,0,0,0,0,0,0,0,963
TPC,2025-03-03,2496298,109264.8228,662.5496,68.601516496,0.0,130.880372,57.270542000000006,400057.283,0.0,77697.2772,654.3348,1,0,0,1,0,0,0,0,0,0,0,0,0,964
TPC,2025-03-10,2496298,109555.806,651.2932,65.696206389,0.0,144.941404,57.270542000000006,368659.5563,0.0,91459.25080000001,0.0,1,0,0,1,0,0,0,0,0,0,0,0,0,965
TPC,2025-03-17,2496298,109326.57519999999,615.2096,66.650612857,0.0,147.019104,57.270542000000006,348519.4785,0.0,102517.0492,1029.7728,1,0,0,1,0,0,0,0,0,0,0,0,0,966
TPC,2025-03-24,2496298,109529.2956,620.7852,66.56327467199999,0.0,147.384148,57.270542000000006,331522.2254,0.0,104547.0961,4192.0079,1,0,0,1,0,0,0,0,0,0,0,0,0,967
TPC,2025-03-31,2496298,94961.0944,537.8876,64.692343346,0.0,140.188468,63.878594,323174.399,0.0,104633.77189999999,2775.4089,1,0,0,1,0,0,0,0,0,0,0,0,0,968
TPC,2025-04-07,2496298,99084.198,482.868,69.66641102599999,0.0,149.714328,64.979936,387948.4048,0.0,104810.5124,3230.4492,1,0,0,0,1,0,0,0,0,0,0,0,0,969
TPC,2025-04-14,2496298,103434.744,516.3216,67.93964034599999,0.0,154.537748,64.979936,345634.8412,0.0,110270.1336,2254.4368,1,0,0,0,1,0,0,0,0,0,0,0,0,970
TPC,2025-04-21,2496298,103233.9172,518.7412,69.891596249,0.0,149.350336,64.979936,322946.668,0.0,105445.8328,5599.9812,1,0,0,0,1,0,0,0,0,0,0,0,0,971
TPC,2025-04-28,2496298,100882.2764,515.7956,67.071519791,0.0,144.420664,57.872896,276651.35,0.0,109541.3908,13353.4896,1,0,0,0,1,0,0,0,0,0,0,0,0,972
TPC,2025-05-05,2496298,98909.04,494.2296,71.495251664,0.0,144.845672,52.542615999999995,322987.1304,0.0,104989.3536,15195.0576,1,0,0,0,0,1,0,0,0,0,0,0,0,973
TPC,2025-05-12,2496298,108027.9864,535.0472,70.19044017,0.0,149.714328,52.542615999999995,325181.96640000003,0.0,101512.3416,15445.6416,1,0,0,0,0,1,0,0,0,0,0,0,0,974
TPC,2025-05-19,2496298,105702.2248,514.1124,70.2956669,0.0,157.18984,52.542615999999995,317475.5544,0.0,108828.88560000001,15925.6944,1,0,0,0,0,1,0,0,0,0,0,0,0,975
TPC,2025-05-26,2496298,104573.008,491.4944,69.40544873900001,0.0,163.409264,53.015071,256191.73919999998,0.0,109499.6112,11208.7368,1,0,0,0,0,1,0,0,0,0,0,0,0,976
TPC,2025-06-02,2496298,110497.1356,502.1196,66.98628614500001,0.0,168.648224,55.849801,238406.63520000002,0.0,115176.5472,14596.0728,1,0,0,0,0,0,1,0,0,0,0,0,0,977
TPC,2025-06-09,2496298,106685.0032,481.60560000000004,70.053645417,0.0,172.09878400000002,55.849801,252398.1264,0.0,118914.828,15945.9192,1,0,0,0,0,0,1,0,0,0,0,0,0,978
TPC,2025-06-16,2496298,106253.7884,501.5936,70.097840642,0.0,169.218408,55.849801,245779.7832,0.0,100940.3232,13835.7984,1,0,0,0,0,0,1,0,0,0,0,0,0,979
TPC,2025-06-23,2496298,101784.4716,447.7312,69.16763632,0.0,159.781968,55.849801,232032.38880000002,0.0,108926.8296,18851.5488,1,0,0,0,0,0,1,0,0,0,0,0,0,980
TPC,2025-06-30,2496298,100387.41560000001,425.6392,72.313915649,0.0,158.852,57.701221000000004,246519.1804,0.0,115405.5814,29816.972,1,0,0,0,0,0,1,0,0,0,0,0,0,981
TPC,2025-07-07,2496298,100373.84479999999,447.626,74.01964099,0.0,157.933604,58.00979100000001,269780.6806,0.0,111964.55069999999,35145.183600000004,1,0,0,0,0,0,0,1,0,0,0,0,0,982
TPC,2025-07-14,2496298,104305.5896,459.724,67.25777111000001,0.0,161.683984,58.00979100000001,234772.51080000002,0.0,117543.6052,36793.4164,1,0,0,0,0,0,0,1,0,0,0,0,0,983
TPC,2025-07-21,2496298,101034.9216,452.0444,65.855098757,0.0,159.52948800000001,58.00979100000001,226121.3222,0.0,112375.7192,45162.0617,1,0,0,0,0,0,0,1,0,0,0,0,0,984
TPC,2025-07-28,2496298,100557.524,474.1364,73.976498029,0.0,165.18819599999998,57.922746000000004,244659.3647,0.0,119585.6908,37778.3262,1,0,0,0,0,0,0,1,0,0,0,0,0,985
TPC,2025-08-04,2496298,103876.7944,437.2112,69.914746127,0.0,178.359236,57.806686,240681.20489999998,0.0,119292.4719,32716.4697,1,0,0,0,0,0,0,0,1,0,0,0,0,986
TPC,2025-08-11,2496298,106610.4164,463.6164,79.17154185999999,23.129282,179.63110400000002,57.806686,270589.2507,157111.5906,126686.0466,14539.8213,1,0,0,0,0,0,0,0,1,0,0,0,0,987
TPC,2025-08-18,2496298,112791.232,674.4372,70.834427771,17.935937,192.57912,57.806686,208426.1436,220431.2643,128892.9645,18470.5488,1,0,0,0,0,0,0,0,1,0,0,0,0,988
TPC,2025-08-25,2496298,106491.5404,418.17,59.26474845,16.925545,184.859544,57.806686,190395.3033,224056.7973,125675.2881,30643.5582,1,0,0,0,0,0,0,0,1,0,0,0,0,989
TPC,2025-09-01,2496298,104355.244,448.7832,60.847358519,23.817691,191.304096,59.80328900000001,206669.2912,223880.2356,127055.1216,22322.3792,1,0,0,0,0,0,0,0,0,1,0,0,0,990
TPC,2025-09-08,2496298,106687.6332,448.2572,57.031837171,36.919886999999996,192.24879199999998,59.80328900000001,186358.2136,223880.2356,128374.09520000001,19296.424,1,0,0,0,0,0,0,0,0,1,0,0,0,991
TPC,2025-09-15,2496298,106985.0336,450.782,51.520060883,35.682946,188.158616,59.80328900000001,171574.6016,223880.2356,136080.7456,32846.0184,1,0,0,0,0,0,0,0,0,1,0,0,0,992
TPC,2025-09-22,2496298,98518.0116,440.788,65.568882044,47.309439000000005,188.44475999999997,59.80328900000001,211951.7792,223880.2356,141094.798,19053.7288,1,0,0,0,0,0,0,0,0,1,0,0,0,993
TPC,2025-09-29,2496298,109353.296,467.08799999999997,53.901341856,51.171868,187.88194,56.159799,172606.6203,223754.1201,140842.8125,21878.6326,1,0,0,0,0,0,0,0,0,1,0,0,0,994
TPC,2025-10-06,2496298,115531.0608,518.636,46.474439022,50.96441300000001,187.223388,54.702403,137334.6912,223703.67390000002,128666.2573,24353.2604,1,0,0,0,0,0,0,0,0,0,1,0,0,995
TPC,2025-10-13,2496298,107072.6652,498.96360000000004,40.905840297,60.681948000000006,187.938748,54.702403,126670.3522,223703.67390000002,127298.9109,24746.6639,1,0,0,0,0,0,0,0,0,0,1,0,0,996
TPC,2025-10-20,2496298,101412.4844,469.5076,40.250277748,64.79896,188.8866,54.702403,126262.12479999999,223703.67390000002,127003.06640000001,23511.3389,1,0,0,0,0,0,0,0,0,0,1,0,0,997
TPC,2025-10-27,2496298,107759.516,502.5404,45.424276221999996,65.673689,214.389184,55.208791,132704.1863,223703.67390000002,135193.3345,23108.813,1,0,0,0,0,0,0,0,0,0,1,0,0,998
TPC,2025-11-03,2496298,112860.24320000001,498.2272,46.539679594999996,59.337681,209.913976,56.474761,127875.776,223703.67390000002,120351.9499,23534.3983,1,0,0,0,0,0,0,0,0,0,0,1,0,999
TPC,2025-11-10,2496298,116499.74239999999,484.3408,45.722067878,60.582039,202.334316,56.474761,126876.113,223703.67390000002,122980.4681,22272.8464,1,0,0,0,0,0,0,0,0,0,0,1,0,1000
TPC,2025-11-17,2496298,101806.1428,461.0916,60.036060408000004,55.040808,195.095504,56.474761,188081.8422,223703.67390000002,111239.68590000001,22148.5537,1,0,0,0,0,0,0,0,0,0,0,1,0,1001
TPC,2025-11-24,2496298,108052.1824,454.5692,61.437680491,39.525911,194.23602,56.474761,212970.03,223703.67390000002,126487.2707,21357.0588,1,0,0,0,0,0,0,0,0,0,0,1,0,1002
TPC,2025-12-01,2496298,117862.6084,468.7712,66.608522174,39.761749,195.78035599999998,53.009873,232797.8198,223703.67390000002,133006.4925,23531.3575,1,0,0,0,0,0,0,0,0,0,0,0,1,1003
TPC,2025-12-08,2496298,109184.2396,427.2172,47.685598721,42.611692000000005,194.600012,53.009873,166322.3842,223703.67390000002,142011.8217,23793.6265,1,0,0,0,0,0,0,0,0,0,0,0,1,1004
TPC,2025-12-15,2496298,107545.434,426.06,51.869413636,45.19879,180.095036,53.009873,173192.9451,223703.67390000002,135292.6673,23278.9711,1,0,0,0,0,0,0,0,0,0,0,0,1,1005
TPC,2025-12-22,2496298,114015.5496,436.4748,54.911518496,45.550675,172.85938000000002,53.009873,169508.8892,223703.67390000002,132572.54499999998,23050.7844,1,0,0,0,0,0,0,0,0,0,0,0,1,1006
TPC,2025-12-29,2496298,44770.9108,185.678,22.490109704,15.311124,67.903444,22.718517000000002,67099.5598,95873.0031,55903.3342,8870.267,1,0,0,0,0,0,0,0,0,0,0,0,1,1007
TTQ,2024-12-30,210660,4914.585,36.837,0.0,0.0,7.9604099999999995,3.37619,0.0,0.0,2703.1615,232.9275,1,0,0,0,0,0,0,0,0,0,0,0,1,1008
TTQ,2025-01-06,210660,7008.048,50.058,0.0,0.0,9.91224,4.726666,0.0,0.0,3476.486,382.8305,1,1,0,0,0,0,0,0,0,0,0,0,0,1009
TTQ,2025-01-13,210660,6490.907999999999,43.668,0.0,0.0,8.1144,4.726666,0.0,0.0,2682.1535,464.3535,1,1,0,0,0,0,0,0,0,0,0,0,0,1010
TTQ,2025-01-20,210660,5595.389999999999,39.609,0.0,0.0,7.4770199999999996,4.726666,0.0,0.0,2627.56,233.8765,1,1,0,0,0,0,0,0,0,0,0,0,0,1011
TTQ,2025-01-27,210660,4445.946,33.228,0.0,0.0,7.7868900000000005,5.324169999999999,0.0,0.0,3475.3225,205.101,1,1,0,0,0,0,0,0,0,0,0,0,0,1012
TTQ,2025-02-03,210660,7454.16,56.601,0.0,0.0,10.39626,6.8179300000000005,0.0,0.0,4334.772,237.8285,1,0,1,0,0,0,0,0,0,0,0,0,0,1013
TTQ,2025-02-10,210660,8355.123,63.162,0.0,0.0,11.644829999999999,6.8179300000000005,0.0,0.0,4440.033,235.456,1,0,1,0,0,0,0,0,0,0,0,0,0,1014
TTQ,2025-02-17,210660,9469.619999999999,61.578,4.695049083,0.0,11.963429999999999,6.8179300000000005,20628.959000000003,0.0,4361.2789999999995,217.67849999999999,1,0,1,0,0,0,0,0,0,0,0,0,0,1015
TTQ,2025-02-24,210660,9266.967,59.949,6.088876377399999,0.0,11.60235,6.269828,21895.2825,0.0,4232.787,184.743,1,0,1,0,0,0,0,0,0,0,0,0,0,1016
TTQ,2025-03-03,210660,9347.751,56.682,5.8421741438999995,0.0,11.196990000000001,4.899573,20363.135,0.0,3954.834,33.306,1,0,0,1,0,0,0,0,0,0,0,0,0,1017
TTQ,2025-03-10,210660,9372.645,55.719,5.594755013,0.0,12.39993,4.899573,18764.9735,0.0,4655.326,0.0,1,0,0,1,0,0,0,0,0,0,0,0,0,1018
TTQ,2025-03-17,210660,9353.034,52.632000000000005,5.676033228,0.0,12.57768,4.899573,17739.8325,0.0,5218.174,52.416,1,0,0,1,0,0,0,0,0,0,0,0,0,1019
TTQ,2025-03-24,210660,9370.377,53.109,5.668595420100001,0.0,12.608910000000002,4.899573,16874.663,0.0,5321.5045,213.3755,1,0,0,1,0,0,0,0,0,0,0,0,0,1020
TTQ,2025-03-31,210660,8124.048,46.016999999999996,5.5092650272000006,0.0,11.993310000000001,5.464899,16461.2045,0.0,5329.467,141.362,1,0,0,1,0,0,0,0,0,0,0,0,0,1021
TTQ,2025-04-07,210660,8476.785,41.31,5.9328616339,0.0,12.80826,5.55912,19762.262,0.0,5339.0935,164.5605,1,0,0,0,1,0,0,0,0,0,0,0,0,1022
TTQ,2025-04-14,210660,8848.98,44.172,5.7858081049,0.0,13.220909999999998,5.55912,17606.7905,0.0,5617.209,114.842,1,0,0,0,1,0,0,0,0,0,0,0,0,1023
TTQ,2025-04-21,210660,8831.798999999999,44.379,5.9520386329,0.0,12.77712,5.55912,16451.045,0.0,5371.457,285.2655,1,0,0,0,1,0,0,0,0,0,0,0,0,1024
TTQ,2025-04-28,210660,8630.613,44.127,5.7118780858000004,0.0,12.35538,4.951104,14116.244999999999,0.0,5590.3640000000005,681.473,1,0,0,0,1,0,0,0,0,0,0,0,0,1025
TTQ,2025-05-05,210660,8461.800000000001,42.282000000000004,6.0886075408,0.0,12.39174,4.495092,16504.8455,0.0,5365.022,776.477,1,0,0,0,0,1,0,0,0,0,0,0,0,1026
TTQ,2025-05-12,210660,9241.938,45.774,5.9774884819,0.0,12.80826,4.495092,16617.003,0.0,5187.3445,789.282,1,0,0,0,0,1,0,0,0,0,0,0,0,1027
TTQ,2025-05-19,210660,9042.966,43.983,5.9864496962,0.0,13.447799999999999,4.495092,16223.2005,0.0,5561.2245,813.813,1,0,0,0,0,1,0,0,0,0,0,0,0,1028
TTQ,2025-05-26,210660,8946.36,42.048,5.9106378221,0.0,13.979880000000001,4.535511,13091.559,0.0,5595.499,572.7735,1,0,0,0,0,1,0,0,0,0,0,0,0,1029
TTQ,2025-06-02,210660,9453.177,42.957,5.704619502000001,0.0,14.42808,4.7780249999999995,12182.729,0.0,5885.594,745.8685,1,0,0,0,0,0,1,0,0,0,0,0,0,1030
TTQ,2025-06-09,210660,9127.044,41.202,5.9658389031,0.0,14.723279999999999,4.7780249999999995,12897.703,0.0,6076.6224999999995,814.8465,1,0,0,0,0,0,1,0,0,0,0,0,0,1031
TTQ,2025-06-16,210660,9090.153,42.912,5.969602613099999,0.0,14.476859999999999,4.7780249999999995,12559.5015,0.0,5158.114,707.018,1,0,0,0,0,0,1,0,0,0,0,0,0,1032
TTQ,2025-06-23,210660,8707.797,38.304,5.890385477500001,0.0,13.669559999999999,4.7780249999999995,11857.001,0.0,5566.2295,963.326,1,0,0,0,0,0,1,0,0,0,0,0,0,1033
TTQ,2025-06-30,210660,8588.277,36.414,6.158325789299999,0.0,13.59,4.936419,12605.9245,0.0,5901.2525,1524.731,1,0,0,0,0,0,1,0,0,0,0,0,0,1034
TTQ,2025-07-07,210660,8587.116,38.295,6.3035870754,0.0,13.51143,4.962818,13796.809000000001,0.0,5725.9605,1797.3539999999998,1,0,0,0,0,0,0,1,0,0,0,0,0,1035
TTQ,2025-07-14,210660,8923.482,39.33,5.7277394354,0.0,13.83228,4.962818,12006.462,0.0,6011.278,1881.646,1,0,0,0,0,0,0,1,0,0,0,0,0,1036
TTQ,2025-07-21,210660,8643.672,38.673,5.608286446899999,0.0,13.647960000000001,4.962818,11564.033,0.0,5746.987999999999,2309.6255,1,0,0,0,0,0,0,1,0,0,0,0,0,1037
TTQ,2025-07-28,210660,8602.83,40.563,6.2999129777,0.0,14.13207,4.955369000000001,12520.0725,0.0,6119.867,1933.36,1,0,0,0,0,0,0,1,0,0,0,0,0,1038
TTQ,2025-08-04,210660,8886.797999999999,37.403999999999996,5.9540101000000005,0.0,15.25887,4.945437000000001,12328.0365,0.0,6110.3315,1675.7845,1,0,0,0,0,0,0,0,1,0,0,0,0,1039
TTQ,2025-08-11,210660,9120.663,39.663000000000004,6.7423281348,1.978741,15.36768,4.945437000000001,13859.9695,8050.0745,6489.041,744.7505,1,0,0,0,0,0,0,0,1,0,0,0,0,1040
TTQ,2025-08-18,210660,9649.44,57.699,6.0323311143,1.534445,16.4754,4.945437000000001,10675.886,11157.887,6602.0825,946.088,1,0,0,0,0,0,0,0,1,0,0,0,0,1041
TTQ,2025-08-25,210660,9110.493,35.775,5.047045586299999,1.448003,15.81498,4.945437000000001,9752.3205,11476.5105,6437.2685,1569.607,1,0,0,0,0,0,0,0,1,0,0,0,0,1042
TTQ,2025-09-01,210660,8927.73,38.394,5.1818222514,2.037636,16.36632,5.116251,10594.246,11476.5105,6513.0779999999995,1144.286,1,0,0,0,0,0,0,0,0,1,0,0,0,1043
TTQ,2025-09-08,210660,9127.269,38.349000000000004,4.8568886158,3.158547,16.44714,5.116251,9553.063,11476.5105,6580.691,989.17,1,0,0,0,0,0,0,0,0,1,0,0,0,1044
TTQ,2025-09-15,210660,9152.712,38.565,4.3875002033,3.0527249999999997,16.09722,5.116251,8795.228,11476.5105,6975.748,1683.747,1,0,0,0,0,0,0,0,0,1,0,0,0,1045
TTQ,2025-09-22,210660,8428.347,37.71,5.5839119434999995,4.047386,16.1217,5.116251,10865.036,11476.5105,7232.7775,976.729,1,0,0,0,0,0,0,0,0,1,0,0,0,1046
TTQ,2025-09-29,210660,9355.32,39.96,4.590292486,4.377821,16.07355,4.804545999999999,8852.9805,11476.5105,7224.022,1122.2055,1,0,0,0,0,0,0,0,0,1,0,0,0,1047
TTQ,2025-10-06,210660,9883.836,44.37,3.9578099707,4.360073,16.01721,4.679864,7045.584,11476.5105,6600.8735,1249.3780000000002,1,0,0,0,0,0,0,0,0,0,1,0,0,1048
TTQ,2025-10-13,210660,9160.208999999999,42.687,3.4835825025000005,5.1914229999999995,16.078409999999998,4.679864,6498.479,11476.5105,6530.7255000000005,1269.5605,1,0,0,0,0,0,0,0,0,0,1,0,0,1049
TTQ,2025-10-20,210660,8675.973,40.167,3.4277541365000004,5.543638,16.1595,4.679864,6477.536,11476.5105,6515.548,1206.1855,1,0,0,0,0,0,0,0,0,0,1,0,0,1050
TTQ,2025-10-27,210660,9218.97,42.993,3.8683770506000004,5.6184709999999995,18.341279999999998,4.723185999999999,6808.0285,11476.5105,6935.7275,1185.5349999999999,1,0,0,0,0,0,0,0,0,0,1,0,0,1051
TTQ,2025-11-03,210660,9655.344,42.624,3.9633659237,5.076419,17.95842,4.831491,6560.32,11476.5105,6174.3305,1207.3685,1,0,0,0,0,0,0,0,0,0,0,1,0,1052
TTQ,2025-11-10,210660,9966.708,41.436,3.8937372875,5.182873999999999,17.30997,4.831491,6509.035,11476.5105,6309.1795,1142.648,1,0,0,0,0,0,0,0,0,0,0,1,0,1053
TTQ,2025-11-17,210660,8709.651,39.447,5.1127312882,4.708814,16.69068,4.831491,9649.029,11476.5105,5706.8505000000005,1136.2715,1,0,0,0,0,0,0,0,0,0,0,1,0,1054
TTQ,2025-11-24,210660,9244.008,38.888999999999996,5.2320946645,3.3814949999999997,16.617150000000002,4.831491,10925.85,11476.5105,6489.086499999999,1095.666,1,0,0,0,0,0,0,0,0,0,0,1,0,1055
TTQ,2025-12-01,210660,10083.303,40.104,5.6724487423,3.401671,16.749270000000003,4.535062,11943.061,11476.5105,6823.5375,1207.2125,1,0,0,0,0,0,0,0,0,0,0,0,1,1056
TTQ,2025-12-08,210660,9340.857,36.549,4.060953549000001,3.645487,16.64829,4.535062,8532.719000000001,11476.5105,7285.5315,1220.6675,1,0,0,0,0,0,0,0,0,0,0,0,1,1057
TTQ,2025-12-15,210660,9200.654999999999,36.45,4.4172514352,3.8668169999999997,15.40737,4.535062,8885.1945,11476.5105,6940.8235,1194.2645,1,0,0,0,0,0,0,0,0,0,0,0,1,1058
TTQ,2025-12-22,210660,9754.182,37.341,4.676320144799999,3.896921,14.788350000000001,4.535062,8696.194,11476.5105,6801.275,1182.558,1,0,0,0,0,0,0,0,0,0,0,0,1,1059
TTQ,2025-12-29,210660,3830.2110000000002,15.885000000000002,1.9152803629,1.309887,5.80923,1.9435980000000002,3442.361,4918.5045,2867.969,455.06499999999994,1,0,0,0,0,0,0,0,0,0,0,0,1,1060
TYC,2024-12-30,2336827,54934.138999999996,411.7558,0.0,0.0,88.979694,37.738305,0.0,0.0,40921.706399999995,3526.1639999999998,1,0,0,0,0,0,0,0,0,0,0,0,1,1061
TYC,2025-01-06,2336827,78334.4032,559.5372,0.0,0.0,110.79681599999999,52.83362700000001,0.0,0.0,52628.649600000004,5795.4648,1,1,0,0,0,0,0,0,0,0,0,0,0,1062
TYC,2025-01-13,2336827,72553.9272,488.1112,0.0,0.0,90.70096,52.83362700000001,0.0,0.0,40603.677599999995,7029.5976,1,1,0,0,0,0,0,0,0,0,0,0,0,1063
TYC,2025-01-20,2336827,62544.026,442.7406,0.0,0.0,83.576468,52.83362700000001,0.0,0.0,39777.216,3540.5304,1,1,0,0,0,0,0,0,0,0,0,0,0,1064
TYC,2025-01-27,2336827,49695.7964,371.4152,0.0,0.0,87.040126,59.512385,0.0,0.0,52630.433300000004,3105.9287,1,1,0,0,0,0,0,0,0,0,0,0,0,1065
TYC,2025-02-03,2336827,83320.944,632.6734,0.0,0.0,116.207084,76.20927999999999,0.0,0.0,65688.468,3604.0165,1,0,1,0,0,0,0,0,0,0,0,0,0,1066
TYC,2025-02-10,2336827,93391.7082,706.0108,0.0,0.0,130.163322,76.20927999999999,0.0,0.0,67283.577,3568.064,1,0,1,0,0,0,0,0,0,0,0,0,0,1067
TYC,2025-02-17,2336827,105849.308,688.3052,52.727295661,0.0,133.724562,76.20927999999999,312608.071,0.0,66090.151,3298.6665000000003,1,0,1,0,0,0,0,0,0,0,0,0,0,1068
TYC,2025-02-24,2336827,103584.0978,670.0966,68.38053858399999,0.0,129.68849,70.082718,331956.1703,0.0,64179.4056,2800.9348,1,0,1,0,0,0,0,0,0,0,0,0,0,1069
TYC,2025-03-03,2336827,104487.0834,633.5788,65.609972962,0.0,125.157466,54.766313,309206.373,0.0,60052.6332,505.7388,1,0,0,1,0,0,0,0,0,0,0,0,0,1070
TYC,2025-03-10,2336827,104765.343,622.8146,62.831356289,0.0,138.603662,54.766313,284938.9053,0.0,70689.3348,0.0,1,0,0,1,0,0,0,0,0,0,0,0,0,1071
TYC,2025-03-17,2336827,104546.13560000001,588.3088,63.744143439,0.0,140.590512,54.766313,269372.5335,0.0,79235.9652,795.9168,1,0,0,1,0,0,0,0,0,0,0,0,0,1072
TYC,2025-03-24,2336827,104739.9918,593.6406000000001,63.660613855,0.0,140.939594,54.766313,256235.2674,0.0,80804.9991,3240.0249000000003,1,0,0,1,0,0,0,0,0,0,0,0,0,1073
TYC,2025-03-31,2336827,90808.8032,514.3678,61.871269254999994,0.0,134.05855400000002,61.085423,250182.0162,0.0,80995.6633,2148.3383,1,0,0,1,0,0,0,0,0,0,0,0,0,1074
TYC,2025-04-07,2336827,94751.619,461.754,66.628430069,0.0,143.16788400000002,62.138608,300386.3824,0.0,81154.2212,2501.3196,1,0,0,0,1,0,0,0,0,0,0,0,0,1075
TYC,2025-04-14,2336827,98911.932,493.7448,64.976959601,0.0,147.780394,62.138608,267623.2156,0.0,85381.57680000001,1745.5983999999999,1,0,0,0,1,0,0,0,0,0,0,0,0,1076
TYC,2025-04-21,2336827,98719.8866,496.0586,66.843795504,0.0,142.819808,62.138608,250055.88400000002,0.0,81646.1464,4336.0356,1,0,0,0,1,0,0,0,0,0,0,0,0,1077
TYC,2025-04-28,2336827,96471.0742,493.2418,64.146695657,0.0,138.105692,55.342332,214682.2735,0.0,85023.9715,10364.476999999999,1,0,0,0,1,0,0,0,0,0,0,0,0,1078
TYC,2025-05-05,2336827,94584.12,472.6188,68.377519448,0.0,138.512116,50.245125,251127.5723,0.0,81630.8732,11814.3962,1,0,0,0,0,1,0,0,0,0,0,0,0,1079
TYC,2025-05-12,2336827,103304.32920000001,511.65160000000003,67.12960757900001,0.0,143.16788400000002,50.245125,252834.0918,0.0,78927.4417,12009.2292,1,0,0,0,0,1,0,0,0,0,0,0,0,1080
TYC,2025-05-19,2336827,101080.2644,491.6322,67.23024563300001,0.0,150.31652,50.245125,246842.2353,0.0,84616.1697,12382.4778,1,0,0,0,0,1,0,0,0,0,0,0,0,1081
TYC,2025-05-26,2336827,100000.424,470.0032,66.378847695,0.0,156.263992,50.696922,199216.80060000002,0.0,85151.0866,8716.318,1,0,0,0,0,1,0,0,0,0,0,0,0,1082
TYC,2025-06-02,2336827,105665.51180000001,480.16380000000004,64.065178832,0.0,161.273872,53.407704,185552.334,0.0,89642.124,11360.151,1,0,0,0,0,0,1,0,0,0,0,0,0,1083
TYC,2025-06-09,2336827,102020.0696,460.5468,66.99877810699999,0.0,164.57355199999998,53.407704,196441.938,0.0,92551.635,12410.739,1,0,0,0,0,0,1,0,0,0,0,0,0,1084
TYC,2025-06-16,2336827,101607.7102,479.6608,67.041046091,0.0,161.819124,53.407704,191290.869,0.0,78562.044,10768.428,1,0,0,0,0,0,1,0,0,0,0,0,0,1085
TYC,2025-06-23,2336827,97333.8198,428.1536,66.151405693,0.0,152.795304,53.407704,180591.24599999998,0.0,84777.957,14672.196,1,0,0,0,0,0,1,0,0,0,0,0,0,1086
TYC,2025-06-30,2336827,95997.8518,407.0276,69.160483511,0.0,151.906,55.178166000000004,192166.9922,0.0,89958.0056,23243.6668,1,0,0,0,0,0,1,0,0,0,0,0,0,1087
TYC,2025-07-07,2336827,95984.8744,428.053,70.791826376,0.0,151.027762,55.473243000000004,210348.2726,0.0,87298.8747,27402.7356,1,0,0,0,0,0,0,1,0,0,0,0,0,1088
TYC,2025-07-14,2336827,99744.6988,439.622,64.324825011,0.0,154.614152,55.473243000000004,183052.36680000002,0.0,91648.8692,28687.8644,1,0,0,0,0,0,0,1,0,0,0,0,0,1089
TYC,2025-07-21,2336827,96617.0448,432.27819999999997,62.983319750999996,0.0,152.553864,55.473243000000004,176307.0262,0.0,87619.4632,35212.9057,1,0,0,0,0,0,0,1,0,0,0,0,0,1090
TYC,2025-07-28,2336827,96160.522,453.4042,70.750564771,0.0,157.965138,55.390005,190961.0549,0.0,93345.0573,29489.4529,1,0,0,0,0,0,0,1,0,0,0,0,0,1091
TYC,2025-08-04,2336827,99334.6532,418.0936,66.86593588,0.0,170.560258,55.27902099999999,188144.8032,0.0,93253.0592,25575.0496,1,0,0,0,0,0,0,0,1,0,0,0,0,1092
TYC,2025-08-11,2336827,101948.7442,443.3442,75.719065495,22.117925,171.776512,55.27902099999999,211524.45760000002,158146.2272,99032.7488,11366.0384,1,0,0,0,0,0,0,0,1,0,0,0,0,1093
TYC,2025-08-18,2336827,107859.296,644.9466,67.74551247000001,17.151666,184.15836,55.27902099999999,162930.4448,172847.86560000002,100757.936,14438.758399999999,1,0,0,0,0,0,0,0,1,0,0,0,0,1094
TYC,2025-08-25,2336827,101835.0662,399.885,56.680358425,16.185455,176.776332,55.27902099999999,148835.4144,175149.2064,98242.6208,23954.617599999998,1,0,0,0,0,0,0,0,1,0,0,0,0,1095
TYC,2025-09-01,2336827,99792.182,429.1596,58.19395476,22.776231,182.939088,57.188320000000004,161684.4928,175149.2064,99399.5904,17463.5648,1,0,0,0,0,0,0,0,0,1,0,0,0,1096
TYC,2025-09-08,2336827,102022.5846,428.6566,54.544818919,35.30552,183.84247599999998,57.188320000000004,145794.4384,175149.2064,100431.4688,15096.256000000001,1,0,0,0,0,0,0,0,0,1,0,0,0,1097
TYC,2025-09-15,2336827,102306.9808,431.071,49.273397647,34.122665,179.931148,57.188320000000004,134228.7104,175149.2064,106460.6464,25696.5696,1,0,0,0,0,0,0,0,0,1,0,0,0,1098
TYC,2025-09-22,2336827,94210.1898,421.514,62.709584244999995,45.240777,180.20478,57.188320000000004,165817.1648,175149.2064,110383.312,14906.3872,1,0,0,0,0,0,0,0,0,1,0,0,0,1099
TYC,2025-09-29,2336827,104571.688,446.664,51.55083681,48.934315000000005,179.66656999999998,53.704145,135204.7017,175275.3219,110330.8755,17139.5894,1,0,0,0,0,0,0,0,0,1,0,0,0,1100
TYC,2025-10-06,2336827,110479.3224,495.958,44.447802954,48.735932000000005,179.03681400000002,52.310475000000004,107634.8448,175325.7681,100841.0367,19086.6516,1,0,0,0,0,0,0,0,0,0,1,0,0,1101
TYC,2025-10-13,2336827,102390.7806,477.1458,39.122037134,58.028555,179.72089400000002,52.310475000000004,99276.7638,175325.7681,99769.39110000001,19394.9781,1,0,0,0,0,0,0,0,0,0,1,0,0,1102
TYC,2025-10-20,2336827,96978.09820000001,448.9778,38.495062055999995,61.965546,180.6273,52.310475000000004,98956.8192,175325.7681,99537.5256,18426.8031,1,0,0,0,0,0,0,0,0,0,1,0,0,1103
TYC,2025-10-27,2336827,103047.598,480.5662,43.443435175000005,62.802026,205.01475200000002,52.794721,104031.4303,175376.2143,105988.4732,18116.9938,1,0,0,0,0,0,0,0,0,0,1,0,0,1104
TYC,2025-11-03,2336827,107925.2896,476.4416,44.510198548,56.743069,200.73522799999998,54.00533600000001,100322.432,175502.3298,94419.76180000001,18463.4506,1,0,0,0,0,0,0,0,0,0,0,1,0,1105
TYC,2025-11-10,2336827,111405.6472,463.1624,43.728240867000004,57.933015,193.48699799999997,54.00533600000001,99538.166,175502.3298,96481.9142,17473.7248,1,0,0,0,0,0,0,0,0,0,0,1,0,1106
TYC,2025-11-17,2336827,97354.5434,440.9298,57.418035362,52.634080999999995,186.564712,54.00533600000001,147555.9204,175502.3298,87270.9138,17376.2134,1,0,0,0,0,0,0,0,0,0,0,1,0,1107
TYC,2025-11-24,2336827,103327.4672,434.69259999999997,58.75853424300001,37.797594,185.74281,54.00533600000001,167081.46,175502.3298,99233.10740000001,16755.261599999998,1,0,0,0,0,0,0,0,0,0,0,1,0,1108
TYC,2025-12-01,2336827,112708.9202,448.2736,63.703888215999996,38.023118,187.219618,50.691949,182636.9636,175502.3298,104347.635,18461.065,1,0,0,0,0,0,0,0,0,0,0,0,1,1109
TYC,2025-12-08,2336827,104410.0238,408.5366,45.606146957,40.748442,186.09088599999998,50.691949,130484.9644,175502.3298,111412.5894,18666.823,1,0,0,0,0,0,0,0,0,0,0,0,1,1110
TYC,2025-12-15,2336827,102842.877,407.43,49.607515987,43.222418,172.220158,50.691949,135875.1282,175502.3298,106141.2086,18263.0602,1,0,0,0,0,0,0,0,0,0,0,0,1,1111
TYC,2025-12-22,2336827,109030.0788,417.3894,52.51696212900001,43.558915999999996,165.30089,50.691949,132984.8744,175502.3298,104007.19,18084.0408,1,0,0,0,0,0,0,0,0,0,0,0,1,1112
TYC,2025-12-29,2336827,42813.2474,177.559,21.509371293,14.641625000000001,64.934282,21.725120999999998,52641.643599999996,75215.2842,43857.8644,6958.994,1,0,0,0,0,0,0,0,0,0,0,0,1,1113
YLQ,2024-12-30,655452,15289.82,114.604,0.0,0.0,24.76572,10.503705,0.0,0.0,8026.3103,691.6155,1,0,0,0,0,0,0,0,0,0,0,0,1,1114
YLQ,2025-01-06,655452,21802.816,155.736,0.0,0.0,30.83808,14.705186999999999,0.0,0.0,10322.4892,1136.7121,1,1,0,0,0,0,0,0,0,0,0,0,0,1115
YLQ,2025-01-13,655452,20193.935999999998,135.856,0.0,0.0,25.2448,14.705186999999999,0.0,0.0,7963.932699999999,1378.7727,1,1,0,0,0,0,0,0,0,0,0,0,0,1116
YLQ,2025-01-20,655452,17407.88,123.228,0.0,0.0,23.261840000000003,14.705186999999999,0.0,0.0,7801.832,694.4333,1,1,0,0,0,0,0,0,0,0,0,0,0,1117
YLQ,2025-01-27,655452,13831.832,103.376,0.0,0.0,24.225880000000004,16.564085,0.0,0.0,10319.0345,608.9922,1,1,0,0,0,0,0,0,0,0,0,0,0,1118
YLQ,2025-02-03,655452,23190.72,176.092,0.0,0.0,32.34392,21.211329999999997,0.0,0.0,12870.9384,706.1677,1,0,1,0,0,0,0,0,0,0,0,0,0,1119
YLQ,2025-02-10,655452,25993.716,196.504,0.0,0.0,36.22836,21.211329999999997,0.0,0.0,13183.4826,699.1232,1,0,1,0,0,0,0,0,0,0,0,0,0,1120
YLQ,2025-02-17,655452,29461.04,191.576,14.685785938399999,0.0,37.21956,21.211329999999997,61252.139800000004,0.0,12949.6438,646.3377,1,0,1,0,0,0,0,0,0,0,0,0,0,1121
YLQ,2025-02-24,655452,28830.564,186.508,19.045580463,0.0,36.096199999999996,19.506124,65012.1465,0.0,12568.1214,548.5446,1,0,1,0,0,0,0,0,0,0,0,0,0,1122
YLQ,2025-03-03,655452,29081.892,176.344,18.273913091,0.0,34.83508,15.243108999999999,60462.847,0.0,11742.8148,98.8932,1,0,0,1,0,0,0,0,0,0,0,0,0,1123
YLQ,2025-03-10,655452,29159.34,173.348,17.500003313,0.0,38.57756,15.243108999999999,55717.5367,0.0,13822.7372,0.0,1,0,0,1,0,0,0,0,0,0,0,0,0,1124
YLQ,2025-03-17,655452,29098.328,163.744,17.754235898,0.0,39.13056,15.243108999999999,52673.6565,0.0,15493.962800000001,155.6352,1,0,0,1,0,0,0,0,0,0,0,0,0,1125
YLQ,2025-03-24,655452,29152.284,165.228,17.730970954,0.0,39.22772,15.243108999999999,50104.7686,0.0,15800.7749,633.5611,1,0,0,1,0,0,0,0,0,0,0,0,0,1126
YLQ,2025-03-31,655452,25274.816,143.164,17.232596602,0.0,37.31252,17.001907000000003,48877.1149,0.0,15824.4174,419.7364,1,0,0,1,0,0,0,0,0,0,0,0,0,1127
YLQ,2025-04-07,655452,26372.22,128.52,18.557577232,0.0,39.84792,17.29504,58678.7164,0.0,15853.0007,488.6181,1,0,0,0,1,0,0,0,0,0,0,0,0,1128
YLQ,2025-04-14,655452,27530.16,137.424,18.097604053999998,0.0,41.13172,17.29504,52278.6241,0.0,16678.7898,340.9924,1,0,0,0,1,0,0,0,0,0,0,0,0,1129
YLQ,2025-04-21,655452,27476.708,138.068,18.617561547,0.0,39.75104,17.29504,48846.949,0.0,15949.0954,847.0191,1,0,0,0,1,0,0,0,0,0,0,0,0,1130
YLQ,2025-04-28,655452,26850.796000000002,137.284,17.866356113,0.0,38.438959999999994,15.403432,41799.0395,0.0,16548.6421,2017.3632,1,0,0,0,1,0,0,0,0,0,0,0,0,1131
YLQ,2025-05-05,655452,26325.6,131.54399999999998,19.044739562,0.0,38.552080000000004,13.984726,48752.7744,0.0,15847.4496,2293.5936,1,0,0,0,0,1,0,0,0,0,0,0,0,1132
YLQ,2025-05-12,655452,28752.696,142.408,18.697166897,0.0,39.84792,13.984726,49084.0704,0.0,15322.617600000001,2331.4175999999998,1,0,0,0,0,1,0,0,0,0,0,0,0,1133
YLQ,2025-05-19,655452,28133.672,136.836,18.725196951,0.0,41.8376,13.984726,47920.8384,0.0,16427.0016,2403.8784,1,0,0,0,0,1,0,0,0,0,0,0,0,1134
YLQ,2025-05-26,655452,27833.120000000003,130.816,18.488062699,0.0,43.492960000000004,14.110475000000001,38670.451199999996,0.0,16528.2432,1691.8848,1,0,0,0,0,1,0,0,0,0,0,0,0,1135
YLQ,2025-06-02,655452,29409.884,133.644,17.84365177,0.0,44.88736,14.864968999999999,35985.9072,0.0,17385.1392,2203.1808,1,0,0,0,0,0,1,0,0,0,0,0,0,1136
YLQ,2025-06-09,655452,28395.248,128.184,18.660727828,0.0,45.80576,14.864968999999999,38097.8304,0.0,17949.408,2406.9312,1,0,0,0,0,0,1,0,0,0,0,0,0,1137
YLQ,2025-06-16,655452,28280.476,133.504,18.672500451,0.0,45.039120000000004,14.864968999999999,37098.8352,0.0,15236.2752,2088.4224,1,0,0,0,0,0,1,0,0,0,0,0,0,1138
YLQ,2025-06-23,655452,27090.924,119.168,18.424714779000002,0.0,42.52752,14.864968999999999,35023.7568,0.0,16441.7856,2845.5168,1,0,0,0,0,0,1,0,0,0,0,0,0,1139
YLQ,2025-06-30,655452,26719.084,113.288,19.262813378,0.0,42.28,15.357737,37235.961599999995,0.0,17431.392,4503.8207999999995,1,0,0,0,0,0,1,0,0,0,0,0,0,1140
YLQ,2025-07-07,655452,26715.472,119.14,19.717180545999998,0.0,42.03556,15.439865,40753.6512,0.0,16913.6064,5309.1072,1,0,0,0,0,0,0,1,0,0,0,0,0,1141
YLQ,2025-07-14,655452,27761.944,122.36,17.915969307,0.0,43.03376,15.439865,35465.2416,0.0,17756.3904,5558.0928,1,0,0,0,0,0,0,1,0,0,0,0,0,1142
YLQ,2025-07-21,655452,26891.424,120.316,17.542328692,0.0,42.46032,15.439865,34158.3744,0.0,16975.718399999998,6822.2784,1,0,0,0,0,0,0,1,0,0,0,0,0,1143
YLQ,2025-07-28,655452,26764.36,126.196,19.705688223,0.0,43.966440000000006,15.416699000000001,36982.368,0.0,18077.1456,5710.848,1,0,0,0,0,0,0,1,0,0,0,0,0,1144
YLQ,2025-08-04,655452,27647.816,116.368,18.623728159,0.0,47.47204,15.385811,36415.1232,0.0,18048.9792,4950.0096,1,0,0,0,0,0,0,0,1,0,0,0,0,1145
YLQ,2025-08-11,655452,28375.396,123.396,21.089531965000003,6.156083,47.810559999999995,15.385811,40940.2176,24826.08,19167.6288,2199.8784,1,0,0,0,0,0,0,0,1,0,0,0,0,1146
YLQ,2025-08-18,655452,30020.480000000003,179.508,18.868710825999997,4.773824,51.256800000000005,15.385811,31534.9248,33744.096000000005,19501.536,2794.5984,1,0,0,0,0,0,0,0,1,0,0,0,0,1147
YLQ,2025-08-25,655452,28343.756,111.3,15.786806441,4.504898,49.202160000000006,15.385811,28806.8544,33899.8464,19014.7008,4636.3776,1,0,0,0,0,0,0,0,1,0,0,0,0,1148
YLQ,2025-09-01,655452,27775.16,119.44800000000001,16.208378445999998,6.339308999999999,50.91744,15.917223000000002,31293.772800000002,33899.8464,19238.630400000002,3380.0448,1,0,0,0,0,0,0,0,0,1,0,0,0,1149
YLQ,2025-09-08,655452,28395.948,119.308,15.192008705000001,9.826585999999999,51.16888,15.917223000000002,28218.2784,33899.8464,19438.3488,2921.8559999999998,1,0,0,0,0,0,0,0,0,1,0,0,0,1150
YLQ,2025-09-15,655452,28475.104,119.98,13.723794502,9.497362,50.080239999999996,15.917223000000002,25979.7504,33899.8464,20605.2864,4973.5296,1,0,0,0,0,0,0,0,0,1,0,0,0,1151
YLQ,2025-09-22,655452,26221.524,117.32,17.466086946999997,12.591866,50.156400000000005,15.917223000000002,32093.644800000002,33899.8464,21364.512,2885.1072,1,0,0,0,0,0,0,0,0,1,0,0,0,1152
YLQ,2025-09-29,655452,29105.44,124.32000000000001,14.358114614000002,13.619889,50.0066,14.947473,26150.3424,33899.8464,21338.6496,3314.8224,1,0,0,0,0,0,0,0,0,1,0,0,0,1153
YLQ,2025-10-06,655452,30749.712,138.04,12.379753437,13.564673,49.83132,14.559573,20811.5712,33899.8464,19497.9648,3690.4704,1,0,0,0,0,0,0,0,0,0,1,0,0,1154
YLQ,2025-10-13,655452,28498.428,132.804,10.896403003,16.151089,50.02172,14.559573,19195.5072,33899.8464,19290.7584,3750.0864,1,0,0,0,0,0,0,0,0,0,1,0,0,1155
YLQ,2025-10-20,655452,26991.916,124.964,10.721775769999999,17.246872,50.273999999999994,14.559573,19133.644800000002,33899.8464,19245.9264,3562.8864,1,0,0,0,0,0,0,0,0,0,1,0,0,1156
YLQ,2025-10-27,655452,28681.24,133.756,12.100013502,17.479688,57.06176000000001,14.694353000000001,20109.8688,33899.8464,20487.072,3501.888,1,0,0,0,0,0,0,0,0,0,1,0,0,1157
YLQ,2025-11-03,655452,30038.847999999998,132.608,12.397132068000001,15.793299,55.87064,15.031303000000001,19378.176,33899.8464,18238.0224,3566.3808,1,0,0,0,0,0,0,0,0,0,0,1,0,1158
YLQ,2025-11-10,655452,31007.536,128.912,12.179338555,16.124498,53.85324000000001,15.031303000000001,19226.688,33899.8464,18636.3456,3375.2064,1,0,0,0,0,0,0,0,0,0,0,1,0,1159
YLQ,2025-11-17,655452,27096.692,122.724,15.992266733,14.649644,51.92656,15.031303000000001,28501.7472,33899.8464,16857.1584,3356.3712,1,0,0,0,0,0,0,0,0,0,0,1,0,1160
YLQ,2025-11-24,655452,28759.136,120.988,16.365627045,10.520205,51.6978,15.031303000000001,32273.28,33899.8464,19167.7632,3236.4288,1,0,0,0,0,0,0,0,0,0,0,1,0,1161
YLQ,2025-12-01,655452,31370.275999999998,124.768,17.743023876,10.582974,52.10884,14.109095,35277.9648,33899.8464,20155.68,3565.92,1,0,0,0,0,0,0,0,0,0,0,0,1,1162
YLQ,2025-12-08,655452,29060.444,113.708,12.702379353000001,11.341514,51.79468,14.109095,25204.3392,33899.8464,21520.3392,3605.664,1,0,0,0,0,0,0,0,0,0,0,0,1,1163
YLQ,2025-12-15,655452,28624.26,113.39999999999999,13.816854278000001,12.030096,47.93404,14.109095,26245.4976,33899.8464,20502.1248,3527.6736,1,0,0,0,0,0,0,0,0,0,0,0,1,1164
YLQ,2025-12-22,655452,30346.344,116.172,14.627203126,12.123755000000001,46.008199999999995,14.109095,25687.2192,33899.8464,20089.92,3493.0944,1,0,0,0,0,0,0,0,0,0,0,0,1,1165
YLQ,2025-12-29,655452,11916.212,49.42,5.9908633380000005,4.075203,18.07316,6.046755000000001,10168.2048,14528.5056,8471.5392,1344.192,1,0,0,0,0,0,0,0,0,0,0,0,1,1166
