daties,cities,population,rakuyaPurchases,criteoDailyWeightAction,criteoDailyWeightspend,criteoDailyWeightSession,rtbhouseDailyWeightspend,rtbhouseDailyWeightAction,rtbhouseDailyWeightSession,Google_Ads_South_15_KSC_spend,Google_Ads_South_15_KSC_advance,Google_Ads_Middle_8_TCC_spend,Google_Ads_Middle_8_TCC_advance,Google_Ads_South_14_TNC_spend,Google_Ads_South_14_TNC_advance,Google_Ads_North_2_NTPC_spend,Google_Ads_North_2_NTPC_advance,Google_Ads_Middle_9_CHQ_spend,Google_Ads_Middle_9_CHQ_advance,Google_Ads_North_0_TPC_spend,Google_Ads_North_0_TPC_advance,Google_Ads_South_12_CYC_spend,Google_Ads_South_12_CYC_advance,Google_Ads_South_13_CYQ_spend,Google_Ads_South_13_CYQ_advance,Google_Ads_Middle_7_MLQ_spend,Google_Ads_Middle_7_MLQ_advance,Google_Ads_Middle_10_NTQ_spend,Google_Ads_Middle_10_NTQ_advance,Google_Ads_Middle_11_YLQ_spend,Google_Ads_Middle_11_YLQ_advance,Google_Ads_South_17_PTQ_spend,Google_Ads_South_17_PTQ_advance,Google_Ads_North_6_HSQ_spend,Google_Ads_North_6_HSQ_advance,Google_Ads_North_3_ILQ_spend,Google_Ads_North_3_ILQ_advance,Google_Ads_North_1_KLC_spend,Google_Ads_North_1_KLC_advance,Google_Ads_East_18_TTQ_spend,Google_Ads_East_18_TTQ_advance,Google_Ads_North_8_HCC_spend,Google_Ads_North_8_HCC_advance,Google_Ads_East_18_HLQ_spend,Google_Ads_East_18_HLQ_advance,Google_Ads_Middle_20_KMQ_spend,Google_Ads_Middle_20_KMQ_advance,Google_Ads_North_4_TYC_spend,Google_Ads_North_4_TYC_advance,Google_Ads_South_8_PHQ_spend,Google_Ads_South_8_PHQ_advance,rakuya_fb_dpa_advance_allzone_ASC_Campaign2_spend,rakuya_fb_dpa_advance_allzone_ASC_Campaign2_purchase_cityWeight,rakuya_fb_dpa_advance_allzone2_spend,rakuya_fb_dpa_advance_allzone2_purchase_cityWeight
2026-03-01,TPC,2465110,25.5925,2.111223814,719.6233044,2011.890734,554.9045668,2.639029768,377.3812568,1,0,1,0,1,0,1,0,1,0,294.909799,0,1,0,1,0,1,0,1,0,1,0,1,0,1,0,1,0,1,0,1,0,1,0,1,0,1,0,1,0,1,0,8.128211684,4.750253582,1190.096864,361.441517
2026-03-01,NTPC,4041120,54.3973,3.460985019,1179.69751,3298.145674,909.6697279,4.326231274,618.6510721,1,0,1,0,1,0,344.993914,5,1,0,1,0,1,0,1,0,1,0,1,0,1,0,1,0,1,0,1,0,1,0,1,0,1,0,1,0,1,0,1,0,1,0,13.32479232,7.787216292,1950.957255,592.5206352
2026-03-01,KLC,361050,3.4594,0.3092183952,105.3989453,294.6696697,81.2735715,0.3865229939,55.27278813,1,0,1,0,1,0,1,0,1,0,1,0,1,0,1,0,1,0,1,0,1,0,1,0,1,0,1,0,139.306906,0,1,0,1,0,1,0,1,0,1,0,1,0,1.190490821,0.6957413891,174.3064094,52.93818925
2026-03-01,TYC,2332150,41.4069,1.997351282,680.8091685,1903.375904,524.9748228,2.496689102,357.0265416,1,0,1,0,1,0,1,0,1,0,1,0,1,0,1,0,1,0,1,0,1,0,1,0,1,0,1,0,1,0,1,0,1,0,1,0,1,0,430.606735,1,1,0,7.689802435,4.494040384,1125.906918,341.9465394
2026-03-01,HCC,457320,7.3071,0.3916680694,133.5024115,373.2400868,102.9442729,0.4895850868,70.01066741,1,0,1,0,1,0,1,0,1,0,1,0,1,0,1,0,1,0,1,0,1,0,1,0,1,0,1,0,1,0,1,0,79.031286,0,1,0,1,0,1,0,1,0,1.507922067,0.8812531563,220.7832907,67.05357349
2026-03-01,HSQ,593210,10.8018,0.508049977,173.171883,484.1462256,133.5335697,0.6350624712,90.81393339,1,0,1,0,1,0,1,0,1,0,1,0,1,0,1,0,1,0,1,0,1,0,1,0,107.736038,0,1,0,1,0,1,0,1,0,1,0,1,0,1,0,1,0,1.955992411,1.143112448,286.387772,86.97815606
2026-03-01,ILQ,448110,6.8482,0.3837802383,130.8137969,365.7233781,100.8710708,0.4797252979,68.6007176,1,0,1,0,1,0,1,0,1,0,1,0,1,0,1,0,1,0,1,0,1,0,1,0,1,0,116.462489,1,1,0,1,0,1,0,1,0,1,0,1,0,1,0,1.477553918,0.8635055363,216.3369204,65.7031768
2026-03-01,TCC,2854310,63.4341,2.444551052,833.2398935,2329.534925,642.5147981,3.055688816,436.9635006,1,0,361.488119,4,1,0,1,0,1,0,1,0,1,0,1,0,1,0,1,0,1,0,1,0,1,0,1,0,1,0,1,0,1,0,1,0,1,0,1,0,1,0,9.411521552,5.500239868,1377.993428,418.5071402
2026-03-01,MLQ,531090,11.7549,0.454847798,155.0376011,433.4472091,119.5501484,0.5685597476,81.3040439,1,0,1,0,1,0,1,0,1,0,1,0,1,0,1,0,147.20936,2,1,0,1,0,1,0,1,0,1,0,1,0,1,0,1,0,1,0,1,0,1,0,1,0,1.751164022,1.023407546,256.3977038,77.86994303
2026-03-01,CHQ,1224190,12.0373,1.048447769,357.3697129,999.1183019,275.5692937,1.310559712,187.4100388,1,0,1,0,1,0,1,0,197.827175,8,1,0,1,0,1,0,1,0,1,0,1,0,1,0,1,0,1,0,1,0,1,0,1,0,1,0,1,0,1,0,1,0,4.036523912,2.359007481,591.0100077,179.4942581
2026-03-01,NTQ,473460,3.1770,0.4054910438,138.2140552,386.4126902,106.5774412,0.5068638048,72.48152408,1,0,1,0,1,0,1,0,1,0,1,0,1,0,1,0,1,0,75.081357,1,1,0,1,0,1,0,1,0,1,0,1,0,1,0,1,0,1,0,1,0,1,0,1.561140519,0.9123548486,228.5753014,69.4200667
2026-03-01,YLQ,654120,3.6006,0.5602158611,190.9529375,533.8577048,147.244616,0.7002698263,100.1385852,1,0,1,0,1,0,1,0,1,0,1,0,1,0,1,0,1,0,1,0,84.407115,0,1,0,1,0,1,0,1,0,1,0,1,0,1,0,1,0,1,0,1,0,2.156831065,1.260485687,315.7936809,95.90895542
2026-03-01,TNC,1857211,37.4180,1.59059356,542.1633585,1515.756133,418.0644537,1.98824195,284.3185989,1,0,1,0,426.146246,4,1,0,1,0,1,0,1,0,1,0,1,0,1,0,1,0,1,0,1,0,1,0,1,0,1,0,1,0,1,0,1,0,1,0,1,0,6.123785207,3.57883551,896.6175899,272.3096175
2026-03-01,KSC,2735462,51.3262,2.34276463,798.5453807,2232.537554,615.7617129,2.928455787,418.7691776,448.462442,3,1,0,1,0,1,0,1,0,1,0,1,0,1,0,1,0,1,0,1,0,1,0,1,0,1,0,1,0,1,0,1,0,1,0,1,0,1,0,1,0,9.019643825,5.271220417,1320.616422,401.0813047
2026-03-01,CYC,261900,4.1654,0.2243021678,76.45473972,213.7487508,58.95457243,0.2803777098,40.0940125,1,0,1,0,1,0,1,0,1,0,1,0,245.30165,0,1,0,1,0,1,0,1,0,1,0,1,0,1,0,1,0,1,0,1,0,1,0,1,0,1,0,1,0,0.8635633461,0.5046798776,126.439132,38.40053113
2026-03-01,CYQ,481230,4.0595,0.4121455984,140.4823001,392.754148,108.3264944,0.515181998,73.67102571,1,0,1,0,1,0,1,0,1,0,1,0,1,0,150.92658,0,1,0,1,0,1,0,1,0,1,0,1,0,1,0,1,0,1,0,1,0,1,0,1,0,1,0,1.586760554,0.9273275964,232.3264738,70.55932645
2026-03-01,PTQ,791244,8.3661,0.6776546181,230.9826425,645.7709683,178.1116904,0.8470682726,121.130763,1,0,1,0,1,0,1,0,1,0,1,0,1,0,1,0,1,0,1,0,1,0,109.597415,1,1,0,1,0,1,0,1,0,1,0,1,0,1,0,1,0,1,0,2.60897028,1.524722891,381.9939082,116.0144706
2026-03-01,HLQ,315240,2.5063,0.2699847857,92.02593413,257.2820016,70.96158615,0.3374809822,48.25978045,1,0,1,0,1,0,1,0,1,0,1,0,1,0,1,0,1,0,1,0,1,0,1,0,1,0,1,0,1,0,1,0,1,0,49.607143,0,1,0,1,0,1,0,1.039441425,0.6074657679,152.1904237,46.22139532
2026-03-01,TTQ,210140,0.9178,0.1799727283,61.34478428,171.5050114,47.30322203,0.2249659104,32.17012519,1,0,1,0,1,0,1,0,1,0,1,0,1,0,1,0,1,0,1,0,1,0,1,0,1,0,1,0,1,0,112.457463,0,1,0,1,0,1,0,1,0,1,0,0.692895004,0.4049386387,101.450627,30.81133109
2026-03-01,PHQ,107450,0.1765,0.09202469619,31.36716984,87.69493424,24.18735704,0.1150308702,16.44941444,1,0,1,0,1,0,1,0,1,0,1,0,1,0,1,0,1,0,1,0,1,0,1,0,1,0,1,0,1,0,1,0,1,0,1,0,1,0,1,0,45.966272,0,0.3542950803,0.2070555664,51.87432124,15.75462799
2026-03-01,KMQ,143180,0.2018,0.1226253699,41.7975931,116.8558463,32.23030042,0.1532817124,21.91928488,1,0,1,0,1,0,1,0,1,0,1,0,1,0,1,0,1,0,1,0,1,0,1,0,1,0,1,0,1,0,1,0,1,0,1,0,30.687155,0,1,0,1,0,0.4721076743,0.2759070824,69.12392104,20.99346333
2026-03-01,MZQ,14130,0.0066,0.01210152589,4.12487771,11.5321491,3.180710609,0.01512690737,2.163147753,1,0,1,0,1,0,1,0,1,0,1,0,1,0,1,0,1,0,1,0,1,0,1,0,1,0,1,0,1,0,1,0,1,0,1,0,1,0,1,0,1,0,0.04659087469,0.02722843326,6.821630146,2.071781233
2026-03-02,TPC,2465110,23.7800,3.694641675,609.6844911,1457.48336,624.9043036,2.005662623,306.5496978,1,0,1,0,1,0,1,0,1,0,249.495532,2,1,0,1,0,1,0,1,0,1,0,1,0,1,0,1,0,1,0,1,0,1,0,1,0,1,0,1,0,1,0,7.389283349,4.222447628,1164.551056,332.5177507
2026-03-02,NTPC,4041120,50.5448,6.056723783,999.4719062,2389.291008,1024.422147,3.287935768,502.5350247,1,0,1,0,1,0,351.140385,3,1,0,1,0,1,0,1,0,1,0,1,0,1,0,1,0,1,0,1,0,1,0,1,0,1,0,1,0,1,0,1,0,1,0,12.11344757,6.921970038,1909.079336,545.1051405
2026-03-02,KLC,361050,3.2144,0.5411321915,89.2968612,213.4689191,91.52601661,0.2937574754,44.89851098,1,0,1,0,1,0,1,0,1,0,1,0,1,0,1,0,1,0,1,0,1,0,1,0,1,0,1,0,103.904237,0,1,0,1,0,1,0,1,0,1,0,1,0,1.082264383,0.6184367903,170.5648668,48.70189724
2026-03-02,TYC,2332150,38.4744,3.495364743,576.8000965,1378.871457,591.1990019,1.897483718,290.0154061,1,0,1,0,1,0,1,0,1,0,1,0,1,0,1,0,1,0,1,0,1,0,1,0,1,0,1,0,1,0,1,0,1,0,1,0,1,0,427.46826,1,1,0,6.990729486,3.994702563,1101.738967,314.5828269
2026-03-02,HCC,457320,6.7896,0.6854191215,113.1068843,270.3880517,115.9304194,0.372084666,56.87020368,1,0,1,0,1,0,1,0,1,0,1,0,1,0,1,0,1,0,1,0,1,0,1,0,1,0,1,0,1,0,1,0,94.46407,0,1,0,1,0,1,0,1,0,1.370838243,0.7833361389,216.0441071,61.68772094
2026-03-02,HSQ,593210,10.0368,0.8890874597,146.7159425,350.7323016,150.3784748,0.4826474781,73.76885666,1,0,1,0,1,0,1,0,1,0,1,0,1,0,1,0,1,0,1,0,1,0,1,0,104.559481,0,1,0,1,0,1,0,1,0,1,0,1,0,1,0,1,0,1.778174919,1.016099954,280.2403673,80.01787138
2026-03-02,ILQ,448110,6.3632,0.6716154171,110.8290167,264.9426875,113.5956884,0.3645912264,55.72489061,1,0,1,0,1,0,1,0,1,0,1,0,1,0,1,0,1,0,1,0,1,0,1,0,1,0,184.058931,0,1,0,1,0,1,0,1,0,1,0,1,0,1,0,1.343230834,0.7675604767,211.6931795,60.44538754
2026-03-02,TCC,2854310,58.9416,4.277964342,705.9435643,1687.595819,723.5663328,2.3223235,354.9488128,1,0,392.077815,0,1,0,1,0,1,0,1,0,1,0,1,0,1,0,1,0,1,0,1,0,1,0,1,0,1,0,1,0,1,0,1,0,1,0,1,0,1,0,8.555928684,4.889102105,1348.414361,385.0167908
2026-03-02,MLQ,531090,10.9224,0.7959836466,131.3520842,314.0041774,134.631082,0.4321054081,66.04390028,1,0,1,0,1,0,1,0,1,0,1,0,1,0,1,0,100.279293,1,1,0,1,0,1,0,1,0,1,0,1,0,1,0,1,0,1,0,1,0,1,0,1,0,1.591967293,0.9096955961,250.8940454,71.63852819
2026-03-02,CHQ,1224190,11.1848,1.834783597,302.773368,723.7959177,310.331628,0.996025381,152.2346161,1,0,1,0,1,0,1,0,203.042111,0,1,0,1,0,1,0,1,0,1,0,1,0,1,0,1,0,1,0,1,0,1,0,1,0,1,0,1,0,1,0,1,0,3.669567193,2.096895539,578.3237896,165.1305237
2026-03-02,NTQ,473460,2.9520,0.7096093267,117.0987174,279.9307421,120.0219023,0.3852164916,58.87729956,1,0,1,0,1,0,1,0,1,0,1,0,1,0,1,0,1,0,104.785386,0,1,0,1,0,1,0,1,0,1,0,1,0,1,0,1,0,1,0,1,0,1,0,1.419218653,0.8109820876,223.6688598,63.8648394
2026-03-02,YLQ,654120,3.3456,0.9803777569,161.7805369,386.7450197,165.819133,0.532205068,81.34334303,1,0,1,0,1,0,1,0,1,0,1,0,1,0,1,0,1,0,1,0,101.961695,0,1,0,1,0,1,0,1,0,1,0,1,0,1,0,1,0,1,0,1,0,1.960755514,1.120431722,309.015069,88.23399812
2026-03-02,TNC,1857211,34.7680,2.78353873,459.3355848,1098.066264,470.8021738,1.511063882,230.9541849,1,0,1,0,422.433326,2,1,0,1,0,1,0,1,0,1,0,1,0,1,0,1,0,1,0,1,0,1,0,1,0,1,0,1,0,1,0,1,0,1,0,1,0,5.567077461,3.18118712,877.3714078,250.5184857
2026-03-02,KSC,2735462,47.6912,4.099838102,676.5494268,1617.327562,693.438417,2.225626398,340.1694243,459.224506,4,1,0,1,0,1,0,1,0,1,0,1,0,1,0,1,0,1,0,1,0,1,0,1,0,1,0,1,0,1,0,1,0,1,0,1,0,1,0,1,0,8.199676205,4.68552926,1292.26897,368.9854292
2026-03-02,CYC,261900,3.8704,0.3925287937,64.77454078,154.8470016,66.39153511,0.2130870594,32.56867477,1,0,1,0,1,0,1,0,1,0,1,0,209.758238,0,1,0,1,0,1,0,1,0,1,0,1,0,1,0,1,0,1,0,1,0,1,0,1,0,1,0,1,0,0.7850575874,0.4486043356,123.7250758,35.32759143
2026-03-02,CYQ,481230,3.7720,0.7212547972,119.0204363,284.5247139,121.9915939,0.3915383185,59.84354089,1,0,1,0,1,0,1,0,1,0,1,0,1,0,147.200159,2,1,0,1,0,1,0,1,0,1,0,1,0,1,0,1,0,1,0,1,0,1,0,1,0,1,0,1.442509594,0.8242911968,227.3395121,64.91293175
2026-03-02,PTQ,791244,7.7736,1.185895582,195.6947947,467.8188656,200.5800069,0.6437718872,98.39545055,1,0,1,0,1,0,1,0,1,0,1,0,1,0,1,0,1,0,1,0,1,0,106.412636,1,1,0,1,0,1,0,1,0,1,0,1,0,1,0,1,0,1,0,2.371791163,1.355309236,373.7942873,106.7306023
2026-03-02,HLQ,315240,2.3288,0.472473375,77.96688139,186.3839968,79.91320171,0.2564855464,39.20179089,1,0,1,0,1,0,1,0,1,0,1,0,1,0,1,0,1,0,1,0,1,0,1,0,1,0,1,0,1,0,1,0,1,0,50.391314,0,1,0,1,0,1,0,0.9449467501,0.5399695715,148.9236078,42.52260375
2026-03-02,TTQ,210140,0.8528,0.3149522746,51.97297442,124.244173,53.27039781,0.1709740919,26.13204015,1,0,1,0,1,0,1,0,1,0,1,0,1,0,1,0,1,0,1,0,1,0,1,0,1,0,1,0,1,0,128.699271,0,1,0,1,0,1,0,1,0,1,0,0.6299045491,0.3599454566,99.27295694,28.34570471
2026-03-02,PHQ,107450,0.1640,0.1610432183,26.57512183,63.52924902,27.23852786,0.08742346138,13.36198589,1,0,1,0,1,0,1,0,1,0,1,0,1,0,1,0,1,0,1,0,1,0,1,0,1,0,1,0,1,0,1,0,1,0,1,0,1,0,1,0,48.404509,0,0.3220864367,0.1840493924,50.76082242,14.49388965
2026-03-02,KMQ,143180,0.1875,0.2145943974,35.4120609,84.65442414,36.29606719,0.1164941014,17.80520372,1,0,1,0,1,0,1,0,1,0,1,0,1,0,1,0,1,0,1,0,1,0,1,0,1,0,1,0,1,0,1,0,1,0,1,0,52.762789,0,1,0,1,0,0.4291887948,0.2452507399,67.64015406,19.31349577
2026-03-02,MZQ,14130,0.0061,0.02117767031,3.494708901,8.3542884,3.581948801,0.0114964496,1.75714156,1,0,1,0,1,0,1,0,1,0,1,0,1,0,1,0,1,0,1,0,1,0,1,0,1,0,1,0,1,0,1,0,1,0,1,0,1,0,1,0,1,0,0.04235534062,0.02420305179,6.675201682,1.905990328
2026-03-03,TPC,2465110,19.3575,2.005662623,428.6776618,1357.30579,623.2860505,2.427907386,2058.020974,1,0,1,0,1,0,1,0,1,0,194.953466,0,1,0,1,0,1,0,1,0,1,0,1,0,1,0,1,0,1,0,1,0,1,0,1,0,1,0,1,0,1,0,6.544793824,2.850152149,1119.68755,346.1351443
2026-03-03,NTPC,4041120,41.1447,3.287935768,702.7426251,2225.067269,1021.769302,3.980132772,3373.768196,1,0,1,0,1,0,281.063687,2,1,0,1,0,1,0,1,0,1,0,1,0,1,0,1,0,1,0,1,0,1,0,1,0,1,0,1,0,1,0,1,0,1,0,10.72905356,4.672329775,1835.533405,567.4284938
2026-03-03,KLC,361050,2.6166,0.2937574754,62.78586748,198.7965062,91.28900071,0.3556011544,301.4260916,1,0,1,0,1,0,1,0,1,0,1,0,1,0,1,0,1,0,1,0,1,0,1,0,1,0,1,0,168.657304,1,1,0,1,0,1,0,1,0,1,0,1,0,0.958577025,0.4174448335,163.9939759,50.69635589
2026-03-03,TYC,2332150,31.3191,1.897483718,405.5561857,1284.097139,589.6680321,2.296953974,1947.018029,1,0,1,0,1,0,1,0,1,0,1,0,1,0,1,0,1,0,1,0,1,0,1,0,1,0,1,0,1,0,1,0,1,0,1,0,1,0,419.338046,1,1,0,6.191788973,2.69642423,1059.295252,327.4657426
2026-03-03,HCC,457320,5.5269,0.372084666,79.5270265,251.8034018,115.6302058,0.4504182799,381.7980341,1,0,1,0,1,0,1,0,1,0,1,0,1,0,1,0,1,0,1,0,1,0,1,0,1,0,1,0,1,0,1,0,122.838767,0,1,0,1,0,1,0,1,0,1.214171015,0.5287518938,207.7211606,64.21397999
2026-03-03,HSQ,593210,8.1702,0.4826474781,103.1580237,326.6253302,149.9890545,0.5842574735,495.2471176,1,0,1,0,1,0,1,0,1,0,1,0,1,0,1,0,1,0,1,0,1,0,1,0,109.126857,0,1,0,1,0,1,0,1,0,1,0,1,0,1,0,1,0,1.574954929,0.6858674689,269.4443053,83.29479373
2026-03-03,ILQ,448110,5.1798,0.3645912264,77.92542606,246.7323152,113.3015209,0.4413472741,374.1089763,1,0,1,0,1,0,1,0,1,0,1,0,1,0,1,0,1,0,1,0,1,0,1,0,1,0,99.345234,4,1,0,1,0,1,0,1,0,1,0,1,0,1,0,1.189718739,0.5181033218,203.5378494,62.92077008
2026-03-03,TCC,2854310,47.9799,2.3223235,496.3587575,1571.601872,721.6925845,2.81123371,2382.948366,1,0,341.540607,5,1,0,1,0,1,0,1,0,1,0,1,0,1,0,1,0,1,0,1,0,1,0,1,0,1,0,1,0,1,0,1,0,1,0,1,0,1,0,7.578108263,3.300143921,1296.467651,400.784145
2026-03-03,MLQ,531090,8.8911,0.4321054081,92.35548085,292.4216494,134.2824412,0.5230749678,443.3856335,1,0,1,0,1,0,1,0,1,0,1,0,1,0,1,0,102.456344,0,1,0,1,0,1,0,1,0,1,0,1,0,1,0,1,0,1,0,1,0,1,0,1,0,1.410028174,0.6140445274,241.2285297,74.57229649
2026-03-03,CHQ,1224190,9.1047,0.996025381,212.8841742,674.047071,309.5279927,1.205714935,1022.026886,1,0,1,0,1,0,1,0,304.854934,0,1,0,1,0,1,0,1,0,1,0,1,0,1,0,1,0,1,0,1,0,1,0,1,0,1,0,1,0,1,0,1,0,3.250188085,1.415404489,556.0442745,171.8930118
2026-03-03,NTQ,473460,2.4030,0.3852164916,82.33373997,260.6901921,119.7110934,0.4663147004,395.2726695,1,0,1,0,1,0,1,0,1,0,1,0,1,0,1,0,1,0,140.525612,1,1,0,1,0,1,0,1,0,1,0,1,0,1,0,1,0,1,0,1,0,1,0,1.257022236,0.5474129092,215.0521751,66.48025663
2026-03-03,YLQ,654120,2.7234,0.532205068,113.7501499,360.1627771,165.3897276,0.6442482402,546.0984214,1,0,1,0,1,0,1,0,1,0,1,0,1,0,1,0,1,0,1,0,99.250684,0,1,0,1,0,1,0,1,0,1,0,1,0,1,0,1,0,1,0,1,0,1.736669169,0.7562914125,297.1104819,91.84739042
2026-03-03,TNC,1857211,28.3020,1.511063882,322.9652506,1022.5926,469.5829838,1.829182594,1550.510602,1,0,1,0,363.927597,4,1,0,1,0,1,0,1,0,1,0,1,0,1,0,1,0,1,0,1,0,1,0,1,0,1,0,1,0,1,0,1,0,1,0,1,0,4.930840036,2.147301306,843.5712946,260.7778142
2026-03-03,KSC,2735462,38.8218,2.225626398,475.6913298,1506.163381,691.6426879,2.694179324,2283.726961,417.918649,3,1,0,1,0,1,0,1,0,1,0,1,0,1,0,1,0,1,0,1,0,1,0,1,0,1,0,1,0,1,0,1,0,1,0,1,0,1,0,1,0,7.262570353,3.16273225,1242.485222,384.0962611
2026-03-03,CYC,261900,3.1506,0.2130870594,45.54388227,144.2038637,66.2196075,0.257947493,218.6497532,1,0,1,0,1,0,1,0,1,0,1,0,182.685555,2,1,0,1,0,1,0,1,0,1,0,1,0,1,0,1,0,1,0,1,0,1,0,1,0,1,0,1,0,0.6953367202,0.3028079266,118.9586547,36.77434041
2026-03-03,CYQ,481230,3.0705,0.3915383185,83.68492732,264.9684052,121.6756843,0.4739674382,401.7595293,1,0,1,0,1,0,1,0,1,0,1,0,1,0,129.403567,0,1,0,1,0,1,0,1,0,1,0,1,0,1,0,1,0,1,0,1,0,1,0,1,0,1,0,1.277651355,0.5563965578,218.5814181,67.57127086
2026-03-03,PTQ,791244,6.3279,0.6437718872,137.5957372,435.664154,200.0605846,0.7793028108,660.5777217,1,0,1,0,1,0,1,0,1,0,1,0,1,0,1,0,1,0,1,0,1,0,131.660989,1,1,0,1,0,1,0,1,0,1,0,1,0,1,0,1,0,1,0,2.100729316,0.9148337344,359.3941267,111.1014746
2026-03-03,HLQ,315240,1.8957,0.2564855464,54.81960079,173.5732187,79.70625837,0.3104825036,263.1811691,1,0,1,0,1,0,1,0,1,0,1,0,1,0,1,0,1,0,1,0,1,0,1,0,1,0,1,0,1,0,1,0,1,0,51.31906,0,1,0,1,0,1,0,0.8369528358,0.3644794607,143.1864311,44.26400562
2026-03-03,TTQ,210140,0.6942,0.1709740919,36.54292257,115.704467,53.13244872,0.2069686376,175.4374156,1,0,1,0,1,0,1,0,1,0,1,0,1,0,1,0,1,0,1,0,1,0,1,0,1,0,1,0,1,0,72.340895,0,1,0,1,0,1,0,1,0,1,0,0.5579154578,0.2429631832,95.44853646,29.50652881
2026-03-03,PHQ,107450,0.1335,0.08742346138,18.68533849,59.16267718,27.16799093,0.1058284006,89.70567385,1,0,1,0,1,0,1,0,1,0,1,0,1,0,1,0,1,0,1,0,1,0,1,0,1,0,1,0,1,0,1,0,1,0,1,0,1,0,1,0,56.241223,1,0.2852765582,0.1242333399,48.80529762,15.08744894
2026-03-03,KMQ,143180,0.1527,0.1164941014,24.89871349,78.83585034,36.20207484,0.1410191754,119.5352106,1,0,1,0,1,0,1,0,1,0,1,0,1,0,1,0,1,0,1,0,1,0,1,0,1,0,1,0,1,0,1,0,1,0,1,0,38.700497,0,1,0,1,0,0.3801386468,0.1655442494,65.03436495,20.1044294
2026-03-03,MZQ,14130,0.0050,0.0114964496,2.457178528,7.780070996,3.572672982,0.01391675478,11.79656744,1,0,1,0,1,0,1,0,1,0,1,0,1,0,1,0,1,0,1,0,1,0,1,0,1,0,1,0,1,0,1,0,1,0,1,0,1,0,1,0,1,0,0.03751473027,0.01633705996,6.418044257,1.98404517
2026-03-04,TPC,2465110,20.2275,4.116886438,406.7388795,1306.319735,572.8172452,2.639029768,1909.390817,1,0,1,0,1,0,1,0,1,0,167.505749,0,1,0,1,0,1,0,1,0,1,0,1,0,1,0,1,0,1,0,1,0,1,0,1,0,1,0,1,0,1,0,6.967038587,2.005662623,1113.565001,340.2237176
2026-03-04,NTPC,4041120,42.9939,6.748920787,666.7777993,2141.48448,939.0344553,4.326231274,3130.114851,1,0,1,0,1,0,262.496491,2,1,0,1,0,1,0,1,0,1,0,1,0,1,0,1,0,1,0,1,0,1,0,1,0,1,0,1,0,1,0,1,0,1,0,11.42125056,3.287935768,1825.496548,557.7377358
2026-03-04,KLC,361050,2.7342,0.6029758706,59.57262453,191.328882,83.89713497,0.3865229939,279.6571166,1,0,1,0,1,0,1,0,1,0,1,0,1,0,1,0,1,0,1,0,1,0,1,0,1,0,1,0,122.067573,0,1,0,1,0,1,0,1,0,1,0,1,0,1.020420704,0.2937574754,163.0972425,49.83054438
2026-03-04,TYC,2332150,32.7267,3.894834999,384.8007099,1235.861106,541.9213498,2.496689102,1806.404499,1,0,1,0,1,0,1,0,1,0,1,0,1,0,1,0,1,0,1,0,1,0,1,0,1,0,1,0,1,0,1,0,1,0,1,0,1,0,446.926622,0,1,0,6.59125923,1.897483718,1053.502934,321.8731591
2026-03-04,HCC,457320,5.7753,0.7637527354,75.45700775,242.344618,106.2673806,0.4895850868,354.224602,1,0,1,0,1,0,1,0,1,0,1,0,1,0,1,0,1,0,1,0,1,0,1,0,1,0,1,0,1,0,1,0,77.487114,1,1,0,1,0,1,0,1,0,1.292504629,0.372084666,206.5853232,63.11730939
2026-03-04,HSQ,593210,8.5374,0.9906974551,97.87862234,314.3559233,137.8441198,0.6350624712,459.4803992,1,0,1,0,1,0,1,0,1,0,1,0,1,0,1,0,1,0,1,0,1,0,1,0,122.120545,2,1,0,1,0,1,0,1,0,1,0,1,0,1,0,1,0,1.676564924,0.4826474781,267.9709604,81.87225379
2026-03-04,ILQ,448110,5.4126,0.7483714648,73.93737371,237.4640225,104.1272543,0.4797252979,347.0908476,1,0,1,0,1,0,1,0,1,0,1,0,1,0,1,0,1,0,1,0,1,0,1,0,1,0,109.237412,0,1,0,1,0,1,0,1,0,1,0,1,0,1,0,1.266474787,0.3645912264,202.4248867,61.84618541
2026-03-04,TCC,2854310,50.1363,4.766874552,470.9562053,1512.565964,663.2555915,3.055688816,2210.851972,1,0,501.97623,0,1,0,1,0,1,0,1,0,1,0,1,0,1,0,1,0,1,0,1,0,1,0,1,0,1,0,1,0,1,0,1,0,1,0,1,0,1,0,8.067018473,2.3223235,1289.378453,393.9394021
2026-03-04,MLQ,531090,9.2907,0.8869532062,87.62892996,281.437075,123.4093046,0.5685597476,411.3643486,1,0,1,0,1,0,1,0,1,0,1,0,1,0,1,0,104.235445,0,1,0,1,0,1,0,1,0,1,0,1,0,1,0,1,0,1,0,1,0,1,0,1,0,1.500997734,0.4321054081,239.9094711,73.29872266
2026-03-04,CHQ,1224190,9.5139,2.04447315,201.9892293,648.7270574,284.4648488,1.310559712,948.2161627,1,0,1,0,1,0,1,0,279.46388,0,1,0,1,0,1,0,1,0,1,0,1,0,1,0,1,0,1,0,1,0,1,0,1,0,1,0,1,0,1,0,1,0,3.459877639,0.996025381,553.003776,168.9573581
2026-03-04,NTQ,473460,2.5110,0.7907075355,78.12007979,250.8975834,110.01783,0.5068638048,366.7261,1,0,1,0,1,0,1,0,1,0,1,0,1,0,1,0,1,0,142.63569,1,1,0,1,0,1,0,1,0,1,0,1,0,1,0,1,0,1,0,1,0,1,0,1.338120445,0.3852164916,213.8762511,65.34488171
2026-03-04,YLQ,654120,2.8458,1.092420929,107.9286668,346.633564,151.9977674,0.7002698263,506.6592248,1,0,1,0,1,0,1,0,1,0,1,0,1,0,1,0,1,0,1,0,151.972941,0,1,0,1,0,1,0,1,0,1,0,1,0,1,0,1,0,1,0,1,0,1.848712342,0.532205068,295.4858559,90.27878601
2026-03-04,TNC,1857211,29.5740,3.101657442,306.4365976,984.1797653,431.5598447,1.98824195,1438.532816,1,0,1,0,387.556019,1,1,0,1,0,1,0,1,0,1,0,1,0,1,0,1,0,1,0,1,0,1,0,1,0,1,0,1,0,1,0,1,0,1,0,1,0,5.248958748,1.511063882,838.9585733,256.3241522
2026-03-04,KSC,2735462,40.5666,4.568391028,451.3464912,1449.585615,635.6388994,2.928455787,2118.796331,518.21813,1,1,0,1,0,1,0,1,0,1,0,1,0,1,0,1,0,1,0,1,0,1,0,1,0,1,0,1,0,1,0,1,0,1,0,1,0,1,0,1,0,7.731123279,2.225626398,1235.691204,377.5365201
2026-03-04,CYC,261900,3.2922,0.4373892273,43.21304629,138.7869663,60.85766417,0.2803777098,202.8588806,1,0,1,0,1,0,1,0,1,0,1,0,213.603788,4,1,0,1,0,1,0,1,0,1,0,1,0,1,0,1,0,1,0,1,0,1,0,1,0,1,0,1,0,0.7401971538,0.2130870594,118.3081784,36.14629434
2026-03-04,CYQ,481230,3.2085,0.8036839169,79.40211633,255.015089,111.8233438,0.515181998,372.7444792,1,0,1,0,1,0,1,0,1,0,1,0,1,0,121.199764,0,1,0,1,0,1,0,1,0,1,0,1,0,1,0,1,0,1,0,1,0,1,0,1,0,1,0,1.360080475,0.3915383185,217.3861959,66.41726318
2026-03-04,PTQ,791244,6.6123,1.321426505,130.5538893,419.2987949,183.861251,0.8470682726,612.8708366,1,0,1,0,1,0,1,0,1,0,1,0,1,0,1,0,1,0,1,0,1,0,152.89123,1,1,0,1,0,1,0,1,0,1,0,1,0,1,0,1,0,1,0,2.23626024,0.6437718872,357.4289283,109.2040417
2026-03-04,HLQ,315240,1.9809,0.5264703322,52.01405389,167.0530862,73.25227207,0.3374809822,244.1742402,1,0,1,0,1,0,1,0,1,0,1,0,1,0,1,0,1,0,1,0,1,0,1,0,1,0,1,0,1,0,1,0,1,0,50.055087,2,1,0,1,0,1,0,0.8909497929,0.2564855464,142.4034752,43.50804822
2026-03-04,TTQ,210140,0.7254,0.3509468202,34.67273596,111.3581256,48.83020065,0.2249659104,162.7673355,1,0,1,0,1,0,1,0,1,0,1,0,1,0,1,0,1,0,1,0,1,0,1,0,1,0,1,0,1,0,87.676079,0,1,0,1,0,1,0,1,0,1,0,0.5939100034,0.1709740919,94.92661555,29.00260517
2026-03-04,PHQ,107450,0.1395,0.1794481576,17.72906386,56.94028077,24.96814057,0.1150308702,83.22713524,1,0,1,0,1,0,1,0,1,0,1,0,1,0,1,0,1,0,1,0,1,0,1,0,1,0,1,0,1,0,1,0,1,0,1,0,1,0,1,0,27.85,0,0.3036814974,0.08742346138,48.53842601,14.82977979
2026-03-04,KMQ,143180,0.1595,0.2391194714,23.62445196,75.87444765,33.27071537,0.1532817124,110.9023846,1,0,1,0,1,0,1,0,1,0,1,0,1,0,1,0,1,0,1,0,1,0,1,0,1,0,1,0,1,0,1,0,1,0,1,0,39.575212,0,1,0,1,0,0.4046637208,0.1164941014,64.67875138,19.76107837
2026-03-04,MZQ,14130,0.0052,0.02359797549,2.331425522,7.487819146,3.283386005,0.01512690737,10.94462002,1,0,1,0,1,0,1,0,1,0,1,0,1,0,1,0,1,0,1,0,1,0,1,0,1,0,1,0,1,0,1,0,1,0,1,0,1,0,1,0,1,0,0.03993503545,0.0114964496,6.382949832,1.950160898
2026-03-05,TPC,2465110,25.9550,6.01698787,408.2557938,1304.630756,608.8326123,4.222447628,1638.731925,1,0,1,0,1,0,1,0,1,0,411.416566,0,1,0,1,0,1,0,1,0,1,0,1,0,1,0,1,0,1,0,1,0,1,0,1,0,1,0,1,0,1,0,7.917089303,2.744590958,1046.533645,325.4451509
2026-03-05,NTPC,4041120,55.1678,9.863807304,669.264517,2138.715692,998.0753987,6.921970038,2686.416572,1,0,1,0,1,0,533.316939,0,1,0,1,0,1,0,1,0,1,0,1,0,1,0,1,0,1,0,1,0,1,0,1,0,1,0,1,0,1,0,1,0,1,0,12.97869382,4.499280524,1715.610274,533.5108407
2026-03-05,KLC,361050,3.5084,0.8812724262,59.79479795,191.0815073,89.17209158,0.6184367903,240.0153183,1,0,1,0,1,0,1,0,1,0,1,0,1,0,1,0,1,0,1,0,1,0,1,0,1,0,1,0,86.656741,0,1,0,1,0,1,0,1,0,1,0,1,0,1.159568982,0.4019839137,153.2795585,47.66601561
2026-03-05,TYC,2332150,41.9934,5.692451153,386.2358068,1234.263225,575.9941653,3.994702563,1550.344065,1,0,1,0,1,0,1,0,1,0,1,0,1,0,1,0,1,0,1,0,1,0,1,0,1,0,1,0,1,0,1,0,1,0,1,0,1,0,421.610888,2,1,0,7.490067306,2.596556666,990.0870304,307.8917001
2026-03-05,HCC,457320,7.4106,1.116253998,75.73842126,242.0312835,112.9488462,0.7833361389,304.0127555,1,0,1,0,1,0,1,0,1,0,1,0,1,0,1,0,1,0,1,0,1,0,1,0,1,0,1,0,1,0,1,0,72.904802,0,1,0,1,0,1,0,1,0,1.46875526,0.5091684903,194.149862,60.37563291
2026-03-05,HSQ,593210,10.9548,1.447942434,98.24365625,313.9494833,146.5109443,1.016099954,394.3483921,1,0,1,0,1,0,1,0,1,0,1,0,1,0,1,0,1,0,1,0,1,0,1,0,85.358876,0,1,0,1,0,1,0,1,0,1,0,1,0,1,0,1,0,1.905187414,0.6604649701,251.8403736,78.31590395
2026-03-05,ILQ,448110,6.9452,1.093773679,74.21311981,237.1569983,110.6741614,0.7675604767,297.890221,1,0,1,0,1,0,1,0,1,0,1,0,1,0,1,0,1,0,1,0,1,0,1,0,1,0,118.542187,0,1,0,1,0,1,0,1,0,1,0,1,0,1,0,1.439175894,0.4989143098,190.2398641,59.15972374
2026-03-05,TCC,2854310,64.3326,6.966970499,472.7126152,1510.610323,704.957188,4.889102105,1897.460527,1,0,499.544224,0,1,0,1,0,1,0,1,0,1,0,1,0,1,0,1,0,1,0,1,0,1,0,1,0,1,0,1,0,1,0,1,0,1,0,1,0,1,0,9.167066447,3.177916368,1211.763957,376.8275447
2026-03-05,MLQ,531090,11.9214,1.296316224,87.9557381,281.0731968,131.1685532,0.9096955961,353.0528608,1,0,1,0,1,0,1,0,1,0,1,0,1,0,1,0,108.757466,0,1,0,1,0,1,0,1,0,1,0,1,0,1,0,1,0,1,0,1,0,1,0,1,0,1.705679243,0.5913021375,225.4680535,70.11478807
2026-03-05,CHQ,1224190,12.2078,2.988076143,202.742539,647.8882991,302.3503193,2.096895539,813.8051587,1,0,1,0,1,0,1,0,266.720855,0,1,0,1,0,1,0,1,0,1,0,1,0,1,0,1,0,1,0,1,0,1,0,1,0,1,0,1,0,1,0,1,0,3.931679136,1.3629821,519.7155593,161.6182237
2026-03-05,NTQ,473460,3.2220,1.155649475,78.41142511,250.5731905,116.9351017,0.8109820876,314.7421482,1,0,1,0,1,0,1,0,1,0,1,0,1,0,1,0,1,0,122.185676,0,1,0,1,0,1,0,1,0,1,0,1,0,1,0,1,0,1,0,1,0,1,0,1.520591414,0.527138357,201.0019104,62.50644441
2026-03-05,YLQ,654120,3.6516,1.596615204,108.3311819,346.1853914,161.5544898,1.120431722,434.8395514,1,0,1,0,1,0,1,0,1,0,1,0,1,0,1,0,1,0,1,0,126.771966,0,1,0,1,0,1,0,1,0,1,0,1,0,1,0,1,0,1,0,1,0,2.100809479,0.7282806194,277.6990023,86.35727498
2026-03-05,TNC,1857211,37.9480,4.533191646,307.5794391,982.9072905,458.6937803,3.18118712,1234.618721,1,0,1,0,610.300963,0,1,0,1,0,1,0,1,0,1,0,1,0,1,0,1,0,1,0,1,0,1,0,1,0,1,0,1,0,1,0,1,0,1,0,1,0,5.964725851,2.067771628,788.4572278,245.1899973
2026-03-05,KSC,2735462,52.0532,6.676879195,453.0297676,1447.711403,675.6041212,4.68552926,1818.453906,525.21018,1,1,0,1,0,1,0,1,0,1,0,1,0,1,0,1,0,1,0,1,0,1,0,1,0,1,0,1,0,1,0,1,0,1,0,1,0,1,0,1,0,8.785367362,3.045594019,1161.308427,361.1371677
2026-03-05,CYC,261900,4.2244,0.6392611783,43.3742074,138.6075246,64.68403485,0.4486043356,174.1033427,1,0,1,0,1,0,1,0,1,0,1,0,181.889803,0,1,0,1,0,1,0,1,0,1,0,1,0,1,0,1,0,1,0,1,0,1,0,1,0,1,0,1,0,0.8411331293,0.2915928182,111.1865846,34.57617917
2026-03-05,CYQ,481230,4.1170,1.174614955,79.69824294,254.6853725,118.8541355,0.8242911968,319.9074135,1,0,1,0,1,0,1,0,1,0,1,0,1,0,211.761451,2,1,0,1,0,1,0,1,0,1,0,1,0,1,0,1,0,1,0,1,0,1,0,1,0,1,0,1.545545994,0.5357892779,204.3005731,63.53224399
2026-03-05,PTQ,791244,8.4846,1.931315662,131.0407841,418.7566712,195.4213611,1.355309236,525.9955146,1,0,1,0,1,0,1,0,1,0,1,0,1,0,1,0,1,0,1,0,1,0,88.413158,0,1,0,1,0,1,0,1,0,1,0,1,0,1,0,1,0,1,0,2.541204818,0.8809510035,335.9133942,104.4604594
2026-03-05,HLQ,315240,2.5418,0.7694566393,52.20803796,166.8370983,77.85794253,0.5399695715,209.5621907,1,0,1,0,1,0,1,0,1,0,1,0,1,0,1,0,1,0,1,0,1,0,1,0,1,0,1,0,1,0,1,0,1,0,53.079683,1,1,0,1,0,1,0,1.012442947,0.3509802215,133.8314583,41.61815472
2026-03-05,TTQ,210140,0.9308,0.5129222757,34.80204637,111.2141475,51.90035542,0.3599454566,139.6948317,1,0,1,0,1,0,1,0,1,0,1,0,1,0,1,0,1,0,1,0,1,0,1,0,1,0,1,0,1,0,130.179186,0,1,0,1,0,1,0,1,0,1,0,0.6748977312,0.2339645468,89.21248143,27.74279607
2026-03-05,PHQ,107450,0.1790,0.2622703841,17.7951836,56.86666101,26.53798986,0.1840493924,71.42956918,1,0,1,0,1,0,1,0,1,0,1,0,1,0,1,0,1,0,1,0,1,0,1,0,1,0,1,0,1,0,1,0,1,0,1,0,1,0,1,0,52.541442,0,0.3450926107,0.119632105,45.6166419,14.18560692
2026-03-05,KMQ,143180,0.2047,0.3494823043,23.71255829,75.77634736,35.36258156,0.2452507399,95.18181215,1,0,1,0,1,0,1,0,1,0,1,0,1,0,1,0,1,0,1,0,1,0,1,0,1,0,1,0,1,0,1,0,1,0,1,0,38.357633,0,1,0,1,0,0.4598451373,0.1594129809,60.78539588,18.90270078
2026-03-05,MZQ,14130,0.0067,0.03448934879,2.340120468,7.478137925,3.489825935,0.02420305179,9.393204398,1,0,1,0,1,0,1,0,1,0,1,0,1,0,1,0,1,0,1,0,1,0,1,0,1,0,1,0,1,0,1,0,1,0,1,0,1,0,1,0,1,0,0.0453807221,0.01573198366,5.998726385,1.865450216
2026-03-06,TPC,2465110,22.8375,5.383620726,360.6213065,1279.929437,626.4254403,2.216785005,1305.369684,1,0,1,0,1,0,1,0,1,0,247.446062,0,1,0,1,0,1,0,1,0,1,0,1,0,1,0,1,0,1,0,1,0,1,0,1,0,1,0,1,0,1,0,6.544793824,3.272396912,1153.044886,331.4621388
2026-03-06,NTPC,4041120,48.5415,8.825511798,591.1760425,2098.222168,1026.915787,3.63403427,2139.927037,1,0,1,0,1,0,372.443623,0,1,0,1,0,1,0,1,0,1,0,1,0,1,0,1,0,1,0,1,0,1,0,1,0,1,0,1,0,1,0,1,0,1,0,10.72905356,5.364526779,1890.216968,543.374648
2026-03-06,KLC,361050,3.0870,0.7885069077,52.8180579,187.4636521,91.74880846,0.3246793149,191.1897337,1,0,1,0,1,0,1,0,1,0,1,0,1,0,1,0,1,0,1,0,1,0,1,0,1,0,1,0,108.469654,0,1,0,1,0,1,0,1,0,1,0,1,0,0.958577025,0.4792885125,168.8796265,48.54728804
2026-03-06,TYC,2332150,36.9495,5.093245768,341.1705685,1210.894215,592.6380935,2.097218846,1234.962297,1,0,1,0,1,0,1,0,1,0,1,0,1,0,1,0,1,0,1,0,1,0,1,0,1,0,1,0,1,0,1,0,1,0,1,0,1,0,422.992141,5,1,0,6.191788973,3.095894487,1090.853403,313.5841512
2026-03-06,HCC,457320,6.5205,0.9987535771,66.90141044,237.4487671,116.2126162,0.4112514729,242.1683673,1,0,1,0,1,0,1,0,1,0,1,0,1,0,1,0,1,0,1,0,1,0,1,0,1,0,1,0,1,0,1,0,81.37377,0,1,0,1,0,1,0,1,0,1.214171015,0.6070855076,213.9095161,61.4918869
2026-03-06,HSQ,593210,9.6390,1.295527441,86.78077864,308.0052985,150.7445248,0.5334524758,314.1273008,1,0,1,0,1,0,1,0,1,0,1,0,1,0,1,0,1,0,1,0,1,0,1,0,98.919711,0,1,0,1,0,1,0,1,0,1,0,1,0,1,0,1,0,1.574954929,0.7874774643,277.4714949,79.76384639
2026-03-06,ILQ,448110,6.1110,0.9786396078,65.55407818,232.6667695,113.8722021,0.4029692503,237.2913214,1,0,1,0,1,0,1,0,1,0,1,0,1,0,1,0,1,0,1,0,1,0,1,0,1,0,104.82894,0,1,0,1,0,1,0,1,0,1,0,1,0,1,0,1.189718739,0.5948593694,209.6015772,60.25349742
2026-03-06,TCC,2854310,56.6055,6.233605184,417.5574321,1482.009076,725.3276319,2.566778605,1511.465916,1,0,579.140115,0,1,0,1,0,1,0,1,0,1,0,1,0,1,0,1,0,1,0,1,0,1,0,1,0,1,0,1,0,1,0,1,0,1,0,1,0,1,0,7.578108263,3.789054131,1335.091557,383.7945152
2026-03-06,MLQ,531090,10.4895,1.159861885,77.69323466,275.7514776,134.9587999,0.4775901879,281.2323935,1,0,1,0,1,0,1,0,1,0,1,0,1,0,1,0,122.402068,1,1,0,1,0,1,0,1,0,1,0,1,0,1,0,1,0,1,0,1,0,1,0,1,0,1.410028174,0.705014087,248.4151249,71.41110429
2026-03-06,CHQ,1224190,10.7415,2.673541812,179.0869362,635.6214602,311.0870346,1.100870158,648.2552559,1,0,1,0,1,0,1,0,259.531015,3,1,0,1,0,1,0,1,0,1,0,1,0,1,0,1,0,1,0,1,0,1,0,1,0,1,0,1,0,1,0,1,0,3.250188085,1.625094043,572.6097493,164.6062998
2026-03-06,NTQ,473460,2.8350,1.034002162,69.26253343,245.8289453,120.3140586,0.425765596,250.7151124,1,0,1,0,1,0,1,0,1,0,1,0,1,0,1,0,1,0,108.314004,0,1,0,1,0,1,0,1,0,1,0,1,0,1,0,1,0,1,0,1,0,1,0,1.257022236,0.6285111179,221.4589336,63.66209388
2026-03-06,YLQ,654120,3.2130,1.428550446,95.69131155,339.6308658,166.2227686,0.5882266541,346.3814669,1,0,1,0,1,0,1,0,1,0,1,0,1,0,1,0,1,0,1,0,105.861514,0,1,0,1,0,1,0,1,0,1,0,1,0,1,0,1,0,1,0,1,0,1.736669169,0.8683345847,305.9618925,87.95389019
2026-03-06,TNC,1857211,33.3900,4.056013578,271.6916719,964.2973458,471.9481964,1.670123238,983.4639982,1,0,1,0,589.060313,1,1,0,1,0,1,0,1,0,1,0,1,0,1,0,1,0,1,0,1,0,1,0,1,0,1,0,1,0,1,0,1,0,1,0,1,0,4.930840036,2.465420018,868.7026729,249.7231889
2026-03-06,KSC,2735462,45.8010,5.974049806,400.1711406,1420.301057,695.1263789,2.459902861,1448.531371,474.451602,2,1,0,1,0,1,0,1,0,1,0,1,0,1,0,1,0,1,0,1,0,1,0,1,0,1,0,1,0,1,0,1,0,1,0,1,0,1,0,1,0,7.262570353,3.631285176,1279.500903,367.8140469
2026-03-06,CYC,261900,3.7170,0.5719705279,38.31338974,135.9831892,66.55314482,0.2355172762,138.6860304,1,0,1,0,1,0,1,0,1,0,1,0,215.346395,0,1,0,1,0,1,0,1,0,1,0,1,0,1,0,1,0,1,0,1,0,1,0,1,0,1,0,1,0,0.6953367202,0.3476683601,122.502629,35.21544035
2026-03-06,CYQ,481230,3.6225,1.050971276,70.39920788,249.863269,122.2885448,0.4327528783,254.8296235,1,0,1,0,1,0,1,0,1,0,1,0,1,0,178.501206,1,1,0,1,0,1,0,1,0,1,0,1,0,1,0,1,0,1,0,1,0,1,0,1,0,1,0,1.277651355,0.6388256775,225.0933186,64.70685895
2026-03-06,PTQ,791244,7.4655,1.728019276,115.7512018,410.8281122,201.068257,0.711537349,418.9938504,1,0,1,0,1,0,1,0,1,0,1,0,1,0,1,0,1,0,1,0,1,0,108.904591,1,1,0,1,0,1,0,1,0,1,0,1,0,1,0,1,0,1,0,2.100729316,1.050364658,370.1010697,106.391775
2026-03-06,HLQ,315240,2.2365,0.6884612036,46.11650623,163.6782764,80.10772575,0.283484025,166.931593,1,0,1,0,1,0,1,0,1,0,1,0,1,0,1,0,1,0,1,0,1,0,1,0,1,0,1,0,1,0,1,0,1,0,50.685688,0,1,0,1,0,1,0,0.8369528358,0.4184764179,147.4521907,42.38761136
2026-03-06,TTQ,210140,0.8190,0.4589304572,30.74141168,109.1084665,53.40006816,0.1889713647,111.2771379,1,0,1,0,1,0,1,0,1,0,1,0,1,0,1,0,1,0,1,0,1,0,1,0,1,0,1,0,1,0,125.660878,0,1,0,1,0,1,0,1,0,1,0,0.5579154578,0.2789577289,98.29210557,28.25571835
2026-03-06,PHQ,107450,0.1575,0.2346629753,15.71887639,55.78997207,27.30483166,0.096625931,56.89886965,1,0,1,0,1,0,1,0,1,0,1,0,1,0,1,0,1,0,1,0,1,0,1,0,1,0,1,0,1,0,1,0,1,0,1,0,1,0,1,0,46.11561,0,0.2852765582,0.1426382791,50.25928782,14.4478773
2026-03-06,KMQ,143180,0.1801,0.3126946934,20.94582338,74.34163053,36.38441877,0.1287566384,75.81926624,1,0,1,0,1,0,1,0,1,0,1,0,1,0,1,0,1,0,1,0,1,0,1,0,1,0,1,0,1,0,1,0,1,0,1,0,43.331263,0,1,0,1,0,0.3801386468,0.1900693234,66.9718458,19.25218308
2026-03-06,MZQ,14130,0.0059,0.03085889103,2.06707979,7.336550073,3.590667951,0.01270660219,7.48237346,1,0,1,0,1,0,1,0,1,0,1,0,1,0,1,0,1,0,1,0,1,0,1,0,1,0,1,0,1,0,1,0,1,0,1,0,1,0,1,0,1,0,0.03751473027,0.01875736513,6.609248366,1.899939565
2026-03-07,TPC,2465110,20.8075,2.744590958,342.6748485,1262.300718,591.6768076,1.372295479,1450.833005,1,0,1,0,1,0,1,0,1,0,273.175101,0,1,0,1,0,1,0,1,0,1,0,1,0,1,0,1,0,1,0,1,0,1,0,1,0,1,0,1,0,1,0,6.650355014,2.111223814,1119.370866,339.8014729
2026-03-07,NTPC,4041120,44.2267,4.499280524,561.7559394,2069.322943,969.9514345,2.249640262,2378.388905,1,0,1,0,1,0,406.682625,1,1,0,1,0,1,0,1,0,1,0,1,0,1,0,1,0,1,0,1,0,1,0,1,0,1,0,1,0,1,0,1,0,1,0,10.90210281,3.460985019,1835.014257,557.0455388
2026-03-07,KLC,361050,2.8126,0.4019839137,50.18954694,184.8816785,86.6593829,0.2009919569,212.4948812,1,0,1,0,1,0,1,0,1,0,1,0,1,0,1,0,1,0,1,0,1,0,1,0,1,0,1,0,119.364212,0,1,0,1,0,1,0,1,0,1,0,1,0,0.9740379447,0.3092183952,163.9475931,49.7687007
2026-03-07,TYC,2332150,33.6651,2.596556666,324.1920839,1194.216331,559.7636888,1.298278333,1372.579801,1,0,1,0,1,0,1,0,1,0,1,0,1,0,1,0,1,0,1,0,1,0,1,0,1,0,1,0,1,0,1,0,1,0,1,0,1,0,420.342506,0,1,0,6.291656537,1.997351282,1058.99565,321.4736888
2026-03-07,HCC,457320,5.9409,0.5091684903,63.57203602,234.1783387,109.7661515,0.2545842451,269.1542973,1,0,1,0,1,0,1,0,1,0,1,0,1,0,1,0,1,0,1,0,1,0,1,0,1,0,1,0,1,0,1,0,74.26322,0,1,0,1,0,1,0,1,0,1.233754419,0.3916680694,207.6624104,63.03897578
2026-03-07,HSQ,593210,8.7822,0.6604649701,82.46209982,303.7630812,142.3825302,0.330232485,349.1319442,1,0,1,0,1,0,1,0,1,0,1,0,1,0,1,0,1,0,1,0,1,0,1,0,95.482439,0,1,0,1,0,1,0,1,0,1,0,1,0,1,0,1,0,1.600357428,0.508049977,269.3680978,81.7706438
2026-03-07,ILQ,448110,5.5678,0.4989143098,62.29175427,229.4622045,107.5555631,0.2494571549,263.7337798,1,0,1,0,1,0,1,0,1,0,1,0,1,0,1,0,1,0,1,0,1,0,1,0,1,0,114.597748,0,1,0,1,0,1,0,1,0,1,0,1,0,1,0,1.208907751,0.3837802383,203.4802824,61.76942936
2026-03-07,TCC,2854310,51.5739,3.177916368,396.7775259,1461.597074,685.0927661,1.588958184,1679.895483,1,0,535.379088,1,1,0,1,0,1,0,1,0,1,0,1,0,1,0,1,0,1,0,1,0,1,0,1,0,1,0,1,0,1,0,1,0,1,0,1,0,1,0,7.700335815,2.444551052,1296.100968,393.4504919
2026-03-07,MLQ,531090,9.5571,0.5913021375,73.82680095,271.9534985,127.4724599,0.2956510687,312.5714068,1,0,1,0,1,0,1,0,1,0,1,0,1,0,1,0,102.199222,1,1,0,1,0,1,0,1,0,1,0,1,0,1,0,1,0,1,0,1,0,1,0,1,0,1.432770564,0.454847798,241.1603025,73.2077531
2026-03-07,CHQ,1224190,9.7867,1.3629821,170.1746059,626.8669214,293.8306327,0.6814910502,720.4933072,1,0,1,0,1,0,1,0,228.467431,1,1,0,1,0,1,0,1,0,1,0,1,0,1,0,1,0,1,0,1,0,1,0,1,0,1,0,1,0,1,0,1,0,3.302610474,1.048447769,555.8870074,168.7476685
2026-03-07,NTQ,473460,2.5830,0.527138357,65.81565681,242.4430951,113.6400815,0.2635691785,278.6534453,1,0,1,0,1,0,1,0,1,0,1,0,1,0,1,0,1,0,95.136184,0,1,0,1,0,1,0,1,0,1,0,1,0,1,0,1,0,1,0,1,0,1,0,1.277296788,0.4054910438,214.9913514,65.2637835
2026-03-07,YLQ,654120,2.9274,0.7282806194,90.92919663,334.9530633,157.0021757,0.3641403097,384.9803397,1,0,1,0,1,0,1,0,1,0,1,0,1,0,1,0,1,0,1,0,96.071279,1,1,0,1,0,1,0,1,0,1,0,1,0,1,0,1,0,1,0,1,0,1.764679962,0.5602158611,297.0264495,90.16674284
2026-03-07,TNC,1857211,30.4220,2.067771628,258.1708313,951.0158896,445.768617,1.033885814,1093.055895,1,0,1,0,571.790473,2,1,0,1,0,1,0,1,0,1,0,1,0,1,0,1,0,1,0,1,0,1,0,1,0,1,0,1,0,1,0,1,0,1,0,1,0,5.010369714,1.59059356,843.3327056,256.0060335
2026-03-07,KSC,2735462,41.7298,3.045594019,380.2564699,1400.738972,656.5668158,1.522797009,1609.947854,571.617685,7,1,0,1,0,1,0,1,0,1,0,1,0,1,0,1,0,1,0,1,0,1,0,1,0,1,0,1,0,1,0,1,0,1,0,1,0,1,0,1,0,7.379708584,2.34276463,1242.133807,377.0679672
2026-03-07,CYC,261900,3.3866,0.2915928182,36.40670916,134.1102661,62.86135544,0.1457964091,154.1404497,1,0,1,0,1,0,1,0,1,0,1,0,226.532875,0,1,0,1,0,1,0,1,0,1,0,1,0,1,0,1,0,1,0,1,0,1,0,1,0,1,0,1,0,0.7065518286,0.2243021678,118.9250094,36.10143391
2026-03-07,CYQ,481230,3.3005,0.5357892779,66.89576422,246.4218533,115.5050404,0.267894639,283.2264552,1,0,1,0,1,0,1,0,1,0,1,0,1,0,136.915204,0,1,0,1,0,1,0,1,0,1,0,1,0,1,0,1,0,1,0,1,0,1,0,1,0,1,0,1.298258635,0.4121455984,218.5195963,66.33483406
2026-03-07,PTQ,791244,6.8019,0.8809510035,109.9907987,405.1696962,189.9147397,0.4404755018,465.6842535,1,0,1,0,1,0,1,0,1,0,1,0,1,0,1,0,1,0,1,0,1,0,100.12426,0,1,0,1,0,1,0,1,0,1,0,1,0,1,0,1,0,1,0,2.134612047,0.6776546181,359.2924785,109.0685108
2026-03-07,HLQ,315240,2.0377,0.3509802215,43.82150056,161.4239034,75.66404616,0.1754901107,185.5335448,1,0,1,0,1,0,1,0,1,0,1,0,1,0,1,0,1,0,1,0,1,0,1,0,1,0,1,0,1,0,1,0,1,0,52.362568,0,1,0,1,0,1,0,0.8504520751,0.2699847857,143.1459334,43.45405126
2026-03-07,TTQ,210140,0.7462,0.2339645468,29.21155351,107.6056943,50.43789703,0.1169822734,123.6772589,1,0,1,0,1,0,1,0,1,0,1,0,1,0,1,0,1,0,1,0,1,0,1,0,1,0,1,0,1,0,124.405023,0,1,0,1,0,1,0,1,0,1,0,0.5669140942,0.1799727283,95.42154055,28.96661062
2026-03-07,PHQ,107450,0.1435,0.119632105,14.93662046,55.02156585,25.79019718,0.05981605252,63.23937122,1,0,1,0,1,0,1,0,1,0,1,0,1,0,1,0,1,0,1,0,1,0,1,0,1,0,1,0,1,0,1,0,1,0,1,0,1,0,1,0,46.673979,0,0.289877793,0.09202469619,48.79149392,14.81137485
2026-03-07,KMQ,143180,0.1641,0.1594129809,19.90344642,73.31770869,34.3661278,0.07970649046,84.26815423,1,0,1,0,1,0,1,0,1,0,1,0,1,0,1,0,1,0,1,0,1,0,1,0,1,0,1,0,1,0,1,0,1,0,1,0,35.823672,0,1,0,1,0,0.3862699153,0.1226253699,65.01597115,19.73655329
2026-03-07,MZQ,14130,0.0054,0.01573198366,1.964210769,7.235502331,3.391488936,0.00786599183,8.316168594,1,0,1,0,1,0,1,0,1,0,1,0,1,0,1,0,1,0,1,0,1,0,1,0,1,0,1,0,1,0,1,0,1,0,1,0,1,0,1,0,1,0,0.03811980656,0.01210152589,6.416229028,1.947740592
2026-03-08,TPC,2465110,24.4325,6.333671442,573.6321776,1244.777561,605.1960293,3.483519293,1340.732683,1,0,1,0,1,0,1,0,1,0,254.278833,0,1,0,1,0,1,0,1,0,1,0,1,0,1,0,1,0,1,0,1,0,1,0,1,0,1,0,1,0,1,0,9.289384782,3.589080484,1192.102527,354.5800396
2026-03-08,NTPC,4041120,51.9317,10.38295506,940.3703955,2040.596767,992.113852,5.710625281,2197.898536,1,0,1,0,1,0,347.666707,1,1,0,1,0,1,0,1,0,1,0,1,0,1,0,1,0,1,0,1,0,1,0,1,0,1,0,1,0,1,0,1,0,1,0,15.22833408,5.883674532,1954.245191,581.2724339
2026-03-08,KLC,361050,3.3026,0.9276551855,84.01649327,182.3151658,88.63946289,0.510210352,196.3691418,1,0,1,0,1,0,1,0,1,0,1,0,1,0,1,0,1,0,1,0,1,0,1,0,1,0,1,0,98.115034,0,1,0,1,0,1,0,1,0,1,0,1,0,1.360560939,0.5256712718,174.6001668,51.93322947
2026-03-08,TYC,2332150,39.5301,5.992053845,542.6923274,1177.638316,572.5537277,3.295629615,1268.417931,1,0,1,0,1,0,1,0,1,0,1,0,1,0,1,0,1,0,1,0,1,0,1,0,1,0,1,0,1,0,1,0,1,0,1,0,1,0,420.557843,2,1,0,8.78834564,3.395497179,1127.804401,335.4551478
2026-03-08,HCC,457320,6.9759,1.175004208,106.4185645,230.9274937,112.2741979,0.6462523146,248.7288075,1,0,1,0,1,0,1,0,1,0,1,0,1,0,1,0,1,0,1,0,1,0,1,0,1,0,1,0,1,0,1,0,81.39305,0,1,0,1,0,1,0,1,0,1.723339506,0.6658357181,221.1553754,65.78065226
2026-03-08,HSQ,593210,10.3122,1.524149931,138.040227,299.5462664,145.6358282,0.838282462,322.6371379,1,0,1,0,1,0,1,0,1,0,1,0,1,0,1,0,1,0,1,0,1,0,1,0,90.684353,0,1,0,1,0,1,0,1,0,1,0,1,0,1,0,1,0,2.235419899,0.8636849609,286.8704195,85.32699364
2026-03-08,ILQ,448110,6.5378,1.151340715,104.2753934,226.2768285,110.0130999,0.6332373933,243.7196404,1,0,1,0,1,0,1,0,1,0,1,0,1,0,1,0,1,0,1,0,1,0,1,0,1,0,123.836201,0,1,0,1,0,1,0,1,0,1,0,1,0,1,0,1.688633049,0.6524264052,216.7015116,64.45589103
2026-03-08,TCC,2854310,60.5589,7.333653157,664.1991883,1441.307301,700.7464488,4.033509237,1552.412146,1,0,521.266539,0,1,0,1,0,1,0,1,0,1,0,1,0,1,0,1,0,1,0,1,0,1,0,1,0,1,0,1,0,1,0,1,0,1,0,1,0,1,0,10.75602463,4.155736789,1380.315752,410.5623493
2026-03-08,MLQ,531090,11.2221,1.364543394,123.5848758,268.1782617,130.3850778,0.7504988668,288.8510941,1,0,1,0,1,0,1,0,1,0,1,0,1,0,1,0,101.345376,0,1,0,1,0,1,0,1,0,1,0,1,0,1,0,1,0,1,0,1,0,1,0,1,0,2.001330311,0.7732412567,256.8298092,76.39168768
2026-03-08,CHQ,1224190,11.4917,3.145343308,284.8695497,618.1648049,300.544368,1.72993882,665.816756,1,0,1,0,1,0,1,0,259.060964,0,1,0,1,0,1,0,1,0,1,0,1,0,1,0,1,0,1,0,1,0,1,0,1,0,1,0,1,0,1,0,1,0,4.613170186,1.782361208,592.006033,176.0868029
2026-03-08,NTQ,473460,3.0330,1.216473131,110.1743496,239.0775194,116.2366434,0.6690602223,257.5070874,1,0,1,0,1,0,1,0,1,0,1,0,1,0,1,0,1,0,98.058603,1,1,0,1,0,1,0,1,0,1,0,1,0,1,0,1,0,1,0,1,0,1,0,1.784160593,0.6893347745,228.9605179,68.10222081
2026-03-08,YLQ,654120,3.4374,1.680647583,152.2140107,330.3032717,160.589518,0.9243561708,355.7650826,1,0,1,0,1,0,1,0,1,0,1,0,1,0,1,0,1,0,1,0,101.712405,0,1,0,1,0,1,0,1,0,1,0,1,0,1,0,1,0,1,0,1,0,2.464949789,0.9523669638,316.325886,94.08825387
2026-03-08,TNC,1857211,35.7220,4.77178068,432.1738139,937.8139631,455.9539829,2.624479374,1010.10644,1,0,1,0,551.495129,0,1,0,1,0,1,0,1,0,1,0,1,0,1,0,1,0,1,0,1,0,1,0,1,0,1,0,1,0,1,0,1,0,1,0,1,0,6.998611665,2.704009052,898.1286537,267.1401884
2026-03-08,KSC,2735462,48.9998,7.02829389,636.5432066,1381.294026,671.5687092,3.865561639,1487.772678,534.345977,1,1,0,1,0,1,0,1,0,1,0,1,0,1,0,1,0,1,0,1,0,1,0,1,0,1,0,1,0,1,0,1,0,1,0,1,0,1,0,1,0,10.30816437,3.982699871,1322.842048,393.4673196
2026-03-08,CYC,261900,3.9766,0.6729065035,60.94424481,132.2485581,64.29767437,0.3700985769,142.4430917,1,0,1,0,1,0,1,0,1,0,1,0,230.300643,0,1,0,1,0,1,0,1,0,1,0,1,0,1,0,1,0,1,0,1,0,1,0,1,0,1,0,1,0,0.9869295384,0.3813136853,126.6522191,37.67154909
2026-03-08,CYQ,481230,3.8755,1.236436795,111.982432,243.0010448,118.1442147,0.6800402374,261.7330623,1,0,1,0,1,0,1,0,1,0,1,0,1,0,146.064277,0,1,0,1,0,1,0,1,0,1,0,1,0,1,0,1,0,1,0,1,0,1,0,1,0,1,0,1.813440633,0.7006475173,232.7180121,69.21985325
2026-03-08,PTQ,791244,7.9869,2.032963854,184.1228257,399.5451628,194.254101,1.11813012,430.3445652,1,0,1,0,1,0,1,0,1,0,1,0,1,0,1,0,1,0,1,0,1,0,94.230654,2,1,0,1,0,1,0,1,0,1,0,1,0,1,0,1,0,1,0,2.98168032,1.152012851,382.6376801,113.8120931
2026-03-08,HLQ,315240,2.3927,0.8099543572,73.35648619,159.1830297,77.39289373,0.4454748965,171.4538382,1,0,1,0,1,0,1,0,1,0,1,0,1,0,1,0,1,0,1,0,1,0,1,0,1,0,1,0,1,0,1,0,1,0,48.378835,1,1,0,1,0,1,0,1.187933057,0.4589741358,152.4469093,45.34394476
2026-03-08,TTQ,210140,0.8762,0.5399181849,48.89967012,106.1119206,51.59035239,0.2969550017,114.2916811,1,0,1,0,1,0,1,0,1,0,1,0,1,0,1,0,1,0,1,0,1,0,1,0,1,0,1,0,1,0,125.850449,0,1,0,1,0,1,0,1,0,1,0,0.7918800046,0.3059536381,101.621601,30.22641972
2026-03-08,PHQ,107450,0.1685,0.2760740886,25.0036621,54.25776087,26.37947732,0.1518407487,58.44028332,1,0,1,0,1,0,1,0,1,0,1,0,1,0,1,0,1,0,1,0,1,0,1,0,1,0,1,0,1,0,1,0,1,0,1,0,1,0,1,0,43.92,0,0.4049086632,0.1564419835,51.9617447,15.45554773
2026-03-08,KMQ,143180,0.1927,0.3678761098,33.31804877,72.29991812,35.15135936,0.2023318604,77.87324118,1,0,1,0,1,0,1,0,1,0,1,0,1,0,1,0,1,0,1,0,1,0,1,0,1,0,1,0,1,0,1,0,1,0,1,0,46.796323,0,1,0,1,0,0.5395516278,0.2084631289,69.24041514,20.59493088
2026-03-08,MZQ,14130,0.0063,0.03630457768,3.288057194,7.135059666,3.468981057,0.01996751772,7.685074018,1,0,1,0,1,0,1,0,1,0,1,0,1,0,1,0,1,0,1,0,1,0,1,0,1,0,1,0,1,0,1,0,1,0,1,0,1,0,1,0,1,0,0.05324671393,0.02057259402,6.833126595,2.032451274
2026-03-09,TPC,2465110,23.8525,6.122549061,712.7502153,1240.871797,615.1261705,4.5391312,1281.512855,1,0,1,0,1,0,1,0,1,0,200.146503,0,1,0,1,0,1,0,1,0,1,0,1,0,1,0,1,0,1,0,1,0,1,0,1,0,1,0,1,0,1,0,8.339334066,1.47785667,1119.476427,337.9013715
2026-03-09,NTPC,4041120,50.6989,10.03685655,1168.430273,2034.193945,1008.392595,7.44111779,2100.817906,1,0,1,0,1,0,404.353121,0,1,0,1,0,1,0,1,0,1,0,1,0,1,0,1,0,1,0,1,0,1,0,1,0,1,0,1,0,1,0,1,0,1,0,13.67089082,2.422689513,1835.187306,553.9306523
2026-03-09,KLC,361050,3.2242,0.896733346,104.3922848,181.7431118,90.09387161,0.6648195496,187.6955659,1,0,1,0,1,0,1,0,1,0,1,0,1,0,1,0,1,0,1,0,1,0,1,0,1,0,1,0,82.843351,0,1,0,1,0,1,0,1,0,1,0,1,0,1.221412661,0.2164528766,163.963054,49.49040415
2026-03-09,TYC,2332150,38.5917,5.792318717,674.3067914,1173.943216,581.9482694,4.294305256,1212.392228,1,0,1,0,1,0,1,0,1,0,1,0,1,0,1,0,1,0,1,0,1,0,1,0,1,0,1,0,1,0,1,0,1,0,1,0,1,0,408.423473,2,1,0,7.889537563,1.398145897,1059.095517,319.6760726
2026-03-09,HCC,457320,6.8103,1.135837401,132.2273361,230.2029078,114.1164087,0.8420863493,237.7425182,1,0,1,0,1,0,1,0,1,0,1,0,1,0,1,0,1,0,1,0,1,0,1,0,1,0,1,0,1,0,1,0,88.131296,0,1,0,1,0,1,0,1,0,1.547088874,0.2741676486,207.6819938,62.68647452
2026-03-09,HSQ,593210,10.0674,1.473344933,171.5179263,298.606374,148.0254413,1.092307451,308.386336,1,0,1,0,1,0,1,0,1,0,1,0,1,0,1,0,1,0,1,0,1,0,1,0,126.865944,0,1,0,1,0,1,0,1,0,1,0,1,0,1,0,1,0,2.006797409,0.3556349839,269.3935003,81.31339882
2026-03-09,ILQ,448110,6.3826,1.112962691,129.5644004,225.5668351,111.8182102,0.8251275124,232.9546047,1,0,1,0,1,0,1,0,1,0,1,0,1,0,1,0,1,0,1,0,1,0,1,0,1,0,89.092291,0,1,0,1,0,1,0,1,0,1,0,1,0,1,0,1.515931941,0.2686461668,203.4994714,61.42402715
2026-03-09,TCC,2854310,59.1213,7.089198052,825.2816576,1436.784881,712.2443946,5.255784763,1483.842489,1,0,493.667776,2,1,0,1,0,1,0,1,0,1,0,1,0,1,0,1,0,1,0,1,0,1,0,1,0,1,0,1,0,1,0,1,0,1,0,1,0,1,0,9.655976657,1.711185737,1296.223196,391.2503959
2026-03-09,MLQ,531090,10.9557,1.319058614,153.556844,267.3367933,132.5244544,0.9779227658,276.0926134,1,0,1,0,1,0,1,0,1,0,1,0,1,0,1,0,98.871487,1,1,0,1,0,1,0,1,0,1,0,1,0,1,0,1,0,1,0,1,0,1,0,1,0,1.796648802,0.3183934586,241.1830449,72.79839008
2026-03-09,CHQ,1224190,11.2189,3.040498531,353.9564912,616.2251765,305.4757421,2.254162704,636.4077961,1,0,1,0,1,0,1,0,264.944575,0,1,0,1,0,1,0,1,0,1,0,1,0,1,0,1,0,1,0,1,0,1,0,1,0,1,0,1,0,1,0,1,0,4.141368689,0.7339134386,555.9394298,167.8040655
2026-03-09,NTQ,473460,2.9610,1.175924027,136.8939791,238.327361,118.1438705,0.8718057442,246.1330636,1,0,1,0,1,0,1,0,1,0,1,0,1,0,1,0,1,0,233.014336,0,1,0,1,0,1,0,1,0,1,0,1,0,1,0,1,0,1,0,1,0,1,0,1.601689623,0.2838437307,215.011626,64.89884156
2026-03-09,YLQ,654120,3.3558,1.624625997,189.1291548,329.2668723,163.2244933,1.204464101,340.0510277,1,0,1,0,1,0,1,0,1,0,1,0,1,0,1,0,1,0,1,0,169.52405,0,1,0,1,0,1,0,1,0,1,0,1,0,1,0,1,0,1,0,1,0,2.212852651,0.3921511028,297.0544603,89.66254857
2026-03-09,TNC,1857211,34.8740,4.612721324,536.9851812,934.871365,463.4353397,3.419776154,965.490291,1,0,1,0,515.916659,1,1,0,1,0,1,0,1,0,1,0,1,0,1,0,1,0,1,0,1,0,1,0,1,0,1,0,1,0,1,0,1,0,1,0,1,0,6.282844563,1.113415492,843.4122353,254.5744993
2026-03-09,KSC,2735462,47.8366,6.794017427,790.9185105,1376.959911,682.5879026,5.036943954,1422.05813,525.872887,5,1,0,1,0,1,0,1,0,1,0,1,0,1,0,1,0,1,0,1,0,1,0,1,0,1,0,1,0,1,0,1,0,1,0,1,0,1,0,1,0,9.253920288,1.639935241,1242.250945,374.959479
2026-03-09,CYC,261900,3.8822,0.6504762867,75.72452401,131.8335991,65.35267962,0.4822496608,136.1514159,1,0,1,0,1,0,1,0,1,0,1,0,205.123078,2,1,0,1,0,1,0,1,0,1,0,1,0,1,0,1,0,1,0,1,0,1,0,1,0,1,0,1,0,0.8859935629,0.1570115175,118.9362245,35.89956196
2026-03-09,CYQ,481230,3.7835,1.195222235,139.1405601,242.2385755,120.0827415,0.8861130366,250.1723782,1,0,1,0,1,0,1,0,1,0,1,0,1,0,136.938207,0,1,0,1,0,1,0,1,0,1,0,1,0,1,0,1,0,1,0,1,0,1,0,1,0,1,0,1.627975114,0.2885019189,218.5402036,65.96390302
2026-03-09,PTQ,791244,7.7973,1.965198392,228.7765379,398.2915018,197.4414495,1.456957429,411.3363532,1,0,1,0,1,0,1,0,1,0,1,0,1,0,1,0,1,0,1,0,1,0,188.981516,2,1,0,1,0,1,0,1,0,1,0,1,0,1,0,1,0,1,0,2.676735741,0.4743582327,359.3263612,108.4586216
2026-03-09,HLQ,315240,2.3359,0.7829558786,91.14699866,158.6835578,78.66276717,0.5804672893,163.8807649,1,0,1,0,1,0,1,0,1,0,1,0,1,0,1,0,1,0,1,0,1,0,1,0,1,0,1,0,1,0,1,0,1,0,88.682278,0,1,0,1,0,1,0,1.066439904,0.18898935,143.1594326,43.21106496
2026-03-09,TTQ,210140,0.8554,0.5219209121,60.75888307,105.7789711,52.43685412,0.3869413659,109.2434461,1,0,1,0,1,0,1,0,1,0,1,0,1,0,1,0,1,0,1,0,1,0,1,0,1,0,1,0,1,0,71.890942,0,1,0,1,0,1,0,1,0,1,0,0.7108922768,0.1259809098,95.43053919,28.80463517
2026-03-09,PHQ,107450,0.1645,0.266871619,31.06758345,54.08751519,26.81231548,0.1978530968,55.85899059,1,0,1,0,1,0,1,0,1,0,1,0,1,0,1,0,1,0,1,0,1,0,1,0,1,0,1,0,1,0,1,0,1,0,1,0,1,0,1,0,54.095567,0,0.36349755,0.06441728733,48.79609516,14.72855263
2026-03-09,KMQ,143180,0.1881,0.3556135728,41.39838621,72.07306119,35.72812779,0.2636445454,74.43359956,1,0,1,0,1,0,1,0,1,0,1,0,1,0,1,0,1,0,1,0,1,0,1,0,1,0,1,0,1,0,1,0,1,0,1,0,45.682421,0,1,0,1,0,0.4843702113,0.08583775896,65.02210241,19.62619046
2026-03-09,MZQ,14130,0.0062,0.03509442509,4.085481192,7.112671843,3.525900584,0.02601828067,7.345626217,1,0,1,0,1,0,1,0,1,0,1,0,1,0,1,0,1,0,1,0,1,0,1,0,1,0,1,0,1,0,1,0,1,0,1,0,1,0,1,0,1,0,0.04780102728,0.008471068125,6.416834105,1.936849219
2026-03-10,TPC,2465110,18.7050,4.5391312,389.1291617,1234.854809,644.8659247,1.794540242,1500.869009,1,0,1,0,1,0,1,0,1,0,206.10504,1,1,0,1,0,1,0,1,0,1,0,1,0,1,0,1,0,1,0,1,0,1,0,1,0,1,0,1,0,1,0,5.700304298,2.216785005,1132.460454,339.4847893
2026-03-10,NTPC,4041120,39.7578,7.44111779,637.9097233,2024.330138,1057.145761,2.941837266,2460.41425,1,0,1,0,1,0,422.904829,2,1,0,1,0,1,0,1,0,1,0,1,0,1,0,1,0,1,0,1,0,1,0,1,0,1,0,1,0,1,0,1,0,1,0,9.344659551,3.63403427,1856.472364,556.526391
2026-03-10,KLC,361050,2.5284,0.6648195496,56.99343389,180.8618393,94.44967654,0.2628356359,219.8233571,1,0,1,0,1,0,1,0,1,0,1,0,1,0,1,0,1,0,1,0,1,0,1,0,1,0,1,0,114.55418,0,1,0,1,0,1,0,1,0,1,0,1,0,0.8348896669,0.3246793149,165.8647472,49.72231794
2026-03-10,TYC,2332150,30.2634,4.294305256,368.1408028,1168.250765,610.0839583,1.697748589,1419.917026,1,0,1,0,1,0,1,0,1,0,1,0,1,0,1,0,1,0,1,0,1,0,1,0,1,0,1,0,1,0,1,0,1,0,1,0,1,0,425.441375,2,1,0,5.392848461,2.097218846,1071.379228,321.1740861
2026-03-10,HCC,457320,5.3406,0.8420863493,72.19010439,229.0866538,119.633641,0.332917859,278.4368306,1,0,1,0,1,0,1,0,1,0,1,0,1,0,1,0,1,0,1,0,1,0,1,0,1,0,1,0,1,0,1,0,72.050891,0,1,0,1,0,1,0,1,0,1.057503788,0.4112514729,210.0907525,62.98022557
2026-03-10,HSQ,593210,7.8948,1.092307451,93.64097748,297.1584315,155.1820873,0.4318424804,361.1727286,1,0,1,0,1,0,1,0,1,0,1,0,1,0,1,0,1,0,1,0,1,0,1,0,93.374935,4,1,0,1,0,1,0,1,0,1,0,1,0,1,0,1,0,1.371734938,0.5334524758,272.5180077,81.6944363
2026-03-10,ILQ,448110,5.0052,0.8251275124,70.73626274,224.4730614,117.2243306,0.3262132026,272.8293714,1,0,1,0,1,0,1,0,1,0,1,0,1,0,1,0,1,0,1,0,1,0,1,0,1,0,122.417751,0,1,0,1,0,1,0,1,0,1,0,1,0,1,0,1.036206644,0.4029692503,205.8597198,61.71186233
2026-03-10,TCC,2854310,46.3626,5.255784763,450.566205,1429.817911,746.679563,2.077868395,1737.831343,1,0,509.197828,5,1,0,1,0,1,0,1,0,1,0,1,0,1,0,1,0,1,0,1,0,1,0,1,0,1,0,1,0,1,0,1,0,1,0,1,0,1,0,6.600287842,2.566778605,1311.257185,393.0838092
2026-03-10,MLQ,531090,8.5914,0.9779227658,83.83504447,266.0404771,138.9316679,0.3866206283,323.3512996,1,0,1,0,1,0,1,0,1,0,1,0,1,0,1,0,90.915701,2,1,0,1,0,1,0,1,0,1,0,1,0,1,0,1,0,1,0,1,0,1,0,1,0,1.228089055,0.4775901879,243.9803589,73.13952593
2026-03-10,CHQ,1224190,8.7978,2.254162704,193.2441264,613.2371004,320.2447016,0.8911806041,745.3415193,1,0,1,0,1,0,1,0,270.307561,0,1,0,1,0,1,0,1,0,1,0,1,0,1,0,1,0,1,0,1,0,1,0,1,0,1,0,1,0,1,0,1,0,2.830808978,1.100870158,562.3873835,168.5904013
2026-03-10,NTQ,473460,2.3220,0.8718057442,74.737879,237.1717115,123.8558201,0.3446673872,288.2635831,1,0,1,0,1,0,1,0,1,0,1,0,1,0,1,0,1,0,85.662213,0,1,0,1,0,1,0,1,0,1,0,1,0,1,0,1,0,1,0,1,0,1,0,1.094825818,0.425765596,217.5053959,65.20295985
2026-03-10,YLQ,654120,2.6316,1.204464101,103.2559063,327.6702571,171.115974,0.4761834819,398.2574556,1,0,1,0,1,0,1,0,1,0,1,0,1,0,1,0,1,0,1,0,94.067452,0,1,0,1,0,1,0,1,0,1,0,1,0,1,0,1,0,1,0,1,0,1.512582825,0.5882266541,300.4997879,90.08271046
2026-03-10,TNC,1857211,27.3480,3.419776154,293.1694567,930.3381733,485.8412359,1.352004526,1130.752962,1,0,1,0,506.455528,1,1,0,1,0,1,0,1,0,1,0,1,0,1,0,1,0,1,0,1,0,1,0,1,0,1,0,1,0,1,0,1,0,1,0,1,0,4.294602612,1.670123238,853.1943857,255.7674445
2026-03-10,KSC,2735462,37.5132,5.036943954,431.8054914,1370.283032,715.5892566,1.991349935,1665.471375,505.519032,4,1,0,1,0,1,0,1,0,1,0,1,0,1,0,1,0,1,0,1,0,1,0,1,0,1,0,1,0,1,0,1,0,1,0,1,0,1,0,1,0,6.325464501,2.459902861,1256.658948,376.7165525
2026-03-10,CYC,261900,3.0444,0.4822496608,41.34214191,131.194338,68.5123121,0.1906568426,159.4564111,1,0,1,0,1,0,1,0,1,0,1,0,173.501984,0,1,0,1,0,1,0,1,0,1,0,1,0,1,0,1,0,1,0,1,0,1,0,1,0,1,0,1,0,0.6056158531,0.2355172762,120.3156828,36.06778859
2026-03-10,CYQ,481230,2.9670,0.8861130366,75.9644099,241.0639605,125.8884305,0.3503237586,292.9943059,1,0,1,0,1,0,1,0,1,0,1,0,1,0,139.98699,0,1,0,1,0,1,0,1,0,1,0,1,0,1,0,1,0,1,0,1,0,1,0,1,0,1,0,1.112793116,0.4327528783,221.074899,66.27301222
2026-03-10,PTQ,791244,6.1146,1.456957429,124.9015721,396.3601861,206.9872313,0.5760064254,481.744668,1,0,1,0,1,0,1,0,1,0,1,0,1,0,1,0,1,0,1,0,1,0,100.308473,1,1,0,1,0,1,0,1,0,1,0,1,0,1,0,1,0,1,0,1.829667469,0.711537349,363.4939371,108.9668626
2026-03-10,HLQ,315240,1.8318,0.5804672893,49.76211079,157.9141012,82.46590786,0.2294870679,191.9321842,1,0,1,0,1,0,1,0,1,0,1,0,1,0,1,0,1,0,1,0,1,0,1,0,1,0,1,0,1,0,1,0,1,0,49.302227,0,1,0,1,0,1,0,0.7289589215,0.283484025,144.8198391,43.41355355
2026-03-10,TTQ,210140,0.6708,0.3869413659,33.17158343,105.2660488,54.97203996,0.1529768191,127.9426126,1,0,1,0,1,0,1,0,1,0,1,0,1,0,1,0,1,0,1,0,1,0,1,0,1,0,1,0,1,0,122.862754,3,1,0,1,0,1,0,1,0,1,0,0.4859263665,0.1889713647,96.53737147,28.93961471
2026-03-10,PHQ,107450,0.1290,0.1978530968,16.96148587,53.8252448,28.10862137,0.07822099176,65.42035652,1,0,1,0,1,0,1,0,1,0,1,0,1,0,1,0,1,0,1,0,1,0,1,0,1,0,1,0,1,0,1,0,1,0,1,0,1,0,1,0,36.660245,0,0.2484666797,0.096625931,49.36204704,14.79757115
2026-03-10,KMQ,143180,0.1475,0.2636445454,22.60163375,71.72357888,37.45549006,0.1042315645,87.17437549,1,0,1,0,1,0,1,0,1,0,1,0,1,0,1,0,1,0,1,0,1,0,1,0,1,0,1,0,1,0,1,0,1,0,1,0,67.689605,0,1,0,1,0,0.3310884989,0.1287566384,65.77624844,19.71815949
2026-03-10,MZQ,14130,0.0048,0.02601828067,2.230486694,7.078182495,3.696368729,0.01028629701,8.602974757,1,0,1,0,1,0,1,0,1,0,1,0,1,0,1,0,1,0,1,0,1,0,1,0,1,0,1,0,1,0,1,0,1,0,1,0,1,0,1,0,1,0,0.03267411991,0.01270660219,6.491258489,1.945925364
2026-03-11,TPC,2465110,21.1700,6.439232633,501.5856094,1233.904758,615.4966903,1.688979051,1717.26945,1,0,1,0,1,0,1,0,1,0,206.911724,0,1,0,1,0,1,0,1,0,1,0,1,0,1,0,1,0,1,0,1,0,1,0,1,0,1,0,1,0,1,0,7.072599777,1.47785667,1131.404842,327.9786195
2026-03-11,NTPC,4041120,44.9972,10.55600431,822.2625513,2022.772694,1008.999998,2.768788015,2815.165214,1,0,1,0,1,0,376.03349,0,1,0,1,0,1,0,1,0,1,0,1,0,1,0,1,0,1,0,1,0,1,0,1,0,1,0,1,0,1,0,1,0,1,0,11.59429981,2.422689513,1854.741872,537.6640227
2026-03-11,KLC,361050,2.8616,0.9431161052,73.46426093,180.7226911,90.14813944,0.2473747161,251.5182426,1,0,1,0,1,0,1,0,1,0,1,0,1,0,1,0,1,0,1,0,1,0,1,0,1,0,1,0,99.003199,0,1,0,1,0,1,0,1,0,1,0,1,0,1.035881624,0.2164528766,165.710138,48.03707769
2026-03-11,TYC,2332150,34.2516,6.091921409,474.5317162,1167.351957,582.2988046,1.597881025,1624.645533,1,0,1,0,1,0,1,0,1,0,1,0,1,0,1,0,1,0,1,0,1,0,1,0,1,0,1,0,1,0,1,0,1,0,1,0,1,0,413.869045,7,1,0,6.691126794,1.398145897,1070.380552,310.2885216
2026-03-11,HCC,457320,6.0444,1.194587612,93.05269577,228.9104032,114.1851465,0.3133344556,318.5828077,1,0,1,0,1,0,1,0,1,0,1,0,1,0,1,0,1,0,1,0,1,0,1,0,1,0,1,0,1,0,1,0,185.212395,0,1,0,1,0,1,0,1,0,1.312088033,0.2741676486,209.8949184,60.84563459
2026-03-11,HSQ,593210,8.9352,1.54955243,120.7027676,296.9298091,148.1146041,0.4064399816,413.2478513,1,0,1,0,1,0,1,0,1,0,1,0,1,0,1,0,1,0,1,0,1,0,1,0,97.074203,0,1,0,1,0,1,0,1,0,1,0,1,0,1,0,1,0,1.701967423,0.3556349839,272.2639827,78.92556393
2026-03-11,ILQ,448110,5.6648,1.170529727,91.17870092,224.3003603,111.8855637,0.3070241907,312.1668459,1,0,1,0,1,0,1,0,1,0,1,0,1,0,1,0,1,0,1,0,1,0,1,0,1,0,119.861396,0,1,0,1,0,1,0,1,0,1,0,1,0,1,0,1.285663798,0.2686461668,205.6678297,59.62026003
2026-03-11,TCC,2854310,52.4724,7.45588071,580.7776613,1428.717863,712.6734134,1.955640842,1988.397826,1,0,471.23687,0,1,0,1,0,1,0,1,0,1,0,1,0,1,0,1,0,1,0,1,0,1,0,1,0,1,0,1,0,1,0,1,0,1,0,1,0,1,0,8.189246026,1.711185737,1310.034909,379.761006
2026-03-11,MLQ,531090,9.7236,1.387285784,108.0629673,265.8357956,132.6042802,0.3638782384,369.9731989,1,0,1,0,1,0,1,0,1,0,1,0,1,0,1,0,98.683651,0,1,0,1,0,1,0,1,0,1,0,1,0,1,0,1,0,1,0,1,0,1,0,1,0,1.523740123,0.3183934586,243.752935,70.66060543
2026-03-11,CHQ,1224190,9.9572,3.197765697,249.0907453,612.7652989,305.6597447,0.8387582156,852.8074157,1,0,1,0,1,0,1,0,390.202444,4,1,0,1,0,1,0,1,0,1,0,1,0,1,0,1,0,1,0,1,0,1,0,1,0,1,0,1,0,1,0,1,0,3.512300028,0.7339134386,561.8631597,162.876361
2026-03-11,NTQ,473460,2.6280,1.236747684,96.33676494,236.9892406,118.2150342,0.3243928351,329.826415,1,0,1,0,1,0,1,0,1,0,1,0,1,0,1,0,1,0,107.777583,1,1,0,1,0,1,0,1,0,1,0,1,0,1,0,1,0,1,0,1,0,1,0,1.358394997,0.2838437307,217.3026504,62.99303366
2026-03-11,YLQ,654120,2.9784,1.708658376,133.0963644,327.41816,163.3228112,0.4481726889,455.6795814,1,0,1,0,1,0,1,0,1,0,1,0,1,0,1,0,1,0,1,0,206.535271,0,1,0,1,0,1,0,1,0,1,0,1,0,1,0,1,0,1,0,1,0,1.876723135,0.3921511028,300.21968,87.02953402
2026-03-11,TNC,1857211,30.9520,4.851310358,377.8940133,929.6224062,463.7144889,1.272474848,1293.788802,1,0,1,0,426.17034,1,1,0,1,0,1,0,1,0,1,0,1,0,1,0,1,0,1,0,1,0,1,0,1,0,1,0,1,0,1,0,1,0,1,0,1,0,5.328488426,1.113415492,852.3990889,247.0987096
2026-03-11,KSC,2735462,42.4568,7.145432121,556.5951922,1369.228788,682.9990578,1.874211704,1905.60475,472.362697,1,1,0,1,0,1,0,1,0,1,0,1,0,1,0,1,0,1,0,1,0,1,0,1,0,1,0,1,0,1,0,1,0,1,0,1,0,1,0,1,0,7.84826151,1.639935241,1255.487565,363.9484853
2026-03-11,CYC,261900,3.4456,0.6841216119,53.28982118,131.093402,65.39204465,0.1794417343,182.4473833,1,0,1,0,1,0,1,0,1,0,1,0,167.545118,0,1,0,1,0,1,0,1,0,1,0,1,0,1,0,1,0,1,0,1,0,1,0,1,0,1,0,1,0,0.7514122622,0.1570115175,120.2035317,34.84534177
2026-03-11,CYQ,481230,3.3580,1.257044075,97.91775734,240.878495,120.1550731,0.3297164787,335.2392297,1,0,1,0,1,0,1,0,1,0,1,0,1,0,142.91566,0,1,0,1,0,1,0,1,0,1,0,1,0,1,0,1,0,1,0,1,0,1,0,1,0,1,0,1.380687755,0.2885019189,220.8688262,64.02681871
2026-03-11,PTQ,791244,6.9204,2.066846585,160.997523,396.0552415,197.5603779,0.5421236945,551.2042663,1,0,1,0,1,0,1,0,1,0,1,0,1,0,1,0,1,0,1,0,1,0,94.51608,7,1,0,1,0,1,0,1,0,1,0,1,0,1,0,1,0,1,0,2.270142971,0.4743582327,363.1551098,105.2736449
2026-03-11,HLQ,315240,2.0732,0.8234535965,64.14312039,157.792608,78.7101495,0.2159878286,219.6056247,1,0,1,0,1,0,1,0,1,0,1,0,1,0,1,0,1,0,1,0,1,0,1,0,1,0,1,0,1,0,1,0,1,0,42.99639,0,1,0,1,0,1,0,0.9044490322,0.18898935,144.6848467,41.94213646
2026-03-11,TTQ,210140,0.7592,0.5489168214,42.75801078,105.1850611,52.46843934,0.1439781827,146.3898172,1,0,1,0,1,0,1,0,1,0,1,0,1,0,1,0,1,0,1,0,1,0,1,0,1,0,1,0,1,0,103.611001,1,1,0,1,0,1,0,1,0,1,0,0.6029086399,0.1259809098,96.4473851,27.95876334
2026-03-11,PHQ,107450,0.1460,0.2806753234,21.86327333,53.78383369,26.82846582,0.07361975695,74.85288788,1,0,1,0,1,0,1,0,1,0,1,0,1,0,1,0,1,0,1,0,1,0,1,0,1,0,1,0,1,0,1,0,1,0,1,0,1,0,1,0,47.636344,0,0.3082827322,0.06441728733,49.31603469,14.29603655
2026-03-11,KMQ,143180,0.1670,0.3740073783,29.1333967,71.66839746,35.74964854,0.09810029596,99.74347591,1,0,1,0,1,0,1,0,1,0,1,0,1,0,1,0,1,0,1,0,1,0,1,0,1,0,1,0,1,0,1,0,1,0,1,0,33.424116,0,1,0,1,0,0.4107949893,0.08583775896,65.71493575,19.04985122
2026-03-11,MZQ,14130,0.0055,0.03690965397,2.875086572,7.072736808,3.528024402,0.009681220714,9.843381161,1,0,1,0,1,0,1,0,1,0,1,0,1,0,1,0,1,0,1,0,1,0,1,0,1,0,1,0,1,0,1,0,1,0,1,0,1,0,1,0,1,0,0.04054011174,0.008471068125,6.485207726,1.879972047
2026-03-12,TPC,2465110,21.8950,5.172498345,612.6507606,1232.004657,617.4168483,2.005662623,1771.000096,1,0,1,0,1,0,1,0,1,0,210.925084,3,1,0,1,0,1,0,1,0,1,0,1,0,1,0,1,0,1,0,1,0,1,0,1,0,1,0,1,0,1,0,6.01698787,1.266734288,1119.793111,320.8004586
2026-03-12,NTPC,4041120,46.5382,8.479413296,1004.33459,2019.657808,1012.147764,3.287935768,2903.247283,1,0,1,0,1,0,400.988314,7,1,0,1,0,1,0,1,0,1,0,1,0,1,0,1,0,1,0,1,0,1,0,1,0,1,0,1,0,1,0,1,0,1,0,9.863807304,2.076591011,1835.706454,525.8966736
2026-03-12,KLC,361050,2.9596,0.7575850681,89.73131305,180.4443945,90.42937357,0.2937574754,259.3878508,1,0,1,0,1,0,1,0,1,0,1,0,1,0,1,0,1,0,1,0,1,0,1,0,1,0,1,0,97.803495,0,1,0,1,0,1,0,1,0,1,0,1,0,0.8812724262,0.1855310371,164.0094368,46.98573514
2026-03-12,TYC,2332150,35.4246,4.89351064,579.6063751,1165.55434,584.1153956,1.897483718,1675.478123,1,0,1,0,1,0,1,0,1,0,1,0,1,0,1,0,1,0,1,0,1,0,1,0,1,0,1,0,1,0,1,0,1,0,1,0,1,0,425.13599,0,1,0,5.692451153,1.198410769,1059.39512,303.4975273
2026-03-12,HCC,457320,6.2514,0.9595867701,113.6571779,228.5579019,114.5413686,0.372084666,328.5507601,1,0,1,0,1,0,1,0,1,0,1,0,1,0,1,0,1,0,1,0,1,0,1,0,1,0,1,0,1,0,1,0,87.162984,0,1,0,1,0,1,0,1,0,1.116253998,0.2350008417,207.740744,59.51396315
2026-03-12,HSQ,593210,9.2412,1.244722444,147.4297527,296.4725641,148.5766755,0.4826474781,426.1777232,1,0,1,0,1,0,1,0,1,0,1,0,1,0,1,0,1,0,1,0,1,0,1,0,91.025275,0,1,0,1,0,1,0,1,0,1,0,1,0,1,0,1,0,1.447942434,0.3048299862,269.4697078,77.198194
2026-03-12,ILQ,448110,5.8588,0.9402615839,111.3682279,223.9549581,112.2346118,0.3645912264,321.9340529,1,0,1,0,1,0,1,0,1,0,1,0,1,0,1,0,1,0,1,0,1,0,1,0,1,0,111.09564,0,1,0,1,0,1,0,1,0,1,0,1,0,1,0,1.093773679,0.230268143,203.5570384,58.31540722
2026-03-12,TCC,2854310,54.2694,5.989150078,709.3781585,1426.517767,714.8967325,2.3223235,2050.61165,1,0,516.971968,0,1,0,1,0,1,0,1,0,1,0,1,0,1,0,1,0,1,0,1,0,1,0,1,0,1,0,1,0,1,0,1,0,1,0,1,0,1,0,6.966970499,1.466730631,1296.589878,371.4495324
2026-03-12,MLQ,531090,10.0566,1.114377105,131.9911454,265.4264326,133.0179643,0.4321054081,381.5490754,1,0,1,0,1,0,1,0,1,0,1,0,1,0,1,0,106.914848,0,1,0,1,0,1,0,1,0,1,0,1,0,1,0,1,0,1,0,1,0,1,0,1,0,1.296316224,0.2729086788,241.2512721,69.11412291
2026-03-12,CHQ,1224190,10.2982,2.568697035,304.2464371,611.8216959,306.6133079,0.996025381,879.4904114,1,0,1,0,1,0,1,0,316.384153,0,1,0,1,0,1,0,1,0,1,0,1,0,1,0,1,0,1,0,1,0,1,0,1,0,1,0,1,0,1,0,1,0,2.988076143,0.6290686617,556.0966969,159.3116386
2026-03-12,NTQ,473460,2.7180,0.9934530574,117.6684323,236.6242986,118.5838283,0.3852164916,340.1461621,1,0,1,0,1,0,1,0,1,0,1,0,1,0,1,0,1,0,101.699805,0,1,0,1,0,1,0,1,0,1,0,1,0,1,0,1,0,1,0,1,0,1,0,1.155649475,0.2432946263,215.0724496,61.61436411
2026-03-12,YLQ,654120,3.0804,1.37252886,162.5676402,326.9139657,163.8323275,0.532205068,469.9370751,1,0,1,0,1,0,1,0,1,0,1,0,1,0,1,0,1,0,1,0,116.773318,8,1,0,1,0,1,0,1,0,1,0,1,0,1,0,1,0,1,0,1,0,1.596615204,0.3361295166,297.1384927,85.12480009
2026-03-12,TNC,1857211,32.0120,3.896954222,461.5703687,928.190872,465.1611337,1.511063882,1334.269408,1,0,1,0,446.246939,0,1,0,1,0,1,0,1,0,1,0,1,0,1,0,1,0,1,0,1,0,1,0,1,0,1,0,1,0,1,0,1,0,1,0,1,0,4.533191646,0.9543561361,843.6508243,241.6906915
2026-03-12,KSC,2735462,43.9108,5.739773343,679.8410111,1367.1203,685.1298022,2.225626398,1965.22811,532.988407,4,1,0,1,0,1,0,1,0,1,0,1,0,1,0,1,0,1,0,1,0,1,0,1,0,1,0,1,0,1,0,1,0,1,0,1,0,1,0,1,0,6.676879195,1.405658778,1242.60236,355.9830855
2026-03-12,CYC,261900,3.5636,0.5495403112,65.08968532,130.89153,65.59604747,0.2130870594,188.1558735,1,0,1,0,1,0,1,0,1,0,1,0,168.026368,1,1,0,1,0,1,0,1,0,1,0,1,0,1,0,1,0,1,0,1,0,1,0,1,0,1,0,1,0,0.6392611783,0.1345813007,118.9698698,34.0827144
2026-03-12,CYQ,481230,3.4730,1.009756716,119.5995008,240.5075639,120.5299195,0.3915383185,345.7283352,1,0,1,0,1,0,1,0,1,0,1,0,1,0,156.227577,0,1,0,1,0,1,0,1,0,1,0,1,0,1,0,1,0,1,0,1,0,1,0,1,0,1,0,1.174614955,0.247287359,218.6020254,62.62552368
2026-03-12,PTQ,791244,7.1574,1.660253814,196.6468995,395.4453524,198.1767048,0.6437718872,568.4505764,1,0,1,0,1,0,1,0,1,0,1,0,1,0,1,0,1,0,1,0,1,0,96.568257,0,1,0,1,0,1,0,1,0,1,0,1,0,1,0,1,0,1,0,1.931315662,0.4065927708,359.4280094,102.9696192
2026-03-12,HLQ,315240,2.1442,0.6614627251,78.34621001,157.5496217,78.95570066,0.2564855464,226.4767375,1,0,1,0,1,0,1,0,1,0,1,0,1,0,1,0,1,0,1,0,1,0,1,0,1,0,1,0,1,0,1,0,1,0,42.581876,0,1,0,1,0,1,0,0.7694566393,0.1619908714,143.1999304,41.02418819
2026-03-12,TTQ,210140,0.7852,0.4409331844,52.2258361,105.0230856,52.63212453,0.1709740919,150.9701231,1,0,1,0,1,0,1,0,1,0,1,0,1,0,1,0,1,0,1,0,1,0,1,0,1,0,1,0,1,0,119.826226,0,1,0,1,0,1,0,1,0,1,0,0.5129222757,0.107983637,95.4575351,27.34685607
2026-03-12,PHQ,107450,0.1510,0.2254605057,26.70441653,53.70101146,26.91216228,0.08742346138,77.1949164,1,0,1,0,1,0,1,0,1,0,1,0,1,0,1,0,1,0,1,0,1,0,1,0,1,0,1,0,1,0,1,0,1,0,1,0,1,0,1,0,36.250086,0,0.2622703841,0.05521481771,48.80989886,13.98315259
2026-03-12,KMQ,143180,0.1727,0.3004321564,35.58434954,71.55803463,35.86117631,0.1164941014,102.8642916,1,0,1,0,1,0,1,0,1,0,1,0,1,0,1,0,1,0,1,0,1,0,1,0,1,0,1,0,1,0,1,0,1,0,1,0,53.594671,0,1,0,1,0,0.3494823043,0.07357522197,65.04049622,18.63292496
2026-03-12,MZQ,14130,0.0057,0.02964873844,3.511711545,7.061845435,3.53903074,0.0114964496,10.151365,1,0,1,0,1,0,1,0,1,0,1,0,1,0,1,0,1,0,1,0,1,0,1,0,1,0,1,0,1,0,1,0,1,0,1,0,1,0,1,0,1,0,0.03448934879,0.007260915536,6.418649334,1.838826859
2026-03-13,TPC,2465110,21.8225,5.172498345,556.1892465,1228.415576,605.7143347,3.377958103,1719.275113,1,0,1,0,1,0,1,0,1,0,183.056732,1,1,0,1,0,1,0,1,0,1,0,1,0,1,0,1,0,1,0,1,0,1,0,1,0,1,0,1,0,1,0,3.800202865,2.216785005,1173.946002,344.6572877
2026-03-13,NTPC,4041120,46.3841,8.479413296,911.7757373,2013.774133,992.9635239,5.53757603,2818.45315,1,0,1,0,1,0,411.030925,1,1,0,1,0,1,0,1,0,1,0,1,0,1,0,1,0,1,0,1,0,1,0,1,0,1,0,1,0,1,0,1,0,1,0,6.229773034,3.63403427,1924.48072,565.0058043
2026-03-13,KLC,361050,2.9498,0.7575850681,81.46173089,179.9187232,88.71537601,0.4947494323,251.8120001,1,0,1,0,1,0,1,0,1,0,1,0,1,0,1,0,1,0,1,0,1,0,1,0,1,0,1,0,110.341187,0,1,0,1,0,1,0,1,0,1,0,1,0,0.5565931113,0.3246793149,171.9408886,50.47990301
2026-03-13,TYC,2332150,35.3073,4.89351064,526.1902111,1162.158843,573.0440774,3.195762051,1626.543016,1,0,1,0,1,0,1,0,1,0,1,0,1,0,1,0,1,0,1,0,1,0,1,0,1,0,1,0,1,0,1,0,1,0,1,0,1,0,432.723365,0,1,0,3.595232307,2.097218846,1110.62718,326.0675967
2026-03-13,HCC,457320,6.2307,0.9595867701,103.1826029,227.8920662,112.3703525,0.6266689111,318.9548924,1,0,1,0,1,0,1,0,1,0,1,0,1,0,1,0,1,0,1,0,1,0,1,0,1,0,1,0,1,0,1,0,78.82578,0,1,0,1,0,1,0,1,0,0.705002525,0.4112514729,217.78703,63.93981234
2026-03-13,HSQ,593210,9.2106,1.244722444,133.8427181,295.6088791,145.7605545,0.8128799632,413.7304988,1,0,1,0,1,0,1,0,1,0,1,0,1,0,1,0,1,0,1,0,1,0,1,0,104.997158,1,1,0,1,0,1,0,1,0,1,0,1,0,1,0,1,0,0.9144899586,0.5334524758,282.5011897,82.93915874
2026-03-13,ILQ,448110,5.8394,0.9402615839,101.1046011,223.3025317,110.1073179,0.6140483814,312.5314371,1,0,1,0,1,0,1,0,1,0,1,0,1,0,1,0,1,0,1,0,1,0,1,0,1,0,93.805498,0,1,0,1,0,1,0,1,0,1,0,1,0,1,0,0.690804429,0.4029692503,213.4010015,62.65212391
2026-03-13,TCC,2854310,54.0897,5.989150078,644.0023075,1422.36203,701.346586,3.911281684,1990.72015,1,0,508.842526,4,1,0,1,0,1,0,1,0,1,0,1,0,1,0,1,0,1,0,1,0,1,0,1,0,1,0,1,0,1,0,1,0,1,0,1,0,1,0,4.400191894,2.566778605,1359.292613,399.0729593
2026-03-13,MLQ,531090,10.0233,1.114377105,119.8269233,264.6531913,130.496743,0.7277564769,370.4053043,1,0,1,0,1,0,1,0,1,0,1,0,1,0,1,0,99.277763,1,1,0,1,0,1,0,1,0,1,0,1,0,1,0,1,0,1,0,1,0,1,0,1,0,0.8187260365,0.4775901879,252.9181181,74.25390303
2026-03-13,CHQ,1224190,10.2641,2.568697035,276.2072742,610.0393347,300.801762,1.677516431,853.8034411,1,0,1,0,1,0,1,0,310.198919,5,1,0,1,0,1,0,1,0,1,0,1,0,1,0,1,0,1,0,1,0,1,0,1,0,1,0,1,0,1,0,1,0,1.887205985,1.100870158,582.9893822,171.1590984
2026-03-13,NTQ,473460,2.7090,0.9934530574,106.8241825,235.9349638,116.3361915,0.6487856701,330.2116315,1,0,1,0,1,0,1,0,1,0,1,0,1,0,1,0,1,0,105.248143,0,1,0,1,0,1,0,1,0,1,0,1,0,1,0,1,0,1,0,1,0,1,0,0.7298838789,0.425765596,225.4732949,66.1964129
2026-03-13,YLQ,654120,3.0702,1.37252886,147.5855073,325.9615988,160.727051,0.8963453777,456.2117865,1,0,1,0,1,0,1,0,1,0,1,0,1,0,1,0,1,0,1,0,117.664538,1,1,0,1,0,1,0,1,0,1,0,1,0,1,0,1,0,1,0,1,0,1.00838855,0.5882266541,311.5080296,91.45523932
2026-03-13,TNC,1857211,31.9060,3.896954222,419.0323299,925.486863,456.3444736,2.544949696,1295.299866,1,0,1,0,466.275721,1,1,0,1,0,1,0,1,0,1,0,1,0,1,0,1,0,1,0,1,0,1,0,1,0,1,0,1,0,1,0,1,0,1,0,1,0,2.863068408,1.670123238,884.4495491,259.6643987
2026-03-13,KSC,2735462,43.7654,5.739773343,617.1872852,1363.1376,672.1438579,3.748423408,1907.830376,483.074935,0,1,0,1,0,1,0,1,0,1,0,1,0,1,0,1,0,1,0,1,0,1,0,1,0,1,0,1,0,1,0,1,0,1,0,1,0,1,0,1,0,4.216976334,2.459902861,1302.694273,382.4563258
2026-03-13,CYC,261900,3.5518,0.5495403112,59.0910603,130.5102163,64.35274055,0.3588834685,182.6604704,1,0,1,0,1,0,1,0,1,0,1,0,167.154473,0,1,0,1,0,1,0,1,0,1,0,1,0,1,0,1,0,1,0,1,0,1,0,1,0,1,0,1,0,0.4037439021,0.2355172762,124.7232204,36.6173289
2026-03-13,CYQ,481230,3.4615,1.009756716,108.577285,239.8069164,118.2453965,0.6594329574,335.6307681,1,0,1,0,1,0,1,0,1,0,1,0,1,0,200.780378,1,1,0,1,0,1,0,1,0,1,0,1,0,1,0,1,0,1,0,1,0,1,0,1,0,1,0,0.7418620771,0.4327528783,229.17356,67.28276894
2026-03-13,PTQ,791244,7.1337,1.660253814,178.5240432,394.2933395,194.4204652,1.084247389,551.8480382,1,0,1,0,1,0,1,0,1,0,1,0,1,0,1,0,1,0,1,0,1,0,132.714274,0,1,0,1,0,1,0,1,0,1,0,1,0,1,0,1,0,1,0,1.219778313,0.711537349,376.8098504,110.6271164
2026-03-13,HLQ,315240,2.1371,0.6614627251,71.12587189,157.0906476,77.459175,0.4319756572,219.8621103,1,0,1,0,1,0,1,0,1,0,1,0,1,0,1,0,1,0,1,0,1,0,1,0,1,0,1,0,1,0,1,0,1,0,66.90173,0,1,0,1,0,1,0,0.4859726143,0.283484025,150.1250401,44.07501627
2026-03-13,TTQ,210140,0.7826,0.4409331844,47.41273544,104.717132,51.6345357,0.2879563653,146.5607913,1,0,1,0,1,0,1,0,1,0,1,0,1,0,1,0,1,0,1,0,1,0,1,0,1,0,1,0,1,0,93.431899,0,1,0,1,0,1,0,1,0,1,0,0.323950911,0.1889713647,100.0738356,29.3805479
2026-03-13,PHQ,107450,0.1505,0.2254605057,24.24335406,53.54456948,26.40206939,0.1472395139,74.94031134,1,0,1,0,1,0,1,0,1,0,1,0,1,0,1,0,1,0,1,0,1,0,1,0,1,0,1,0,1,0,1,0,1,0,1,0,1,0,1,0,28.12,0,0.1656444531,0.096625931,51.17033232,15.02303165
2026-03-13,KMQ,143180,0.1721,0.3004321564,32.30491796,71.3495715,35.18146389,0.1962005919,99.85997002,1,0,1,0,1,0,1,0,1,0,1,0,1,0,1,0,1,0,1,0,1,0,1,0,1,0,1,0,1,0,1,0,1,0,1,0,32.359488,0,1,0,1,0,0.2207256659,0.1287566384,68.18583696,20.01859164
2026-03-13,MZQ,14130,0.0056,0.02964873844,3.188074387,7.041272841,3.471951982,0.01936244143,9.854877611,1,0,1,0,1,0,1,0,1,0,1,0,1,0,1,0,1,0,1,0,1,0,1,0,1,0,1,0,1,0,1,0,1,0,1,0,1,0,1,0,1,0,0.02178274661,0.01270660219,6.729053473,1.975574102
2026-03-14,TPC,2465110,23.2725,7.600405731,401.3183124,1222.609711,627.6837297,4.116886438,1656.571766,1,0,1,0,1,0,1,0,1,0,235.175322,1,1,0,1,0,1,0,1,0,1,0,1,0,1,0,1,0,1,0,1,0,1,0,1,0,1,0,1,0,1,0,7.072599777,2.744590958,1122.221018,337.3735655
2026-03-14,NTPC,4041120,49.4661,12.45954607,657.8917203,2004.256424,1028.978534,6.748920787,2715.661895,1,0,1,0,1,0,526.839217,1,1,0,1,0,1,0,1,0,1,0,1,0,1,0,1,0,1,0,1,0,1,0,1,0,1,0,1,0,1,0,1,0,1,0,11.59429981,4.499280524,1839.686587,553.065406
2026-03-14,KLC,361050,3.1458,1.113186223,58.7787063,179.0683726,91.93310263,0.6029758706,242.6282138,1,0,1,0,1,0,1,0,1,0,1,0,1,0,1,0,1,0,1,0,1,0,1,0,1,0,1,0,88.758552,3,1,0,1,0,1,0,1,0,1,0,1,0,1.035881624,0.4019839137,164.3650379,49.41309955
2026-03-14,TYC,2332150,37.6533,7.190464614,379.6725104,1156.666127,593.8285149,3.894834999,1567.221683,1,0,1,0,1,0,1,0,1,0,1,0,1,0,1,0,1,0,1,0,1,0,1,0,1,0,1,0,1,0,1,0,1,0,1,0,1,0,416.016322,0,1,0,6.691126794,2.596556666,1061.692074,319.1767348
2026-03-14,HCC,457320,6.6447,1.41000505,74.45139999,226.814979,116.4460504,0.7637527354,307.3223507,1,0,1,0,1,0,1,0,1,0,1,0,1,0,1,0,1,0,1,0,1,0,1,0,1,0,1,0,1,0,1,0,80.913546,0,1,0,1,0,1,0,1,0,1.312088033,0.5091684903,208.1911623,62.5885575
2026-03-14,HSQ,593210,9.8226,1.828979917,96.57420403,294.2117417,151.0473226,0.9906974551,398.6414144,1,0,1,0,1,0,1,0,1,0,1,0,1,0,1,0,1,0,1,0,1,0,1,0,105.006602,1,1,0,1,0,1,0,1,0,1,0,1,0,1,0,1,0,1.701967423,0.6604649701,270.0539653,81.18638632
2026-03-14,ILQ,448110,6.2274,1.381608858,72.95201795,222.247136,114.1009351,0.7483714648,301.133164,1,0,1,0,1,0,1,0,1,0,1,0,1,0,1,0,1,0,1,0,1,0,1,0,1,0,104.476432,1,1,0,1,0,1,0,1,0,1,0,1,0,1,0,1.285663798,0.4989143098,203.9983857,61.32808209
2026-03-14,TCC,2854310,57.6837,8.800383789,464.6798205,1415.639514,726.7845843,4.766874552,1918.116983,1,0,581.024898,2,1,0,1,0,1,0,1,0,1,0,1,0,1,0,1,0,1,0,1,0,1,0,1,0,1,0,1,0,1,0,1,0,1,0,1,0,1,0,8.189246026,3.177916368,1299.401112,390.6392582
2026-03-14,MLQ,531090,10.6893,1.637452073,86.46110824,263.4023598,135.2298891,0.8869532062,356.8963247,1,0,1,0,1,0,1,0,1,0,1,0,1,0,1,0,133.197158,2,1,0,1,0,1,0,1,0,1,0,1,0,1,0,1,0,1,0,1,0,1,0,1,0,1.523740123,0.5913021375,241.7743471,72.68467813
2026-03-14,CHQ,1224190,10.9461,3.77441197,199.2973396,607.1561033,311.7119094,2.04447315,822.6645423,1,0,1,0,1,0,1,0,288.694628,0,1,0,1,0,1,0,1,0,1,0,1,0,1,0,1,0,1,0,1,0,1,0,1,0,1,0,1,0,1,0,1,0,3.512300028,1.3629821,557.3024119,167.5419536
2026-03-14,NTQ,473460,2.8890,1.459767758,77.07898154,234.8198635,120.5557313,0.7907075355,318.1685475,1,0,1,0,1,0,1,0,1,0,1,0,1,0,1,0,1,0,149.869735,0,1,0,1,0,1,0,1,0,1,0,1,0,1,0,1,0,1,0,1,0,1,0,1.358394997,0.527138357,215.5387643,64.7974688
2026-03-14,YLQ,654120,3.2742,2.0167771,106.4903126,324.4210051,166.5566572,1.092420929,439.5733754,1,0,1,0,1,0,1,0,1,0,1,0,1,0,1,0,1,0,1,0,149.988194,0,1,0,1,0,1,0,1,0,1,0,1,0,1,0,1,0,1,0,1,0,1.876723135,0.7282806194,297.782741,89.5224946
2026-03-14,TNC,1857211,34.0260,5.726136817,302.3527487,921.1127307,472.8961902,3.101657442,1248.059237,1,0,1,0,759.631518,0,1,0,1,0,1,0,1,0,1,0,1,0,1,0,1,0,1,0,1,0,1,0,1,0,1,0,1,0,1,0,1,0,1,0,1,0,5.328488426,2.067771628,845.4800069,254.1768509
2026-03-14,KSC,2735462,46.6734,8.433952668,445.331443,1356.694997,696.5226666,4.568391028,1838.250267,625.443189,3,1,0,1,0,1,0,1,0,1,0,1,0,1,0,1,0,1,0,1,0,1,0,1,0,1,0,1,0,1,0,1,0,1,0,1,0,1,0,1,0,7.84826151,3.045594019,1245.296539,374.3737879
2026-03-14,CYC,261900,3.7878,0.8074878042,42.63715048,129.8933854,66.68682891,0.4373892273,175.998696,1,0,1,0,1,0,1,0,1,0,1,0,265.369291,0,1,0,1,0,1,0,1,0,1,0,1,0,1,0,1,0,1,0,1,0,1,0,1,0,1,0,1,0,0.7514122622,0.2915928182,119.2278173,35.84348642
2026-03-14,CYQ,481230,3.6915,1.483724154,78.34393251,238.673516,122.5341836,0.8036839169,323.3900438,1,0,1,0,1,0,1,0,1,0,1,0,1,0,166.57505,1,1,0,1,0,1,0,1,0,1,0,1,0,1,0,1,0,1,0,1,0,1,0,1,0,1,0,1.380687755,0.5357892779,219.0759928,65.86086662
2026-03-14,PTQ,791244,7.6077,2.439556625,128.814011,392.4297893,201.4721392,1.321426505,531.7216961,1,0,1,0,1,0,1,0,1,0,1,0,1,0,1,0,1,0,1,0,1,0,154.345356,0,1,0,1,0,1,0,1,0,1,0,1,0,1,0,1,0,1,0,2.270142971,0.8809510035,360.2073122,108.289208
2026-03-14,HLQ,315240,2.2791,0.9719452286,51.32086795,156.3481894,80.26863668,0.5264703322,211.8435621,1,0,1,0,1,0,1,0,1,0,1,0,1,0,1,0,1,0,1,0,1,0,1,0,1,0,1,0,1,0,1,0,1,0,50.217884,1,1,0,1,0,1,0,0.9044490322,0.3509802215,143.5104129,43.14356876
2026-03-14,TTQ,210140,0.8346,0.6479018219,34.21065598,104.222207,53.50733191,0.3509468202,141.2156013,1,0,1,0,1,0,1,0,1,0,1,0,1,0,1,0,1,0,1,0,1,0,1,0,1,0,1,0,1,0,82.556295,0,1,0,1,0,1,0,1,0,1,0,0.6029086399,0.2339645468,95.66450374,28.75964198
2026-03-14,PHQ,107450,0.1605,0.3312889063,17.49279045,53.29150156,27.35967838,0.1794481576,72.20717787,1,0,1,0,1,0,1,0,1,0,1,0,1,0,1,0,1,0,1,0,1,0,1,0,1,0,1,0,1,0,1,0,1,0,1,0,1,0,1,0,44.717312,0,0.3082827322,0.119632105,48.91572726,14.70554645
2026-03-14,KMQ,143180,0.1835,0.4414513318,23.30961132,71.01235174,36.45750349,0.2391194714,96.21799653,1,0,1,0,1,0,1,0,1,0,1,0,1,0,1,0,1,0,1,0,1,0,1,0,1,0,1,0,1,0,1,0,1,0,1,0,51.717679,0,1,0,1,0,0.4107949893,0.1594129809,65.18151539,19.59553412
2026-03-14,MZQ,14130,0.0060,0.04356549321,2.300354854,7.007993645,3.59788046,0.02359797549,9.495462292,1,0,1,0,1,0,1,0,1,0,1,0,1,0,1,0,1,0,1,0,1,0,1,0,1,0,1,0,1,0,1,0,1,0,1,0,1,0,1,0,1,0,0.04054011174,0.01573198366,6.432566088,1.933823838
2026-03-15,TPC,2465110,23.7800,8.022650494,626.059143,1221.554099,566.711586,2.111223814,1386.018434,1,0,1,0,1,0,1,0,1,0,207.365116,0,1,0,1,0,1,0,1,0,1,0,1,0,1,0,1,0,1,0,1,0,1,0,1,0,1,0,1,0,1,0,7.072599777,2.533468577,1184.607682,351.0965203
2026-03-15,NTPC,4041120,50.5448,13.15174307,1026.315306,2002.525932,929.0252866,3.460985019,2272.136665,1,0,1,0,1,0,416.134797,1,1,0,1,0,1,0,1,0,1,0,1,0,1,0,1,0,1,0,1,0,1,0,1,0,1,0,1,0,1,0,1,0,1,0,11.59429981,4.153182023,1941.958694,575.5618086
2026-03-15,KLC,361050,3.2144,1.175029902,91.69515907,178.9137634,83.00287538,0.3092183952,203.0018764,1,0,1,0,1,0,1,0,1,0,1,0,1,0,1,0,1,0,1,0,1,0,1,0,1,0,1,0,105.787355,0,1,0,1,0,1,0,1,0,1,0,1,0,1.035881624,0.3710620742,173.5024415,51.42301911
2026-03-15,TYC,2332150,38.4744,7.589934871,592.2915531,1155.667452,536.1450099,1.997351282,1311.261116,1,0,1,0,1,0,1,0,1,0,1,0,1,0,1,0,1,0,1,0,1,0,1,0,1,0,1,0,1,0,1,0,1,0,1,0,1,0,411.684519,2,1,0,6.691126794,2.396821538,1120.713804,332.1595182
2026-03-15,HCC,457320,6.7896,1.488338664,116.1446618,226.619145,105.1346765,0.3916680694,257.1300876,1,0,1,0,1,0,1,0,1,0,1,0,1,0,1,0,1,0,1,0,1,0,1,0,1,0,1,0,1,0,1,0,79.033692,0,1,0,1,0,1,0,1,0,1.312088033,0.4700016833,219.7649538,65.13439995
2026-03-15,HSQ,593210,10.0368,1.930589913,150.6563781,293.9577167,136.3748392,0.508049977,333.5348099,1,0,1,0,1,0,1,0,1,0,1,0,1,0,1,0,1,0,1,0,1,0,1,0,97.460171,0,1,0,1,0,1,0,1,0,1,0,1,0,1,0,1,0,1.701967423,0.6096599724,285.0668421,84.48871117
2026-03-15,ILQ,448110,6.3632,1.458364906,113.8056162,222.0552459,103.0173618,0.3837802383,251.9517265,1,0,1,0,1,0,1,0,1,0,1,0,1,0,1,0,1,0,1,0,1,0,1,0,1,0,112.03639,0,1,0,1,0,1,0,1,0,1,0,1,0,1,0,1.285663798,0.460536286,215.3390917,63.82265364
2026-03-15,TCC,2854310,58.9416,9.289293999,724.9035023,1414.417239,656.1859499,2.444551052,1604.847766,1,0,571.990454,5,1,0,1,0,1,0,1,0,1,0,1,0,1,0,1,0,1,0,1,0,1,0,1,0,1,0,1,0,1,0,1,0,1,0,1,0,1,0,8.189246026,2.933461263,1371.637596,406.52884
2026-03-15,MLQ,531090,10.9224,1.728421633,134.8798838,263.1749359,122.0938847,0.454847798,298.6075794,1,0,1,0,1,0,1,0,1,0,1,0,1,0,1,0,104.944058,2,1,0,1,0,1,0,1,0,1,0,1,0,1,0,1,0,1,0,1,0,1,0,1,0,1.523740123,0.5458173577,255.2150995,75.64118882
2026-03-15,CHQ,1224190,11.1848,3.984101524,310.9051289,606.6318794,281.4327379,1.048447769,688.3059607,1,0,1,0,1,0,1,0,316.985534,1,1,0,1,0,1,0,1,0,1,0,1,0,1,0,1,0,1,0,1,0,1,0,1,0,1,0,1,0,1,0,1,0,3.512300028,1.258137323,588.2840435,174.3568641
2026-03-15,NTQ,473460,2.9520,1.540865967,120.2437059,234.617118,108.8451499,0.4054910438,266.2048703,1,0,1,0,1,0,1,0,1,0,1,0,1,0,1,0,1,0,107.448947,1,1,0,1,0,1,0,1,0,1,0,1,0,1,0,1,0,1,0,1,0,1,0,1.358394997,0.4865892526,227.5210247,67.43316059
2026-03-15,YLQ,654120,3.3456,2.128820272,166.1255711,324.1408972,150.3776232,0.5602158611,367.7817128,1,0,1,0,1,0,1,0,1,0,1,0,1,0,1,0,1,0,1,0,102.538587,1,1,0,1,0,1,0,1,0,1,0,1,0,1,0,1,0,1,0,1,0,1.876723135,0.6722590333,314.3371196,93.1638977
2026-03-15,TNC,1857211,34.7680,6.044255529,471.6722284,920.3174339,426.9598482,1.59059356,1044.224672,1,0,1,0,566.959271,1,1,0,1,0,1,0,1,0,1,0,1,0,1,0,1,0,1,0,1,0,1,0,1,0,1,0,1,0,1,0,1,0,1,0,1,0,5.328488426,1.908712272,892.4820466,264.5157091
2026-03-15,KSC,2735462,47.6912,8.902505594,694.7199092,1355.523615,628.8636241,2.34276463,1538.02498,451.153544,0,1,0,1,0,1,0,1,0,1,0,1,0,1,0,1,0,1,0,1,0,1,0,1,0,1,0,1,0,1,0,1,0,1,0,1,0,1,0,1,0,7.84826151,2.811317556,1314.525234,389.601758
2026-03-15,CYC,261900,3.8704,0.8523482377,66.51422839,129.7812343,60.2089823,0.2243021678,147.2543732,1,0,1,0,1,0,1,0,1,0,1,0,249.544148,0,1,0,1,0,1,0,1,0,1,0,1,0,1,0,1,0,1,0,1,0,1,0,1,0,1,0,1,0,0.7514122622,0.2691626014,125.8559464,37.30145051
2026-03-15,CYQ,481230,3.7720,1.566153274,122.2170375,238.4674432,110.6314187,0.4121455984,270.5735853,1,0,1,0,1,0,1,0,1,0,1,0,1,0,160.696394,2,1,0,1,0,1,0,1,0,1,0,1,0,1,0,1,0,1,0,1,0,1,0,1,0,1,0,1.380687755,0.4945747181,231.2548953,68.53981301
2026-03-15,PTQ,791244,7.7736,2.575087549,200.950684,392.090962,181.9014738,0.6776546181,444.8802568,1,0,1,0,1,0,1,0,1,0,1,0,1,0,1,0,1,0,1,0,1,0,107.199067,0,1,0,1,0,1,0,1,0,1,0,1,0,1,0,1,0,1,0,2.270142971,0.8131855417,380.2320062,112.693963
2026-03-15,HLQ,315240,2.3288,1.025942186,80.06088338,156.213197,72.47147607,0.2699847857,177.2450118,1,0,1,0,1,0,1,0,1,0,1,0,1,0,1,0,1,0,1,0,1,0,1,0,1,0,1,0,1,0,1,0,1,0,47.493337,0,1,0,1,0,1,0,0.9044490322,0.3239817429,151.4884633,44.89846987
2026-03-15,TTQ,210140,0.8528,0.6838963676,53.3688429,104.1322206,48.30971952,0.1799727283,118.1520961,1,0,1,0,1,0,1,0,1,0,1,0,1,0,1,0,1,0,1,0,1,0,1,0,1,0,1,0,1,0,127.056294,1,1,0,1,0,1,0,1,0,1,0,0.6029086399,0.215967274,100.9826979,29.92946472
2026-03-15,PHQ,107450,0.1640,0.3496938455,27.28886537,53.24548922,24.70200515,0.09202469619,60.41421305,1,0,1,0,1,0,1,0,1,0,1,0,1,0,1,0,1,0,1,0,1,0,1,0,1,0,1,0,1,0,1,0,1,0,1,0,1,0,1,0,44.874087,0,0.3082827322,0.1104296354,51.63505703,15.30370698
2026-03-15,KMQ,143180,0.1875,0.4659764058,36.36314327,70.95103905,32.9160828,0.1226253699,80.50355537,1,0,1,0,1,0,1,0,1,0,1,0,1,0,1,0,1,0,1,0,1,0,1,0,1,0,1,0,1,0,1,0,1,0,1,0,40.347454,0,1,0,1,0,0.4107949893,0.1471504439,68.80509508,20.39259902
2026-03-15,MZQ,14130,0.0061,0.04598579839,3.588568336,7.001942882,3.248388392,0.01210152589,7.944651749,1,0,1,0,1,0,1,0,1,0,1,0,1,0,1,0,1,0,1,0,1,0,1,0,1,0,1,0,1,0,1,0,1,0,1,0,1,0,1,0,1,0,0.04054011174,0.01452183107,6.790166178,2.012483756
2026-03-16,TPC,2465110,22.4750,5.278059535,891.9508926,1183.868754,625.2526555,2.850152149,1580.67327,1,0,1,0,1,0,1,0,1,0,220.706565,4,1,0,1,0,1,0,1,0,1,0,1,0,1,0,1,0,1,0,1,0,1,0,1,0,1,0,1,0,1,0,4.644692391,3.166835721,1184.185437,348.4574905
2026-03-16,NTPC,4041120,47.7710,8.652462547,1462.198681,1940.747349,1024.99321,4.672329775,2591.239484,1,0,1,0,1,0,398.642987,1,1,0,1,0,1,0,1,0,1,0,1,0,1,0,1,0,1,0,1,0,1,0,1,0,1,0,1,0,1,0,1,0,1,0,7.614167041,5.191477528,1941.266497,571.2355774
2026-03-16,KLC,361050,3.0380,0.7730459879,130.6387422,173.3942151,91.57703765,0.4174448335,231.5118125,1,0,1,0,1,0,1,0,1,0,1,0,1,0,1,0,1,0,1,0,1,0,1,0,1,0,1,0,122.440644,0,1,0,1,0,1,0,1,0,1,0,1,0,0.6802804693,0.4638275927,173.4405978,51.03649612
2026-03-16,TYC,2332150,36.3630,4.993378204,843.8419682,1120.014731,591.5285649,2.69642423,1495.416905,1,0,1,0,1,0,1,0,1,0,1,0,1,0,1,0,1,0,1,0,1,0,1,0,1,0,1,0,1,0,1,0,1,0,1,0,1,0,390.74925,1,1,0,4.39417282,2.996026923,1120.314334,329.662829
2026-03-16,HCC,457320,6.4170,0.9791701736,165.4721218,219.6278699,115.9950446,0.5287518938,293.2418836,1,0,1,0,1,0,1,0,1,0,1,0,1,0,1,0,1,0,1,0,1,0,1,0,1,0,1,0,1,0,1,0,77.401663,0,1,0,1,0,1,0,1,0,0.8616697528,0.5875021042,219.6866202,64.64481486
2026-03-16,HSQ,593210,9.4860,1.270124942,214.6412083,284.8890246,150.462303,0.6858674689,380.3770178,1,0,1,0,1,0,1,0,1,0,1,0,1,0,1,0,1,0,1,0,1,0,1,0,99.135994,0,1,0,1,0,1,0,1,0,1,0,1,0,1,0,1,0,1.117709949,0.7620749655,284.9652321,83.8536487
2026-03-16,ILQ,448110,6.0140,0.9594505959,162.139667,215.2047687,113.6590122,0.5181033218,287.3362644,1,0,1,0,1,0,1,0,1,0,1,0,1,0,1,0,1,0,1,0,1,0,1,0,1,0,101.798835,1,1,0,1,0,1,0,1,0,1,0,1,0,1,0,0.8443165244,0.5756703575,215.2623357,63.34292834
2026-03-16,TCC,2854310,55.7070,6.111377631,1032.775151,1370.782003,723.9696838,3.300143921,1830.235373,1,0,462.310577,4,1,0,1,0,1,0,1,0,1,0,1,0,1,0,1,0,1,0,1,0,1,0,1,0,1,0,1,0,1,0,1,0,1,0,1,0,1,0,5.378012315,3.666826579,1371.148685,403.4731512
2026-03-16,MLQ,531090,10.3230,1.137119495,192.1643251,255.0559028,134.7061319,0.6140445274,340.5445464,1,0,1,0,1,0,1,0,1,0,1,0,1,0,1,0,94.191689,0,1,0,1,0,1,0,1,0,1,0,1,0,1,0,1,0,1,0,1,0,1,0,1,0,1.000665156,0.6822716971,255.1241299,75.07262907
2026-03-16,CHQ,1224190,10.5710,2.621119424,442.9487379,587.9170867,310.5046218,1.415404489,784.972845,1,0,1,0,1,0,1,0,346.569693,0,1,0,1,0,1,0,1,0,1,0,1,0,1,0,1,0,1,0,1,0,1,0,1,0,1,0,1,0,1,0,1,0,2.306585093,1.572671654,588.0743539,173.0463044
2026-03-16,NTQ,473460,2.7900,1.01372761,171.3120589,227.3791028,120.0888083,0.5474129092,303.5911445,1,0,1,0,1,0,1,0,1,0,1,0,1,0,1,0,1,0,125.284066,1,1,0,1,0,1,0,1,0,1,0,1,0,1,0,1,0,1,0,1,0,1,0,0.8920802964,0.6082365657,227.4399265,66.92629678
2026-03-16,YLQ,654120,3.1620,1.400539653,236.6802771,314.1410441,165.9115687,0.7562914125,419.4336152,1,0,1,0,1,0,1,0,1,0,1,0,1,0,1,0,1,0,1,0,100.544737,0,1,0,1,0,1,0,1,0,1,0,1,0,1,0,1,0,1,0,1,0,1.232474894,0.8403237916,314.2250765,92.46362787
2026-03-16,TNC,1857211,32.8600,3.9764839,671.9947626,891.9253389,471.0646217,2.147301306,1190.877398,1,0,1,0,448.957106,2,1,0,1,0,1,0,1,0,1,0,1,0,1,0,1,0,1,0,1,0,1,0,1,0,1,0,1,0,1,0,1,0,1,0,1,0,3.499305832,2.38589034,892.1639279,262.5274671
2026-03-16,KSC,2735462,45.0740,5.856911575,989.7723723,1313.705266,693.8249731,3.16273225,1754.027878,530.388287,2,1,0,1,0,1,0,1,0,1,0,1,0,1,0,1,0,1,0,1,0,1,0,1,0,1,0,1,0,1,0,1,0,1,0,1,0,1,0,1,0,5.154082186,3.514146945,1314.056681,386.6733022
2026-03-16,CYC,261900,3.6580,0.5607554196,94.76329201,125.7774406,66.42854496,0.3028079266,167.935033,1,0,1,0,1,0,1,0,1,0,1,0,276.153134,0,1,0,1,0,1,0,1,0,1,0,1,0,1,0,1,0,1,0,1,0,1,0,1,0,1,0,1,0,0.4934647692,0.3364532517,125.8110859,37.0210728
2026-03-16,CYQ,481230,3.5650,1.030363996,174.1234785,231.1106443,122.0595979,0.5563965578,308.5734095,1,0,1,0,1,0,1,0,1,0,1,0,1,0,140.337937,0,1,0,1,0,1,0,1,0,1,0,1,0,1,0,1,0,1,0,1,0,1,0,1,0,1,0,0.9067203165,0.6182183976,231.1724661,68.02463102
2026-03-16,PTQ,791244,7.3470,1.694136545,286.2958619,379.9948271,200.6918199,0.9148337344,507.3600126,1,0,1,0,1,0,1,0,1,0,1,0,1,0,1,0,1,0,1,0,1,0,138.941999,0,1,0,1,0,1,0,1,0,1,0,1,0,1,0,1,0,1,0,1.49084016,1.016481927,380.0964753,111.8468947
2026-03-16,HLQ,315240,2.2010,0.6749619643,114.0633073,151.3939686,79.9577492,0.3644794607,202.1376091,1,0,1,0,1,0,1,0,1,0,1,0,1,0,1,0,1,0,1,0,1,0,1,0,1,0,1,0,1,0,1,0,1,0,40.421072,0,1,0,1,0,1,0,0.5939665286,0.4049771786,151.4344663,44.56098889
2026-03-16,TTQ,210140,0.8060,0.4499318208,76.03496825,100.9197074,53.30009331,0.2429631832,134.7455817,1,0,1,0,1,0,1,0,1,0,1,0,1,0,1,0,1,0,1,0,1,0,1,0,1,0,1,0,1,0,78.054584,0,1,0,1,0,1,0,1,0,1,0,0.3959400023,0.2699590925,100.9467033,29.70449881
2026-03-16,PHQ,107450,0.1550,0.2300617405,38.87863966,51.60284839,27.25371194,0.1242333399,68.89889004,1,0,1,0,1,0,1,0,1,0,1,0,1,0,1,0,1,0,1,0,1,0,1,0,1,0,1,0,1,0,1,0,1,0,1,0,1,0,1,0,64.241147,1,0.2024543316,0.1380370443,51.61665209,15.18867611
2026-03-16,KMQ,143180,0.1772,0.3065634249,51.80682761,68.7621762,36.31630037,0.1655442494,91.80961448,1,0,1,0,1,0,1,0,1,0,1,0,1,0,1,0,1,0,1,0,1,0,1,0,1,0,1,0,1,0,1,0,1,0,1,0,48.310961,0,1,0,1,0,0.2697758139,0.1839380549,68.78057,20.23931731
2026-03-16,MZQ,14130,0.0058,0.03025381473,5.11265871,6.785930644,3.583945553,0.01633705996,9.060412436,1,0,1,0,1,0,1,0,1,0,1,0,1,0,1,0,1,0,1,0,1,0,1,0,1,0,1,0,1,0,1,0,1,0,1,0,1,0,1,0,1,0,0.02662335696,0.01815228884,6.787745873,1.997356849
2026-03-17,TPC,2465110,20.0100,5.383620726,517.283614,1161.912026,700.1208744,2.005662623,1976.211051,1,0,1,0,1,0,1,0,1,0,270.294746,0,1,0,1,0,1,0,1,0,1,0,1,0,1,0,1,0,1,0,1,0,1,0,1,0,1,0,1,0,1,0,5.700304298,2.111223814,1180.279673,414.0109899
2026-03-17,NTPC,4041120,42.5316,8.825511798,847.9967054,1904.753105,1147.72666,3.287935768,3239.655027,1,0,1,0,1,0,491.877229,2,1,0,1,0,1,0,1,0,1,0,1,0,1,0,1,0,1,0,1,0,1,0,1,0,1,0,1,0,1,0,1,0,1,0,9.344659551,3.460985019,1934.863675,678.6991622
2026-03-17,KLC,361050,2.7048,0.7885069077,75.76345431,170.1783438,102.5425404,0.2937574754,289.4438788,1,0,1,0,1,0,1,0,1,0,1,0,1,0,1,0,1,0,1,0,1,0,1,0,1,0,1,0,84.525743,0,1,0,1,0,1,0,1,0,1,0,1,0,0.8348896669,0.3092183952,172.8685438,60.63772729
2026-03-17,TYC,2332150,32.3748,5.093245768,489.3830216,1099.242278,662.358636,1.897483718,1869.620667,1,0,1,0,1,0,1,0,1,0,1,0,1,0,1,0,1,0,1,0,1,0,1,0,1,0,1,0,1,0,1,0,1,0,1,0,1,0,417.50517,11,1,0,5.392848461,1.997351282,1116.619234,391.6805863
2026-03-17,HCC,457320,5.7132,0.9987535771,95.9649437,215.554522,129.8843777,0.372084666,366.6208964,1,0,1,0,1,0,1,0,1,0,1,0,1,0,1,0,1,0,1,0,1,0,1,0,1,0,1,0,1,0,1,0,77.324479,1,1,0,1,0,1,0,1,0,1.057503788,0.3916680694,218.9620342,76.80610842
2026-03-17,HSQ,593210,8.4456,1.295527441,124.4803732,279.6053048,168.4787713,0.4826474781,475.560181,1,0,1,0,1,0,1,0,1,0,1,0,1,0,1,0,1,0,1,0,1,0,1,0,99.515672,0,1,0,1,0,1,0,1,0,1,0,1,0,1,0,1,0,1.371734938,0.508049977,284.0253396,99.62860049
2026-03-17,ILQ,448110,5.3544,0.9786396078,94.03229888,211.2134542,127.268627,0.3645912264,359.2374921,1,0,1,0,1,0,1,0,1,0,1,0,1,0,1,0,1,0,1,0,1,0,1,0,1,0,124.931092,0,1,0,1,0,1,0,1,0,1,0,1,0,1,0,1.036206644,0.3837802383,214.5523422,75.25930474
2026-03-17,TCC,2854310,49.5972,6.233605184,598.9541207,1345.358672,810.6583532,2.3223235,2288.222013,1,0,549.265536,3,1,0,1,0,1,0,1,0,1,0,1,0,1,0,1,0,1,0,1,0,1,0,1,0,1,0,1,0,1,0,1,0,1,0,1,0,1,0,6.600287842,2.444551052,1366.626266,479.3764614
2026-03-17,MLQ,531090,9.1908,1.159861885,111.4449881,250.3254857,150.8359445,0.4321054081,425.7602814,1,0,1,0,1,0,1,0,1,0,1,0,1,0,1,0,125.098306,1,1,0,1,0,1,0,1,0,1,0,1,0,1,0,1,0,1,0,1,0,1,0,1,0,1.228089055,0.454847798,254.2826615,89.1956532
2026-03-17,CHQ,1224190,9.4116,2.673541812,256.8864787,577.0132299,347.6846766,0.996025381,981.3995346,1,0,1,0,1,0,1,0,352.126633,3,1,0,1,0,1,0,1,0,1,0,1,0,1,0,1,0,1,0,1,0,1,0,1,0,1,0,1,0,1,0,1,0,2.830808978,1.048447769,586.1347255,205.6006076
2026-03-17,NTQ,473460,2.4840,1.034002162,99.35179359,223.161996,134.4683317,0.3852164916,379.5598916,1,0,1,0,1,0,1,0,1,0,1,0,1,0,1,0,1,0,91.179008,1,1,0,1,0,1,0,1,0,1,0,1,0,1,0,1,0,1,0,1,0,1,0,1.094825818,0.4054910438,226.689768,79.51679369
2026-03-17,YLQ,654120,2.8152,1.428550446,137.2618494,308.3147991,185.7779435,0.532205068,524.3900568,1,0,1,0,1,0,1,0,1,0,1,0,1,0,1,0,1,0,1,0,101.990679,0,1,0,1,0,1,0,1,0,1,0,1,0,1,0,1,0,1,0,1,0,1.512582825,0.5602158611,313.1886771,109.8583304
2026-03-17,TNC,1857211,29.2560,4.056013578,389.7208717,875.3831658,527.4702505,1.511063882,1488.875102,1,0,1,0,401.783569,0,1,0,1,0,1,0,1,0,1,0,1,0,1,0,1,0,1,0,1,0,1,0,1,0,1,0,1,0,1,0,1,0,1,0,1,0,4.294602612,1.59059356,889.2213298,311.9153971
2026-03-17,KSC,2735462,40.1304,5.974049806,574.0148186,1289.340514,776.9040925,2.225626398,2192.944832,565.312596,2,1,0,1,0,1,0,1,0,1,0,1,0,1,0,1,0,1,0,1,0,1,0,1,0,1,0,1,0,1,0,1,0,1,0,1,0,1,0,1,0,6.325464501,2.34276463,1309.722566,459.4161439
2026-03-17,CYC,261900,3.2568,0.5719705279,54.95761995,123.4446981,74.38274844,0.2130870594,209.9580442,1,0,1,0,1,0,1,0,1,0,1,0,200.191079,1,1,0,1,0,1,0,1,0,1,0,1,0,1,0,1,0,1,0,1,0,1,0,1,0,1,0,1,0,0.6056158531,0.2243021678,125.3961269,43.98565511
2026-03-17,CYQ,481230,3.1740,1.050971276,100.9822659,226.8243301,136.6751051,0.3915383185,385.7888874,1,0,1,0,1,0,1,0,1,0,1,0,1,0,126.165459,1,1,0,1,0,1,0,1,0,1,0,1,0,1,0,1,0,1,0,1,0,1,0,1,0,1,0,1.112793116,0.4121455984,230.4099968,80.82175185
2026-03-17,PTQ,791244,6.5412,1.728019276,166.0362239,372.9472191,224.722808,0.6437718872,634.3186053,1,0,1,0,1,0,1,0,1,0,1,0,1,0,1,0,1,0,1,0,1,0,99.92524,0,1,0,1,0,1,0,1,0,1,0,1,0,1,0,1,0,1,0,1.829667469,0.6776546181,378.8428142,132.8880706
2026-03-17,HLQ,315240,1.9596,0.6884612036,66.15059226,148.5861268,89.53194967,0.2564855464,252.7192587,1,0,1,0,1,0,1,0,1,0,1,0,1,0,1,0,1,0,1,0,1,0,1,0,1,0,1,0,1,0,1,0,1,0,29.53718,0,1,0,1,0,1,0,0.7289589215,0.2699847857,150.9349945,52.94401648
2026-03-17,TTQ,210140,0.7176,0.4589304572,44.096198,99.04799103,59.68228621,0.1709740919,168.4634723,1,0,1,0,1,0,1,0,1,0,1,0,1,0,1,0,1,0,1,0,1,0,1,0,1,0,1,0,1,0,125.218814,0,1,0,1,0,1,0,1,0,1,0,0.4859263665,0.1799727283,100.6137538,35.29265202
2026-03-17,PHQ,107450,0.1380,0.2346629753,22.54752296,50.64579155,30.51709171,0.08742346138,86.13971687,1,0,1,0,1,0,1,0,1,0,1,0,1,0,1,0,1,0,1,0,1,0,1,0,1,0,1,0,1,0,1,0,1,0,1,0,1,0,1,0,37.461536,0,0.2484666797,0.09202469619,51.44640641,18.04604292
2026-03-17,KMQ,143180,0.1578,0.3126946934,30.04517764,67.48687235,40.66484124,0.1164941014,114.7834775,1,0,1,0,1,0,1,0,1,0,1,0,1,0,1,0,1,0,1,0,1,0,1,0,1,0,1,0,1,0,1,0,1,0,1,0,45.646168,1,1,0,1,0,0.3310884989,0.1226253699,68.55371307,24.04683505
2026-03-17,MZQ,14130,0.0052,0.03085889103,2.965067468,6.660074775,4.013089864,0.0114964496,11.32763331,1,0,1,0,1,0,1,0,1,0,1,0,1,0,1,0,1,0,1,0,1,0,1,0,1,0,1,0,1,0,1,0,1,0,1,0,1,0,1,0,1,0,0.03267411991,0.01210152589,6.76535805,2.373109228
2026-03-18,TPC,2465110,24.8675,6.122549061,753.5538379,1155.050549,647.5102326,2.533468577,1914.668877,1,0,1,0,1,0,1,0,1,0,265.425886,0,1,0,1,0,1,0,1,0,1,0,1,0,1,0,1,0,1,0,1,0,1,0,1,0,1,0,1,0,1,0,8.233772875,2.005662623,1070.812719,285.2263373
2026-03-18,NTPC,4041120,52.8563,10.03685655,1235.32073,1893.504904,1061.480644,4.153182023,3138.767314,1,0,1,0,1,0,497.760759,1,1,0,1,0,1,0,1,0,1,0,1,0,1,0,1,0,1,0,1,0,1,0,1,0,1,0,1,0,1,0,1,0,1,0,13.49784157,3.287935768,1755.411602,467.579076
2026-03-18,KLC,361050,3.3614,0.896733346,110.3685487,169.173384,94.83697258,0.3710620742,280.4301626,1,0,1,0,1,0,1,0,1,0,1,0,1,0,1,0,1,0,1,0,1,0,1,0,1,0,1,0,97.442835,0,1,0,1,0,1,0,1,0,1,0,1,0,1.205951741,0.2937574754,156.83557,41.77540519
2026-03-18,TYC,2332150,40.2339,5.792318717,712.9095996,1092.750886,612.5856408,2.396821538,1811.397877,1,0,1,0,1,0,1,0,1,0,1,0,1,0,1,0,1,0,1,0,1,0,1,0,1,0,1,0,1,0,1,0,1,0,1,0,1,0,402.447839,2,1,0,7.789669999,1.897483718,1013.05657,269.8421582
2026-03-18,HCC,457320,7.1001,1.135837401,139.7971049,214.2816008,120.1242052,0.4700016833,355.2037722,1,0,1,0,1,0,1,0,1,0,1,0,1,0,1,0,1,0,1,0,1,0,1,0,1,0,1,0,1,0,1,0,126.599317,0,1,0,1,0,1,0,1,0,1.527505471,0.372084666,198.6540448,52.91435618
2026-03-18,HSQ,593210,10.4958,1.473344933,181.3370082,277.9541424,155.8184199,0.6096599724,460.7505241,1,0,1,0,1,0,1,0,1,0,1,0,1,0,1,0,1,0,1,0,1,0,1,0,94.097382,2,1,0,1,0,1,0,1,0,1,0,1,0,1,0,1,0,1.98139491,0.4826474781,257.6829483,68.63755189
2026-03-18,ILQ,448110,6.6542,1.112962691,136.981721,209.9661684,117.7050153,0.460536286,348.0502982,1,0,1,0,1,0,1,0,1,0,1,0,1,0,1,0,1,0,1,0,1,0,1,0,1,0,102.412296,0,1,0,1,0,1,0,1,0,1,0,1,0,1,0,1.49674293,0.3645912264,194.6533369,51.8487102
2026-03-18,TCC,2854310,61.6371,7.089198052,872.5274958,1337.413881,749.7413632,2.933461263,2216.963349,1,0,554.311944,1,1,0,1,0,1,0,1,0,1,0,1,0,1,0,1,0,1,0,1,0,1,0,1,0,1,0,1,0,1,0,1,0,1,0,1,0,1,0,9.533749105,2.3223235,1239.876294,330.2588472
2026-03-18,MLQ,531090,11.4219,1.319058614,162.3476874,248.8472303,139.5013648,0.5458173577,412.501468,1,0,1,0,1,0,1,0,1,0,1,0,1,0,1,0,122.645618,1,1,0,1,0,1,0,1,0,1,0,1,0,1,0,1,0,1,0,1,0,1,0,1,0,1.773906412,0.4321054081,230.6988032,61.44993752
2026-03-18,CHQ,1224190,11.6963,3.040498531,374.2198412,573.6057747,321.5578825,1.258137323,950.8372821,1,0,1,0,1,0,1,0,371.734973,2,1,0,1,0,1,0,1,0,1,0,1,0,1,0,1,0,1,0,1,0,1,0,1,0,1,0,1,0,1,0,1,0,4.088946301,0.996025381,531.7727087,141.6452937
2026-03-18,NTQ,473460,3.0870,1.175924027,144.7309045,221.8441501,124.3636976,0.4865892526,367.7398276,1,0,1,0,1,0,1,0,1,0,1,0,1,0,1,0,1,0,80.41617,0,1,0,1,0,1,0,1,0,1,0,1,0,1,0,1,0,1,0,1,0,1,0,1.581415071,0.3852164916,205.6650574,54.78184002
2026-03-18,YLQ,654120,3.4986,1.624625997,199.9564468,306.4940976,171.8176444,0.6722590333,508.0597644,1,0,1,0,1,0,1,0,1,0,1,0,1,0,1,0,1,0,1,0,137.483734,6,1,0,1,0,1,0,1,0,1,0,1,0,1,0,1,0,1,0,1,0,2.184841858,0.532205068,284.1414847,75.68516283
2026-03-18,TNC,1857211,36.3580,4.612721324,567.7265829,870.2137368,487.8334543,1.908712272,1442.5093,1,0,1,0,401.647458,0,1,0,1,0,1,0,1,0,1,0,1,0,1,0,1,0,1,0,1,0,1,0,1,0,1,0,1,0,1,0,1,0,1,0,1,0,6.203314885,1.511063882,806.7490537,214.88919
2026-03-18,KSC,2735462,49.8722,6.794017427,836.1971225,1281.726529,718.5235693,2.811317556,2124.653243,570.812944,4,1,0,1,0,1,0,1,0,1,0,1,0,1,0,1,0,1,0,1,0,1,0,1,0,1,0,1,0,1,0,1,0,1,0,1,0,1,0,1,0,9.136782057,2.225626398,1188.25022,316.5075015
2026-03-18,CYC,261900,4.0474,0.6504762867,80.05961201,122.715716,68.79325057,0.2691626014,203.419636,1,0,1,0,1,0,1,0,1,0,1,0,172.023881,0,1,0,1,0,1,0,1,0,1,0,1,0,1,0,1,0,1,0,1,0,1,0,1,0,1,0,1,0,0.8747784545,0.2130870594,113.7660595,30.30322287
2026-03-18,CYQ,481230,3.9445,1.195222235,147.1060981,225.4848569,126.4046429,0.4945747181,373.7748432,1,0,1,0,1,0,1,0,1,0,1,0,1,0,132.691395,0,1,0,1,0,1,0,1,0,1,0,1,0,1,0,1,0,1,0,1,0,1,0,1,0,1,0,1.607367834,0.3915383185,209.0402475,55.68087034
2026-03-18,PTQ,791244,8.1291,1.965198392,241.8735687,370.7448416,207.8359937,0.8131855417,614.5649731,1,0,1,0,1,0,1,0,1,0,1,0,1,0,1,0,1,0,1,0,1,0,91.97762,0,1,0,1,0,1,0,1,0,1,0,1,0,1,0,1,0,1,0,2.642853011,0.6437718872,343.7064223,91.5511389
2026-03-18,HLQ,315240,2.4353,0.7829558786,96.36499461,147.7086763,82.8040638,0.3239817429,244.8492022,1,0,1,0,1,0,1,0,1,0,1,0,1,0,1,0,1,0,1,0,1,0,1,0,1,0,1,0,1,0,1,0,1,0,43.119271,0,1,0,1,0,1,0,1.052940664,0.2564855464,136.9362833,36.47494455
2026-03-18,TTQ,210140,0.8918,0.5219209121,64.23721599,98.46307966,55.1974558,0.215967274,163.2172673,1,0,1,0,1,0,1,0,1,0,1,0,1,0,1,0,1,0,1,0,1,0,1,0,1,0,1,0,1,0,115.714025,0,1,0,1,0,1,0,1,0,1,0,0.7018936404,0.1709740919,91.2821678,24.3143156
2026-03-18,PHQ,107450,0.1715,0.266871619,32.84614475,50.34671129,28.2238823,0.1104296354,83.45719698,1,0,1,0,1,0,1,0,1,0,1,0,1,0,1,0,1,0,1,0,1,0,1,0,1,0,1,0,1,0,1,0,1,0,1,0,1,0,1,0,50.502678,0,0.3588963151,0.08742346138,46.67492591,12.43253646
2026-03-18,KMQ,143180,0.1961,0.3556135728,43.76836673,67.0883399,37.60907834,0.1471504439,111.208948,1,0,1,0,1,0,1,0,1,0,1,0,1,0,1,0,1,0,1,0,1,0,1,0,1,0,1,0,1,0,1,0,1,0,1,0,18.58,0,1,0,1,0,0.4782389428,0.1164941014,62.19558764,16.56668748
2026-03-18,MZQ,14130,0.0064,0.03509442509,4.319367383,6.620744816,3.71152589,0.01452183107,10.97487383,1,0,1,0,1,0,1,0,1,0,1,0,1,0,1,0,1,0,1,0,1,0,1,0,1,0,1,0,1,0,1,0,1,0,1,0,1,0,1,0,1,0,0.04719595098,0.0114964496,6.137893933,1.634916148
2026-03-19,TPC,2465110,21.3150,3.905764056,755.0190272,1147.027898,659.7933327,3.166835721,1919.102447,1,0,1,0,1,0,1,0,1,0,250.932263,1,1,0,1,0,1,0,1,0,1,0,1,0,1,0,1,0,1,0,1,0,1,0,1,0,1,0,1,0,1,0,6.861477396,1.794540242,1108.498064,314.0445424
2026-03-19,NTPC,4041120,45.3054,6.402822285,1237.722654,1880.353161,1081.616655,5.191477528,3146.035382,1,0,1,0,1,0,457.431135,4,1,0,1,0,1,0,1,0,1,0,1,0,1,0,1,0,1,0,1,0,1,0,1,0,1,0,1,0,1,0,1,0,1,0,11.24820131,2.941837266,1817.190184,514.8215215
2026-03-19,KLC,361050,2.8812,0.572054031,110.5831463,167.9983541,96.6360052,0.4638275927,281.0795212,1,0,1,0,1,0,1,0,1,0,1,0,1,0,1,0,1,0,1,0,1,0,1,0,1,0,1,0,129.291977,2,1,0,1,0,1,0,1,0,1,0,1,0,1.004959784,0.2628356359,162.3551184,45.99623628
2026-03-19,TYC,2332150,34.4862,3.695099871,714.2957614,1085.160951,624.2062305,2.996026923,1815.592315,1,0,1,0,1,0,1,0,1,0,1,0,1,0,1,0,1,0,1,0,1,0,1,0,1,0,1,0,1,0,1,0,1,0,1,0,1,0,415.576342,0,1,0,6.491391666,1.697748589,1048.70929,297.1060032
2026-03-19,HCC,457320,6.0858,0.7245859285,140.0689225,212.7932621,122.4029301,0.5875021042,356.0262751,1,0,1,0,1,0,1,0,1,0,1,0,1,0,1,0,1,0,1,0,1,0,1,0,1,0,1,0,1,0,1,0,67.157889,0,1,0,1,0,1,0,1,0,1.272921226,0.332917859,205.6453199,58.26062533
2026-03-19,HSQ,593210,8.9964,0.9398924574,181.6895948,276.0235525,158.7742547,0.7620749655,461.8174291,1,0,1,0,1,0,1,0,1,0,1,0,1,0,1,0,1,0,1,0,1,0,1,0,127.080055,0,1,0,1,0,1,0,1,0,1,0,1,0,1,0,1,0,1.651162425,0.4318424804,266.7516404,75.57243408
2026-03-19,ILQ,448110,5.7036,0.7099934409,137.2480645,208.5078035,119.9378487,0.5756703575,348.8562367,1,0,1,0,1,0,1,0,1,0,1,0,1,0,1,0,1,0,1,0,1,0,1,0,1,0,117.030456,0,1,0,1,0,1,0,1,0,1,0,1,0,1,0,1.247285775,0.3262132026,201.5038141,57.08731045
2026-03-19,TCC,2854310,52.8318,4.522419447,874.2240142,1328.124587,763.9637613,3.666826579,2222.096907,1,0,582.636711,1,1,0,1,0,1,0,1,0,1,0,1,0,1,0,1,0,1,0,1,0,1,0,1,0,1,0,1,0,1,0,1,0,1,0,1,0,1,0,7.94479092,2.077868395,1283.51153,363.6269691
2026-03-19,MLQ,531090,9.7902,0.8414684264,162.6633518,247.1188087,142.1476693,0.6822716971,413.4566484,1,0,1,0,1,0,1,0,1,0,1,0,1,0,1,0,119.635967,0,1,0,1,0,1,0,1,0,1,0,1,0,1,0,1,0,1,0,1,0,1,0,1,0,1.478255344,0.3866206283,238.8178364,67.65860996
2026-03-19,CHQ,1224190,10.0254,1.939628374,374.947464,569.6216732,327.6577516,1.572671654,953.0390225,1,0,1,0,1,0,1,0,374.210111,0,1,0,1,0,1,0,1,0,1,0,1,0,1,0,1,0,1,0,1,0,1,0,1,0,1,0,1,0,1,0,1,0,3.407455251,0.8911806041,550.4875014,155.9566057
2026-03-19,NTQ,473460,2.6460,0.7501584311,145.0123153,220.3032841,126.7228445,0.6082365657,368.5913588,1,0,1,0,1,0,1,0,1,0,1,0,1,0,1,0,1,0,99.593864,0,1,0,1,0,1,0,1,0,1,0,1,0,1,0,1,0,1,0,1,0,1,0,1.317845892,0.3446673872,212.9030726,60.31679277
2026-03-19,YLQ,654120,2.9988,1.036399343,200.3452366,304.3652773,175.0769803,0.8403237916,509.2362177,1,0,1,0,1,0,1,0,1,0,1,0,1,0,1,0,1,0,1,0,88.626337,1,1,0,1,0,1,0,1,0,1,0,1,0,1,0,1,0,1,0,1,0,1.820701548,0.4761834819,294.1413379,83.33210933
2026-03-19,TNC,1857211,31.1640,2.942598086,568.8304549,864.1694812,497.0875276,2.38589034,1445.849546,1,0,1,0,404.969176,2,1,0,1,0,1,0,1,0,1,0,1,0,1,0,1,0,1,0,1,0,1,0,1,0,1,0,1,0,1,0,1,0,1,0,1,0,5.16942907,1.352004526,835.1411488,236.6007921
2026-03-19,KSC,2735462,42.7476,4.334114565,837.8230011,1272.824023,732.1537739,3.514146945,2129.573049,570.019608,0,1,0,1,0,1,0,1,0,1,0,1,0,1,0,1,0,1,0,1,0,1,0,1,0,1,0,1,0,1,0,1,0,1,0,1,0,1,0,1,0,7.613985047,1.991349935,1230.068569,348.4862387
2026-03-19,CYC,261900,3.4692,0.4149590105,80.21527771,121.8633678,70.09824058,0.3364532517,203.8906706,1,0,1,0,1,0,1,0,1,0,1,0,216.918186,0,1,0,1,0,1,0,1,0,1,0,1,0,1,0,1,0,1,0,1,0,1,0,1,0,1,0,1,0,0.7289820454,0.1906568426,117.7698532,33.36494746
2026-03-19,CYQ,481230,3.3810,0.762469357,147.3921271,223.9187036,128.802506,0.6182183976,374.6403489,1,0,1,0,1,0,1,0,1,0,1,0,1,0,145.729224,0,1,0,1,0,1,0,1,0,1,0,1,0,1,0,1,0,1,0,1,0,1,0,1,0,1,0,1.339473195,0.3503237586,216.3970464,61.30665776
2026-03-19,PTQ,791244,6.9678,1.253661043,242.343861,368.169754,211.7785883,1.016481927,615.9880478,1,0,1,0,1,0,1,0,1,0,1,0,1,0,1,0,1,0,1,0,1,0,101.110989,0,1,0,1,0,1,0,1,0,1,0,1,0,1,0,1,0,1,0,2.202377509,0.5760064254,355.8025572,100.8011244
2026-03-19,HLQ,315240,2.0874,0.4994718536,96.55236405,146.6827341,84.37483528,0.4049771786,245.4161702,1,0,1,0,1,0,1,0,1,0,1,0,1,0,1,0,1,0,1,0,1,0,1,0,1,0,1,0,1,0,1,0,1,0,59.251285,0,1,0,1,0,1,0,0.8774505536,0.2294870679,141.7555118,40.16023688
2026-03-19,TTQ,210140,0.7644,0.3329495474,64.36211706,97.77918329,56.24453714,0.2699590925,163.59521,1,0,1,0,1,0,1,0,1,0,1,0,1,0,1,0,1,0,1,0,1,0,1,0,1,0,1,0,1,0,104.21808,0,1,0,1,0,1,0,1,0,1,0,0.584911367,0.1529768191,94.494681,26.77094334
2026-03-19,PHQ,107450,0.1470,0.170245688,32.91000989,49.99701744,28.75928198,0.1380370443,83.65044884,1,0,1,0,1,0,1,0,1,0,1,0,1,0,1,0,1,0,1,0,1,0,1,0,1,0,1,0,1,0,1,0,1,0,1,0,1,0,1,0,36.7127,0,0.2990802626,0.07822099176,48.31756674,13.68867356
2026-03-19,KMQ,143180,0.1681,0.2268569344,43.85346874,66.62236349,38.32251274,0.1839380549,111.4664613,1,0,1,0,1,0,1,0,1,0,1,0,1,0,1,0,1,0,1,0,1,0,1,0,1,0,1,0,1,0,1,0,1,0,1,0,46.183703,0,1,0,1,0,0.3985324523,0.1042315645,64.38445049,18.24052378
2026-03-19,MZQ,14130,0.0055,0.0223878229,4.327765842,6.574759018,3.781932567,0.01815228884,11.00028704,1,0,1,0,1,0,1,0,1,0,1,0,1,0,1,0,1,0,1,0,1,0,1,0,1,0,1,0,1,0,1,0,1,0,1,0,1,0,1,0,1,0,0.03932995915,0.01028629701,6.35390617,1.800101977
2026-03-20,TPC,2465110,23.3450,8.022650494,703.9020763,1138.794125,739.3896373,2.322346196,1786.623153,1,0,1,0,1,0,1,0,1,0,232.817764,1,1,0,1,0,1,0,1,0,1,0,1,0,1,0,1,0,1,0,1,0,1,0,1,0,1,0,1,0,1,0,7.600405731,1.47785667,1158.428507,318.9003571
2026-03-20,NTPC,4041120,49.6202,13.15174307,1153.925285,1866.855319,1212.100982,3.807083521,2928.858572,1,0,1,0,1,0,434.215093,0,1,0,1,0,1,0,1,0,1,0,1,0,1,0,1,0,1,0,1,0,1,0,1,0,1,0,1,0,1,0,1,0,1,0,12.45954607,2.422689513,1899.04248,522.7817871
2026-03-20,KLC,361050,3.1556,1.175029902,103.0963505,166.7924023,108.2940025,0.3401402347,261.6760669,1,0,1,0,1,0,1,0,1,0,1,0,1,0,1,0,1,0,1,0,1,0,1,0,1,0,1,0,94.076369,0,1,0,1,0,1,0,1,0,1,0,1,0,1.113186223,0.2164528766,169.6681334,46.70743859
2026-03-20,TYC,2332150,37.7706,7.589934871,665.9358922,1077.371281,699.5093699,2.19708641,1690.258522,1,0,1,0,1,0,1,0,1,0,1,0,1,0,1,0,1,0,1,0,1,0,1,0,1,0,1,0,1,0,1,0,1,0,1,0,1,0,408.160063,2,1,0,7.190464614,1.398145897,1095.946648,301.6999111
2026-03-20,HCC,457320,6.6654,1.488338664,130.5858552,211.2657567,137.1694038,0.4308348764,331.4491038,1,0,1,0,1,0,1,0,1,0,1,0,1,0,1,0,1,0,1,0,1,0,1,0,1,0,1,0,1,0,1,0,78.430812,0,1,0,1,0,1,0,1,0,1.41000505,0.2741676486,214.9082697,59.16146189
2026-03-20,HSQ,593210,9.8532,1.930589913,169.3886888,274.0421576,177.9285009,0.5588549747,429.937293,1,0,1,0,1,0,1,0,1,0,1,0,1,0,1,0,1,0,1,0,1,0,1,0,98.900793,1,1,0,1,0,1,0,1,0,1,0,1,0,1,0,1,0,1.828979917,0.3556349839,278.7670224,76.74094902
2026-03-20,ILQ,448110,6.2468,1.458364906,127.9559774,207.0110606,134.4069394,0.4221582622,324.7740267,1,0,1,0,1,0,1,0,1,0,1,0,1,0,1,0,1,0,1,0,1,0,1,0,1,0,110.302954,0,1,0,1,0,1,0,1,0,1,0,1,0,1,0,1.381608858,0.2686461668,210.5802168,57.970005
2026-03-20,TCC,2854310,57.8634,9.289293999,815.0365441,1318.590838,856.1270028,2.689006158,2068.701328,1,0,595.960761,0,1,0,1,0,1,0,1,0,1,0,1,0,1,0,1,0,1,0,1,0,1,0,1,0,1,0,1,0,1,0,1,0,1,0,1,0,1,0,8.800383789,1.711185737,1341.325162,369.2494365
2026-03-20,MLQ,531090,10.7226,1.728421633,151.6505769,245.3449023,159.2961136,0.5003325779,384.9149491,1,0,1,0,1,0,1,0,1,0,1,0,1,0,1,0,147.344848,0,1,0,1,0,1,0,1,0,1,0,1,0,1,0,1,0,1,0,1,0,1,0,1,0,1.637452073,0.3183934586,249.5749868,68.70475989
2026-03-20,CHQ,1224190,10.9802,3.984101524,349.5624466,565.5327269,367.1858052,1.153292546,887.2489249,1,0,1,0,1,0,1,0,357.4171,1,1,0,1,0,1,0,1,0,1,0,1,0,1,0,1,0,1,0,1,0,1,0,1,0,1,0,1,0,1,0,1,0,3.77441197,0.7339134386,575.2832911,158.3680356
2026-03-20,NTQ,473460,2.8980,1.540865967,135.1945662,218.721869,142.0104651,0.4460401482,343.1467958,1,0,1,0,1,0,1,0,1,0,1,0,1,0,1,0,1,0,112.860624,0,1,0,1,0,1,0,1,0,1,0,1,0,1,0,1,0,1,0,1,0,1,0,1.459767758,0.2838437307,222.4929357,61.24942217
2026-03-20,YLQ,654120,3.2844,2.128820272,186.7812901,302.1804355,196.1979585,0.6162374472,474.0826724,1,0,1,0,1,0,1,0,1,0,1,0,1,0,1,0,1,0,1,0,144.399502,0,1,0,1,0,1,0,1,0,1,0,1,0,1,0,1,0,1,0,1,0,2.0167771,0.3921511028,307.390443,84.62060582
2026-03-20,TNC,1857211,34.1320,6.044255529,530.3190036,857.9661663,557.0552907,1.749652916,1346.0398,1,0,1,0,481.304097,5,1,0,1,0,1,0,1,0,1,0,1,0,1,0,1,0,1,0,1,0,1,0,1,0,1,0,1,0,1,0,1,0,1,0,1,0,5.726136817,1.113415492,872.7586865,240.2591573
2026-03-20,KSC,2735462,46.8188,8.902505594,781.0999839,1263.687241,820.4795146,2.577041093,1982.564568,516.096819,2,1,0,1,0,1,0,1,0,1,0,1,0,1,0,1,0,1,0,1,0,1,0,1,0,1,0,1,0,1,0,1,0,1,0,1,0,1,0,1,0,8.433952668,1.639935241,1285.474952,353.8745974
2026-03-20,CYC,261900,3.7996,0.8523482377,74.78447362,120.9885893,78.55476876,0.2467323846,189.8157095,1,0,1,0,1,0,1,0,1,0,1,0,188.008493,1,1,0,1,0,1,0,1,0,1,0,1,0,1,0,1,0,1,0,1,0,1,0,1,0,1,0,1,0,0.8074878042,0.1570115175,123.0745995,33.88084245
2026-03-20,CYQ,481230,3.7030,1.566153274,137.4132579,222.3113358,144.3410133,0.4533601582,348.7782126,1,0,1,0,1,0,1,0,1,0,1,0,1,0,111.113531,2,1,0,1,0,1,0,1,0,1,0,1,0,1,0,1,0,1,0,1,0,1,0,1,0,1,0,1.483724154,0.2885019189,226.1442898,62.25459264
2026-03-20,PTQ,791244,7.6314,2.575087549,225.9364874,365.526901,237.3271839,0.7454200799,573.4652206,1,0,1,0,1,0,1,0,1,0,1,0,1,0,1,0,1,0,1,0,1,0,169.188845,0,1,0,1,0,1,0,1,0,1,0,1,0,1,0,1,0,1,0,2.439556625,0.4743582327,371.8290889,102.3597301
2026-03-20,HLQ,315240,2.2862,1.025942186,90.01549242,145.6297934,94.55366668,0.2969832643,228.4746249,1,0,1,0,1,0,1,0,1,0,1,0,1,0,1,0,1,0,1,0,1,0,1,0,1,0,1,0,1,0,1,0,1,0,60.995605,0,1,0,1,0,1,0,0.9719452286,0.18898935,148.1406519,40.78120189
2026-03-20,TTQ,210140,0.8372,0.6838963676,60.00461736,97.07728965,63.02977895,0.1979700011,152.3019213,1,0,1,0,1,0,1,0,1,0,1,0,1,0,1,0,1,0,1,0,1,0,1,0,1,0,1,0,1,0,85.088191,2,1,0,1,0,1,0,1,0,1,0,0.6479018219,0.1259809098,98.75103603,27.18488061
2026-03-20,PHQ,107450,0.1610,0.3496938455,30.68190794,49.63812113,32.22875106,0.1012271658,77.87589915,1,0,1,0,1,0,1,0,1,0,1,0,1,0,1,0,1,0,1,0,1,0,1,0,1,0,1,0,1,0,1,0,1,0,1,0,1,0,1,0,38.248193,0,0.3312889063,0.06441728733,50.4939508,13.90033036
2026-03-20,KMQ,143180,0.1841,0.4659764058,40.88446328,66.14412455,42.94567312,0.1348879069,103.7717193,1,0,1,0,1,0,1,0,1,0,1,0,1,0,1,0,1,0,1,0,1,0,1,0,1,0,1,0,1,0,1,0,1,0,1,0,44.926682,0,1,0,1,0,0.4414513318,0.08583775896,67.28454049,18.52256213
2026-03-20,MZQ,14130,0.0060,0.04598579839,4.034763697,6.527563067,4.238178246,0.01331167848,10.24091629,1,0,1,0,1,0,1,0,1,0,1,0,1,0,1,0,1,0,1,0,1,0,1,0,1,0,1,0,1,0,1,0,1,0,1,0,1,0,1,0,1,0,0.04356549321,0.008471068125,6.640107257,1.827935486
2026-03-21,TPC,2465110,23.2725,5.278059535,400.4959907,1138.477442,555.5041544,1.794540242,1268.106584,1,0,1,0,1,0,1,0,1,0,298.222377,0,1,0,1,0,1,0,1,0,1,0,1,0,1,0,1,0,1,0,1,0,1,0,1,0,1,0,1,0,1,0,4.855814772,2.95571334,1166.028913,364.5027915
2026-03-21,NTPC,4041120,49.4661,8.652462547,656.5436666,1866.336171,910.6526477,2.941837266,2078.840652,1,0,1,0,1,0,479.605813,0,1,0,1,0,1,0,1,0,1,0,1,0,1,0,1,0,1,0,1,0,1,0,1,0,1,0,1,0,1,0,1,0,1,0,7.960265543,4.845379026,1911.502026,597.5390635
2026-03-21,KLC,361050,3.1458,0.7730459879,58.65826573,166.7460196,81.36138952,0.2628356359,185.7320291,1,0,1,0,1,0,1,0,1,0,1,0,1,0,1,0,1,0,1,0,1,0,1,0,1,0,1,0,96.077062,0,1,0,1,0,1,0,1,0,1,0,1,0,0.7112023089,0.4329057532,170.7813196,53.38655592
2026-03-21,TYC,2332150,37.6533,4.993378204,378.8945421,1077.071679,525.5420706,1.697748589,1199.709047,1,0,1,0,1,0,1,0,1,0,1,0,1,0,1,0,1,0,1,0,1,0,1,0,1,0,1,0,1,0,1,0,1,0,1,0,1,0,415.748224,1,1,0,4.593907948,2.796291794,1103.137113,344.8426988
2026-03-21,HCC,457320,6.6447,0.9791701736,74.29884527,211.2070064,103.0555066,0.332917859,235.2554259,1,0,1,0,1,0,1,0,1,0,1,0,1,0,1,0,1,0,1,0,1,0,1,0,1,0,1,0,1,0,1,0,68.505302,0,1,0,1,0,1,0,1,0,0.9008365597,0.5483352972,216.3182748,67.62149219
2026-03-21,HSQ,593210,9.8226,1.270124942,96.37631856,273.9659501,133.6778559,0.4318424804,305.1602187,1,0,1,0,1,0,1,0,1,0,1,0,1,0,1,0,1,0,1,0,1,0,1,0,87.888422,0,1,0,1,0,1,0,1,0,1,0,1,0,1,0,1,0,1.168514947,0.7112699678,280.5960023,87.71482853
2026-03-21,ILQ,448110,6.2274,0.9594505959,72.80253554,206.9534935,100.9800644,0.3262132026,230.5176002,1,0,1,0,1,0,1,0,1,0,1,0,1,0,1,0,1,0,1,0,1,0,1,0,1,0,98.495703,0,1,0,1,0,1,0,1,0,1,0,1,0,1,0,0.8826945482,0.5372923337,211.9618256,66.25965815
2026-03-21,TCC,2854310,57.6837,6.111377631,463.7276678,1318.224155,643.2090506,2.077868395,1468.31959,1,0,629.770665,3,1,0,1,0,1,0,1,0,1,0,1,0,1,0,1,0,1,0,1,0,1,0,1,0,1,0,1,0,1,0,1,0,1,0,1,0,1,0,5.622467421,3.422371473,1350.125546,422.0517392
2026-03-21,MLQ,531090,10.6893,1.137119495,86.28394502,245.2766751,119.6793252,0.3866206283,273.2043299,1,0,1,0,1,0,1,0,1,0,1,0,1,0,1,0,146.949446,0,1,0,1,0,1,0,1,0,1,0,1,0,1,0,1,0,1,0,1,0,1,0,1,0,1.046149936,0.6367869173,251.2124389,78.52947233
2026-03-21,CHQ,1224190,10.9461,2.621119424,198.8889692,565.3754597,275.8670529,0.8911806041,629.7501527,1,0,1,0,1,0,1,0,396.395253,1,1,0,1,0,1,0,1,0,1,0,1,0,1,0,1,0,1,0,1,0,1,0,1,0,1,0,1,0,1,0,1,0,2.41142987,1.467826877,579.0577031,181.0145074
2026-03-21,NTQ,473460,2.8890,1.01372761,76.92104278,218.6610454,106.6926007,0.3446673872,243.5581955,1,0,1,0,1,0,1,0,1,0,1,0,1,0,1,0,1,0,106.365918,0,1,0,1,0,1,0,1,0,1,0,1,0,1,0,1,0,1,0,1,0,1,0,0.9326294008,0.5676874614,223.9527035,70.00802872
2026-03-21,YLQ,654120,3.2742,1.400539653,106.2721085,302.0964031,147.4037173,0.4761834819,336.493657,1,0,1,0,1,0,1,0,1,0,1,0,1,0,1,0,1,0,1,0,100.694304,0,1,0,1,0,1,0,1,0,1,0,1,0,1,0,1,0,1,0,1,0,1.28849648,0.7843022055,309.4072201,96.72126841
2026-03-21,TNC,1857211,34.0260,3.9764839,301.7332125,857.7275773,418.5161822,1.352004526,955.3900219,1,0,1,0,466.790437,7,1,0,1,0,1,0,1,0,1,0,1,0,1,0,1,0,1,0,1,0,1,0,1,0,1,0,1,0,1,0,1,0,1,0,1,0,3.658365188,2.226830984,878.4848233,274.6159782
2026-03-21,KSC,2735462,46.6734,5.856911575,444.4189362,1263.335827,616.4270581,1.991349935,1407.181575,692.385034,3,1,0,1,0,1,0,1,0,1,0,1,0,1,0,1,0,1,0,1,0,1,0,1,0,1,0,1,0,1,0,1,0,1,0,1,0,1,0,1,0,5.388358649,3.279870482,1293.908905,404.4783134
2026-03-21,CYC,261900,3.7878,0.5607554196,42.54978478,120.954944,59.01827425,0.1906568426,134.7270971,1,0,1,0,1,0,1,0,1,0,1,0,204.320706,0,1,0,1,0,1,0,1,0,1,0,1,0,1,0,1,0,1,0,1,0,1,0,1,0,1,0,1,0,0.515894986,0.314023035,123.8820873,38.72576927
2026-03-21,CYQ,481230,3.6915,1.030363996,78.1834018,222.2495139,108.4435438,0.3503237586,247.5552537,1,0,1,0,1,0,1,0,1,0,1,0,1,0,146.116031,0,1,0,1,0,1,0,1,0,1,0,1,0,1,0,1,0,1,0,1,0,1,0,1,0,1,0,0.9479348763,0.5770038378,227.628014,71.15693756
2026-03-21,PTQ,791244,7.6077,1.694136545,128.5500646,365.4252528,178.3041443,0.5760064254,407.0332464,1,0,1,0,1,0,1,0,1,0,1,0,1,0,1,0,1,0,1,0,1,0,133.550568,0,1,0,1,0,1,0,1,0,1,0,1,0,1,0,1,0,1,0,1.558605622,0.9487164653,374.2686456,116.9970698
2026-03-21,HLQ,315240,2.2791,0.6749619643,51.21570888,145.5892957,71.03826183,0.2294870679,162.1663616,1,0,1,0,1,0,1,0,1,0,1,0,1,0,1,0,1,0,1,0,1,0,1,0,1,0,1,0,1,0,1,0,1,0,43.255983,0,1,0,1,0,1,0,0.6209650072,0.3779787,149.1125972,46.61287326
2026-03-21,TTQ,210140,0.8346,0.4499318208,34.1405566,97.05029374,47.35433429,0.1529768191,108.1006193,1,0,1,0,1,0,1,0,1,0,1,0,1,0,1,0,1,0,1,0,1,0,1,0,1,0,1,0,1,0,83.721089,0,1,0,1,0,1,0,1,0,1,0,0.4139372751,0.2519618196,99.39893785,31.07229154
2026-03-21,PHQ,107450,0.1605,0.2300617405,17.45694683,49.62431742,24.21349205,0.07822099176,55.27463377,1,0,1,0,1,0,1,0,1,0,1,0,1,0,1,0,1,0,1,0,1,0,1,0,1,0,1,0,1,0,1,0,1,0,1,0,1,0,1,0,29.842944,0,0.2116568012,0.1288345747,50.82523971,15.8880638
2026-03-21,KMQ,143180,0.1835,0.3065634249,23.26184874,66.12573074,32.26512603,0.1042315645,73.65492846,1,0,1,0,1,0,1,0,1,0,1,0,1,0,1,0,1,0,1,0,1,0,1,0,1,0,1,0,1,0,1,0,1,0,1,0,51.813098,0,1,0,1,0,0.2820383509,0.1716755179,67.72599182,21.17127012
2026-03-21,MZQ,14130,0.0060,0.03025381473,2.29564131,6.525747838,3.184147442,0.01028629701,7.268781528,1,0,1,0,1,0,1,0,1,0,1,0,1,0,1,0,1,0,1,0,1,0,1,0,1,0,1,0,1,0,1,0,1,0,1,0,1,0,1,0,1,0,0.02783350955,0.01694213625,6.683672751,2.089328445
2026-03-22,TPC,2465110,24.4325,5.594743107,715.9149398,1113.45944,600.9229123,2.744590958,1413.886588,1,0,1,0,1,0,1,0,1,0,279.133439,1,1,0,1,0,1,0,1,0,1,0,1,0,1,0,1,0,1,0,1,0,1,0,1,0,1,0,1,0,1,0,6.967038587,3.272396912,1170.040238,331.4621388
2026-03-22,NTPC,4041120,51.9317,9.1716103,1173.618289,1825.323499,985.1088184,4.499280524,2317.821667,1,0,1,0,1,0,412.213503,0,1,0,1,0,1,0,1,0,1,0,1,0,1,0,1,0,1,0,1,0,1,0,1,0,1,0,1,0,1,0,1,0,1,0,11.42125056,5.364526779,1918.077897,543.374648
2026-03-22,KLC,361050,3.3026,0.8194287472,104.8558032,163.0817816,88.01360486,0.4019839137,207.0835592,1,0,1,0,1,0,1,0,1,0,1,0,1,0,1,0,1,0,1,0,1,0,1,0,1,0,1,0,158.282359,0,1,0,1,0,1,0,1,0,1,0,1,0,1.020420704,0.4792885125,171.3688346,48.54728804
2026-03-22,TYC,2332150,39.5301,5.292980897,677.300821,1053.403066,568.5110887,2.596556666,1337.626153,1,0,1,0,1,0,1,0,1,0,1,0,1,0,1,0,1,0,1,0,1,0,1,0,1,0,1,0,1,0,1,0,1,0,1,0,1,0,401.362761,3,1,0,6.59125923,3.095894487,1106.93208,313.5841512
2026-03-22,HCC,457320,6.9759,1.037920384,132.8144465,206.5657398,111.4814618,0.5091684903,262.3001061,1,0,1,0,1,0,1,0,1,0,1,0,1,0,1,0,1,0,1,0,1,0,1,0,1,0,1,0,1,0,1,0,80.828346,0,1,0,1,0,1,0,1,0,1.292504629,0.6070855076,217.0624441,61.4918869
2026-03-22,HSQ,593210,10.3122,1.346332439,172.2794932,267.9455579,144.6075351,0.6604649701,340.2410696,1,0,1,0,1,0,1,0,1,0,1,0,1,0,1,0,1,0,1,0,1,0,1,0,104.85239,0,1,0,1,0,1,0,1,0,1,0,1,0,1,0,1,0,1.676564924,0.7874774643,281.5612972,79.76384639
2026-03-22,ILQ,448110,6.5378,1.017017632,130.1396869,202.4056977,109.2363287,0.4989143098,257.0176256,1,0,1,0,1,0,1,0,1,0,1,0,1,0,1,0,1,0,1,0,1,0,1,0,1,0,124.675266,0,1,0,1,0,1,0,1,0,1,0,1,0,1,0,1.266474787,0.5948593694,212.6910081,60.25349742
2026-03-22,TCC,2854310,60.5589,6.478060289,828.9460396,1289.256225,695.7986774,3.177916368,1637.11584,1,0,585.045026,0,1,0,1,0,1,0,1,0,1,0,1,0,1,0,1,0,1,0,1,0,1,0,1,0,1,0,1,0,1,0,1,0,1,0,1,0,1,0,8.067018473,3.789054131,1354.770193,383.7945152
2026-03-22,MLQ,531090,11.2221,1.205346665,154.2386609,239.8867287,129.4644659,0.5913021375,304.6115704,1,0,1,0,1,0,1,0,1,0,1,0,1,0,1,0,134.445604,0,1,0,1,0,1,0,1,0,1,0,1,0,1,0,1,0,1,0,1,0,1,0,1,0,1.500997734,0.705014087,252.0766497,71.41110429
2026-03-22,CHQ,1224190,11.4917,2.778386589,355.5281144,552.9513536,298.4223097,1.3629821,702.1454712,1,0,1,0,1,0,1,0,338.245294,1,1,0,1,0,1,0,1,0,1,0,1,0,1,0,1,0,1,0,1,0,1,0,1,0,1,0,1,0,1,0,1,0,3.459877639,1.625094043,581.0497538,164.6062998
2026-03-22,NTQ,473460,3.0330,1.074551266,137.5018102,213.8559765,115.4159295,0.527138357,271.557352,1,0,1,0,1,0,1,0,1,0,1,0,1,0,1,0,1,0,91.59545,0,1,0,1,0,1,0,1,0,1,0,1,0,1,0,1,0,1,0,1,0,1,0,1.338120445,0.6285111179,224.7231365,63.66209388
2026-03-22,YLQ,654120,3.4374,1.484572032,189.9689184,295.4578451,159.4556411,0.7282806194,375.1765622,1,0,1,0,1,0,1,0,1,0,1,0,1,0,1,0,1,0,1,0,95.298698,0,1,0,1,0,1,0,1,0,1,0,1,0,1,0,1,0,1,0,1,0,1.848712342,0.8683345847,310.4716302,87.95389019
2026-03-22,TNC,1857211,35.7220,4.215072934,539.3694809,838.8790436,452.7346215,2.067771628,1065.220507,1,0,1,0,400.61493,1,1,0,1,0,1,0,1,0,1,0,1,0,1,0,1,0,1,0,1,0,1,0,1,0,1,0,1,0,1,0,1,0,1,0,1,0,5.248958748,2.465420018,881.506951,249.7231889
2026-03-22,KSC,2735462,48.9998,6.208326269,794.4303146,1235.574066,666.8269535,3.045594019,1568.949473,530.379014,1,1,0,1,0,1,0,1,0,1,0,1,0,1,0,1,0,1,0,1,0,1,0,1,0,1,0,1,0,1,0,1,0,1,0,1,0,1,0,1,0,7.731123279,3.631285176,1298.360158,367.8140469
2026-03-22,CYC,261900,3.9766,0.5944007447,76.06075296,118.2969633,63.84368678,0.2915928182,150.2151618,1,0,1,0,1,0,1,0,1,0,1,0,275.155487,3,1,0,1,0,1,0,1,0,1,0,1,0,1,0,1,0,1,0,1,0,1,0,1,0,1,0,1,0,0.7401971538,0.3476683601,124.3082614,35.21544035
2026-03-22,CYQ,481230,3.8755,1.092185836,139.7583663,217.3655886,117.310032,0.5357892779,276.0139072,1,0,1,0,1,0,1,0,1,0,1,0,1,0,142.572479,0,1,0,1,0,1,0,1,0,1,0,1,0,1,0,1,0,1,0,1,0,1,0,1,0,1,0,1.360080475,0.6388256775,228.4110906,64.70685895
2026-03-22,PTQ,791244,7.9869,1.795784738,229.7923422,357.3950456,192.8825281,0.8809510035,453.8252977,1,0,1,0,1,0,1,0,1,0,1,0,1,0,1,0,1,0,1,0,1,0,95.384487,0,1,0,1,0,1,0,1,0,1,0,1,0,1,0,1,0,1,0,2.23626024,1.050364658,375.5561893,106.391775
2026-03-22,HLQ,315240,2.3927,0.7154596822,91.55170585,142.389976,76.84644453,0.3509802215,180.808811,1,0,1,0,1,0,1,0,1,0,1,0,1,0,1,0,1,0,1,0,1,0,1,0,1,0,1,0,1,0,1,0,1,0,43.772943,3,1,0,1,0,1,0,0.8909497929,0.4184764179,149.6255683,42.38761136
2026-03-22,TTQ,210140,0.8762,0.47692773,61.02866219,94.91761691,51.22608759,0.2339645468,120.5277362,1,0,1,0,1,0,1,0,1,0,1,0,1,0,1,0,1,0,1,0,1,0,1,0,1,0,1,0,1,0,100.378867,0,1,0,1,0,1,0,1,0,1,0,0.5939100034,0.2789577289,99.74088603,28.25571835
2026-03-22,PHQ,107450,0.1685,0.2438654449,31.20552847,48.53382477,26.19321934,0.119632105,61.62893904,1,0,1,0,1,0,1,0,1,0,1,0,1,0,1,0,1,0,1,0,1,0,1,0,1,0,1,0,1,0,1,0,1,0,1,0,1,0,1,0,41.919289,0,0.3036814974,0.1426382791,51.00008663,14.4478773
2026-03-22,KMQ,143180,0.1927,0.3249572304,41.58220164,64.67262011,34.90316561,0.1594129809,82.12221025,1,0,1,0,1,0,1,0,1,0,1,0,1,0,1,0,1,0,1,0,1,0,1,0,1,0,1,0,1,0,1,0,1,0,1,0,45.346789,0,1,0,1,0,0.4046637208,0.1900693234,67.95898002,19.25218308
2026-03-22,MZQ,14130,0.0063,0.03206904362,4.103621379,6.382344756,3.444487569,0.01573198366,8.10439189,1,0,1,0,1,0,1,0,1,0,1,0,1,0,1,0,1,0,1,0,1,0,1,0,1,0,1,0,1,0,1,0,1,0,1,0,1,0,1,0,1,0,0.03993503545,0.01875736513,6.70666565,1.899939565
2026-03-23,TPC,2465110,23.6350,5.278059535,854.1061501,1108.286941,632.8351158,2.111223814,1453.683157,1,0,1,0,1,0,1,0,1,0,251.269716,0,1,0,1,0,1,0,1,0,1,0,1,0,1,0,1,0,1,0,1,0,1,0,1,0,1,0,1,0,1,0,5.278059535,3.377958103,1195.163801,369.0419227
2026-03-23,NTPC,4041120,50.2366,8.652462547,1400.158794,1816.844086,1037.423337,3.460985019,2383.061235,1,0,1,0,1,0,475.042066,2,1,0,1,0,1,0,1,0,1,0,1,0,1,0,1,0,1,0,1,0,1,0,1,0,1,0,1,0,1,0,1,0,1,0,8.652462547,5.53757603,1959.263619,604.9801813
2026-03-23,KLC,361050,3.1948,0.7730459879,125.0958479,162.3241965,92.68759551,0.3092183952,212.912326,1,0,1,0,1,0,1,0,1,0,1,0,1,0,1,0,1,0,1,0,1,0,1,0,1,0,1,0,87.305018,0,1,0,1,0,1,0,1,0,1,0,1,0,0.7730459879,0.4947494323,175.0485335,54.05137547
2026-03-23,TYC,2332150,38.2398,4.993378204,808.0384478,1048.509555,598.702052,1.997351282,1375.276225,1,0,1,0,1,0,1,0,1,0,1,0,1,0,1,0,1,0,1,0,1,0,1,0,1,0,1,0,1,0,1,0,1,0,1,0,1,0,395.788615,0,1,0,4.993378204,3.195762051,1130.700561,349.137004
2026-03-23,HCC,457320,6.7482,0.9791701736,158.4512758,205.6061531,117.4017205,0.3916680694,269.6830492,1,0,1,0,1,0,1,0,1,0,1,0,1,0,1,0,1,0,1,0,1,0,1,0,1,0,1,0,1,0,1,0,83.239546,0,1,0,1,0,1,0,1,0,0.9791701736,0.6266689111,221.7232941,68.46357854
2026-03-23,HSQ,593210,9.9756,1.270124942,205.5341584,266.7008354,152.2869645,0.508049977,349.8178117,1,0,1,0,1,0,1,0,1,0,1,0,1,0,1,0,1,0,1,0,1,0,1,0,101.094061,1,1,0,1,0,1,0,1,0,1,0,1,0,1,0,1,0,1.270124942,0.8128799632,287.607092,88.80713598
2026-03-23,ILQ,448110,6.3244,0.9594505959,155.2602143,201.4654361,115.0373589,0.3837802383,264.2518831,1,0,1,0,1,0,1,0,1,0,1,0,1,0,1,0,1,0,1,0,1,0,1,0,1,0,100.14183,0,1,0,1,0,1,0,1,0,1,0,1,0,1,0,0.9594505959,0.6140483814,217.2579929,67.08478566
2026-03-23,TCC,2854310,58.5822,6.111377631,988.955351,1283.267075,732.7492889,2.444551052,1683.195627,1,0,517.337862,2,1,0,1,0,1,0,1,0,1,0,1,0,1,0,1,0,1,0,1,0,1,0,1,0,1,0,1,0,1,0,1,0,1,0,1,0,1,0,6.111377631,3.911281684,1383.860351,427.307524
2026-03-23,MLQ,531090,10.8558,1.137119495,184.0109509,238.7723516,136.3397178,0.454847798,313.1854513,1,0,1,0,1,0,1,0,1,0,1,0,1,0,1,0,117.058258,0,1,0,1,0,1,0,1,0,1,0,1,0,1,0,1,0,1,0,1,0,1,0,1,0,1.137119495,0.7277564769,257.4893385,79.5073951
2026-03-23,CHQ,1224190,11.1166,2.621119424,424.1547874,550.3826566,314.270122,1.048447769,721.9087117,1,0,1,0,1,0,1,0,358.723572,1,1,0,1,0,1,0,1,0,1,0,1,0,1,0,1,0,1,0,1,0,1,0,1,0,1,0,1,0,1,0,1,0,2.621119424,1.677516431,593.5262823,183.2686701
2026-03-23,NTQ,473460,2.9340,1.01372761,164.0434292,212.8625235,121.5451294,0.4054910438,279.2008582,1,0,1,0,1,0,1,0,1,0,1,0,1,0,1,0,1,0,100.917291,0,1,0,1,0,1,0,1,0,1,0,1,0,1,0,1,0,1,0,1,0,1,0,1.01372761,0.6487856701,229.5484799,70.87983446
2026-03-23,YLQ,654120,3.3252,1.400539653,226.6381277,294.0853163,167.9235839,0.5602158611,385.7366311,1,0,1,0,1,0,1,0,1,0,1,0,1,0,1,0,1,0,1,0,102.104508,0,1,0,1,0,1,0,1,0,1,0,1,0,1,0,1,0,1,0,1,0,1.400539653,0.8963453777,317.138199,97.92573252
2026-03-23,TNC,1857211,34.5560,3.9764839,643.4825777,834.9820894,476.7772385,1.59059356,1095.203196,1,0,1,0,363.761845,2,1,0,1,0,1,0,1,0,1,0,1,0,1,0,1,0,1,0,1,0,1,0,1,0,1,0,1,0,1,0,1,0,1,0,1,0,3.9764839,2.544949696,900.4350144,278.0357543
2026-03-23,KSC,2735462,47.4004,5.856911575,947.7771449,1229.834293,702.2390123,2.34276463,1613.110586,533.386803,4,1,0,1,0,1,0,1,0,1,0,1,0,1,0,1,0,1,0,1,0,1,0,1,0,1,0,1,0,1,0,1,0,1,0,1,0,1,0,1,0,5.856911575,3.748423408,1326.239057,409.5152573
2026-03-23,CYC,261900,3.8468,0.5607554196,90.7425635,117.747423,67.2341262,0.2243021678,154.4432577,1,0,1,0,1,0,1,0,1,0,1,0,186.276573,1,1,0,1,0,1,0,1,0,1,0,1,0,1,0,1,0,1,0,1,0,1,0,1,0,1,0,1,0,0.5607554196,0.3588834685,126.9774572,39.20801894
2026-03-23,CYQ,481230,3.7490,1.030363996,166.7355626,216.3558319,123.5398188,0.4121455984,283.7828518,1,0,1,0,1,0,1,0,1,0,1,0,1,0,119.71827,0,1,0,1,0,1,0,1,0,1,0,1,0,1,0,1,0,1,0,1,0,1,0,1,0,1,0,1.030363996,0.6594329574,233.3156233,72.0430506
2026-03-23,PTQ,791244,7.7262,1.694136545,274.148564,355.7347918,203.1256165,0.6776546181,466.5990873,1,0,1,0,1,0,1,0,1,0,1,0,1,0,1,0,1,0,1,0,1,0,138.641445,2,1,0,1,0,1,0,1,0,1,0,1,0,1,0,1,0,1,0,1.694136545,1.084247389,383.6202793,118.4540272
2026-03-23,HLQ,315240,2.3146,0.6749619643,109.223695,141.7285133,80.92739955,0.2699847857,185.8980242,1,0,1,0,1,0,1,0,1,0,1,0,1,0,1,0,1,0,1,0,1,0,1,0,1,0,1,0,1,0,1,0,1,0,44.403747,0,1,0,1,0,1,0,0.6749619643,0.4319756572,152.8383872,47.19334055
2026-03-23,TTQ,210140,0.8476,0.4499318208,72.8088671,94.47668373,53.94646537,0.1799727283,123.9202221,1,0,1,0,1,0,1,0,1,0,1,0,1,0,1,0,1,0,1,0,1,0,1,0,1,0,1,0,1,0,81.112503,1,1,0,1,0,1,0,1,0,1,0,0.4499318208,0.2879563653,101.8825615,31.45923291
2026-03-23,PHQ,107450,0.1630,0.2300617405,37.22905097,48.30836427,27.58421863,0.09202469619,63.36360456,1,0,1,0,1,0,1,0,1,0,1,0,1,0,1,0,1,0,1,0,1,0,1,0,1,0,1,0,1,0,1,0,1,0,1,0,1,0,1,0,46.16,0,0.2300617405,0.1472395139,52.09518051,16.08591689
2026-03-23,KMQ,143180,0.1864,0.3065634249,49.60870654,64.37218795,36.75670939,0.1226253699,84.43369848,1,0,1,0,1,0,1,0,1,0,1,0,1,0,1,0,1,0,1,0,1,0,1,0,1,0,1,0,1,0,1,0,1,0,1,0,48.411112,0,1,0,1,0,0.3065634249,0.1962005919,69.41822193,21.43491467
2026-03-23,MZQ,14130,0.0061,0.03025381473,4.895732808,6.352696017,3.627408183,0.01210152589,8.332505653,1,0,1,0,1,0,1,0,1,0,1,0,1,0,1,0,1,0,1,0,1,0,1,0,1,0,1,0,1,0,1,0,1,0,1,0,1,0,1,0,1,0,0.03025381473,0.01936244143,6.850673808,2.115346726
2026-03-24,TPC,2465110,23.7075,7.49484454,599.2592679,1096.252965,675.1630421,2.533468577,1781.556216,1,0,1,0,1,0,1,0,1,0,250.838428,3,1,0,1,0,1,0,1,0,1,0,1,0,1,0,1,0,1,0,1,0,1,0,1,0,1,0,1,0,1,0,7.917089303,2.005662623,1116.309592,309.9276559
2026-03-24,NTPC,4041120,50.3907,12.28649682,982.3815622,1797.116471,1106.812626,4.153182023,2920.552208,1,0,1,0,1,0,441.575568,10,1,0,1,0,1,0,1,0,1,0,1,0,1,0,1,0,1,0,1,0,1,0,1,0,1,0,1,0,1,0,1,0,1,0,12.97869382,3.287935768,1829.995829,508.0726008
2026-03-24,KLC,361050,3.2046,1.097725303,87.76994076,160.5616517,98.88711512,0.3710620742,260.9339428,1,0,1,0,1,0,1,0,1,0,1,0,1,0,1,0,1,0,1,0,1,0,1,0,1,0,1,0,79.987871,0,1,0,1,0,1,0,1,0,1,0,1,0,1.159568982,0.2937574754,163.4992264,45.39326041
2026-03-24,TYC,2332150,38.3571,7.09059705,566.9371759,1037.124653,638.7469478,2.396821538,1685.464879,1,0,1,0,1,0,1,0,1,0,1,0,1,0,1,0,1,0,1,0,1,0,1,0,1,0,1,0,1,0,1,0,1,0,1,0,1,0,397.341379,1,1,0,7.490067306,1.897483718,1056.09949,293.2111682
2026-03-24,HCC,457320,6.7689,1.390421647,111.1728273,203.3736451,125.2542736,0.4700016833,330.5091004,1,0,1,0,1,0,1,0,1,0,1,0,1,0,1,0,1,0,1,0,1,0,1,0,1,0,1,0,1,0,1,0,61.293164,0,1,0,1,0,1,0,1,0,1.46875526,0.372084666,207.0944917,57.49687259
2026-03-24,HSQ,593210,10.0062,1.803577418,144.2071917,263.8049506,162.4728585,0.6096599724,428.7179731,1,0,1,0,1,0,1,0,1,0,1,0,1,0,1,0,1,0,1,0,1,0,1,0,130.798037,1,1,0,1,0,1,0,1,0,1,0,1,0,1,0,1,0,1.905187414,0.4826474781,268.6314253,74.58173662
2026-03-24,ILQ,448110,6.3438,1.362419846,108.9339099,199.2778888,122.7317689,0.460536286,323.8529541,1,0,1,0,1,0,1,0,1,0,1,0,1,0,1,0,1,0,1,0,1,0,1,0,1,0,77.930281,0,1,0,1,0,1,0,1,0,1,0,1,0,1,0,1.439175894,0.3645912264,202.923801,56.33893899
2026-03-24,TCC,2854310,58.7619,8.678156236,693.8723712,1269.333134,781.7600929,2.933461263,2062.834406,1,0,614.233051,1,1,0,1,0,1,0,1,0,1,0,1,0,1,0,1,0,1,0,1,0,1,0,1,0,1,0,1,0,1,0,1,0,1,0,1,0,1,0,9.167066447,2.3223235,1292.556369,358.8600945
2026-03-24,MLQ,531090,10.8891,1.614709683,129.1060458,236.1797191,145.4589613,0.5458173577,383.8233144,1,0,1,0,1,0,1,0,1,0,1,0,1,0,1,0,121.677171,0,1,0,1,0,1,0,1,0,1,0,1,0,1,0,1,0,1,0,1,0,1,0,1,0,1.705679243,0.4321054081,240.5007732,66.77165675
2026-03-24,CHQ,1224190,11.1507,3.721989582,297.5961329,544.4065043,335.2904513,1.258137323,884.7326503,1,0,1,0,1,0,1,0,358.132731,1,1,0,1,0,1,0,1,0,1,0,1,0,1,0,1,0,1,0,1,0,1,0,1,0,1,0,1,0,1,0,1,0,3.931679136,0.996025381,554.3667581,153.9121326
2026-03-24,NTQ,473460,2.9430,1.439493206,115.0964026,210.5512245,129.6748193,0.4865892526,342.1736173,1,0,1,0,1,0,1,0,1,0,1,0,1,0,1,0,1,0,79.829245,0,1,0,1,0,1,0,1,0,1,0,1,0,1,0,1,0,1,0,1,0,1,0,1.520591414,0.3852164916,214.4033894,59.52608523
2026-03-24,YLQ,654120,3.3354,1.988766307,159.014191,290.8920859,179.1553517,0.6722590333,472.7381544,1,0,1,0,1,0,1,0,1,0,1,0,1,0,1,0,1,0,1,0,132.058238,0,1,0,1,0,1,0,1,0,1,0,1,0,1,0,1,0,1,0,1,0,2.100809479,0.532205068,296.2141365,82.23968841
2026-03-24,TNC,1857211,34.6620,5.646607139,451.4812338,825.9157061,508.6670488,1.908712272,1342.222376,1,0,1,0,401.967133,3,1,0,1,0,1,0,1,0,1,0,1,0,1,0,1,0,1,0,1,0,1,0,1,0,1,0,1,0,1,0,1,0,1,0,1,0,5.964725851,1.511063882,841.0263449,233.4991346
2026-03-24,KSC,2735462,47.5458,8.316814436,664.980855,1216.480534,749.2091004,2.811317556,1976.941933,568.976839,5,1,0,1,0,1,0,1,0,1,0,1,0,1,0,1,0,1,0,1,0,1,0,1,0,1,0,1,0,1,0,1,0,1,0,1,0,1,0,1,0,8.785367362,2.225626398,1238.736798,343.9178477
2026-03-24,CYC,261900,3.8586,0.7962726958,63.66693667,116.4689006,71.73116036,0.2691626014,189.2773843,1,0,1,0,1,0,1,0,1,0,1,0,210.086526,0,1,0,1,0,1,0,1,0,1,0,1,0,1,0,1,0,1,0,1,0,1,0,1,0,1,0,1,0,0.8411331293,0.2130870594,118.5997712,32.92755824
2026-03-24,CYQ,481230,3.7605,1.463116874,116.9852613,214.006602,131.8029259,0.4945747181,347.7890632,1,0,1,0,1,0,1,0,1,0,1,0,1,0,120.031915,0,1,0,1,0,1,0,1,0,1,0,1,0,1,0,1,0,1,0,1,0,1,0,1,0,1,0,1.545545994,0.3915383185,217.9219852,60.50297385
2026-03-24,PTQ,791244,7.7499,2.405673894,192.3485362,351.8721604,216.7119139,0.8131855417,571.8388495,1,0,1,0,1,0,1,0,1,0,1,0,1,0,1,0,1,0,1,0,1,0,132.507281,0,1,0,1,0,1,0,1,0,1,0,1,0,1,0,1,0,1,0,2.541204818,0.6437718872,358.3098793,99.47969793
2026-03-24,HLQ,315240,2.3217,0.9584459894,76.63369651,140.1896,86.34032452,0.3239817429,227.8266614,1,0,1,0,1,0,1,0,1,0,1,0,1,0,1,0,1,0,1,0,1,0,1,0,1,0,1,0,1,0,1,0,1,0,49.793577,0,1,0,1,0,1,0,1.012442947,0.2564855464,142.7544555,39.63376655
2026-03-24,TTQ,210140,0.8502,0.6389031855,51.08426908,93.45083918,57.5547386,0.215967274,151.8699868,1,0,1,0,1,0,1,0,1,0,1,0,1,0,1,0,1,0,1,0,1,0,1,0,1,0,1,0,1,0,95.778195,0,1,0,1,0,1,0,1,0,1,0,0.6748977312,0.1709740919,95.1605801,26.41999652
2026-03-24,PHQ,107450,0.1635,0.3266876715,26.12070388,47.7838235,29.42922177,0.1104296354,77.65503988,1,0,1,0,1,0,1,0,1,0,1,0,1,0,1,0,1,0,1,0,1,0,1,0,1,0,1,0,1,0,1,0,1,0,1,0,1,0,1,0,43.981773,0,0.3450926107,0.08742346138,48.65805811,13.5092254
2026-03-24,KMQ,143180,0.1870,0.4353200633,34.80653682,63.67322334,39.21522543,0.1471504439,103.4774184,1,0,1,0,1,0,1,0,1,0,1,0,1,0,1,0,1,0,1,0,1,0,1,0,1,0,1,0,1,0,1,0,1,0,1,0,50.480355,0,1,0,1,0,0.4598451373,0.1164941014,64.83816436,18.00140431
2026-03-24,MZQ,14130,0.0061,0.04296041692,3.434951566,6.28371732,3.870031676,0.01452183107,10.21187262,1,0,1,0,1,0,1,0,1,0,1,0,1,0,1,0,1,0,1,0,1,0,1,0,1,0,1,0,1,0,1,0,1,0,1,0,1,0,1,0,1,0,0.0453807221,0.0114964496,6.398681816,1.776504001
2026-03-25,TPC,2465110,25.5925,5.278059535,780.2660972,1075.246289,627.2372059,2.533468577,1816.602531,1,0,1,0,1,0,1,0,1,0,228.531702,1,1,0,1,0,1,0,1,0,1,0,1,0,1,0,1,0,1,0,1,0,1,0,1,0,1,0,1,0,1,0,8.128211684,2.322346196,1123.27663,331.2510164
2026-03-25,NTPC,4041120,54.3973,8.652462547,1279.110843,1762.67967,1028.246536,4.153182023,2978.004559,1,0,1,0,1,0,502.395033,2,1,0,1,0,1,0,1,0,1,0,1,0,1,0,1,0,1,0,1,0,1,0,1,0,1,0,1,0,1,0,1,0,1,0,13.32479232,3.807083521,1841.417079,543.0285495
2026-03-25,KLC,361050,3.4594,0.7730459879,114.2809345,157.4849287,91.86770294,0.3710620742,266.0669681,1,0,1,0,1,0,1,0,1,0,1,0,1,0,1,0,1,0,1,0,1,0,1,0,1,0,1,0,100.311141,0,1,0,1,0,1,0,1,0,1,0,1,0,1.190490821,0.3401402347,164.5196471,48.5163662
2026-03-25,TYC,2332150,41.4069,4.993378204,738.1810867,1017.251008,593.4060751,2.396821538,1718.62091,1,0,1,0,1,0,1,0,1,0,1,0,1,0,1,0,1,0,1,0,1,0,1,0,1,0,1,0,1,0,1,0,1,0,1,0,1,0,395.446013,2,1,0,7.689802435,2.19708641,1062.690749,313.3844161
2026-03-25,HCC,457320,7.3071,0.9791701736,144.7526851,199.4765478,116.3632126,0.4700016833,337.0107904,1,0,1,0,1,0,1,0,1,0,1,0,1,0,1,0,1,0,1,0,1,0,1,0,1,0,1,0,1,0,1,0,67.893391,0,1,0,1,0,1,0,1,0,1.507922067,0.4308348764,208.3869963,61.4527201
2026-03-25,HSQ,593210,10.8018,1.270124942,187.7651105,258.7498533,150.93987,0.6096599724,437.1516027,1,0,1,0,1,0,1,0,1,0,1,0,1,0,1,0,1,0,1,0,1,0,1,0,104.939521,1,1,0,1,0,1,0,1,0,1,0,1,0,1,0,1,0,1.955992411,0.5588549747,270.3079903,79.71304139
2026-03-25,ILQ,448110,6.8482,0.9594505959,141.8375005,195.4592754,114.0197656,0.460536286,330.2237061,1,0,1,0,1,0,1,0,1,0,1,0,1,0,1,0,1,0,1,0,1,0,1,0,1,0,81.097317,0,1,0,1,0,1,0,1,0,1,0,1,0,1,0,1.477553918,0.4221582622,204.1902758,60.2151194
2026-03-25,TCC,2854310,63.4341,6.111377631,903.457178,1245.009851,726.2675618,2.933461263,2103.413953,1,0,564.94836,1,1,0,1,0,1,0,1,0,1,0,1,0,1,0,1,0,1,0,1,0,1,0,1,0,1,0,1,0,1,0,1,0,1,0,1,0,1,0,9.411521552,2.689006158,1300.623387,383.5500601
2026-03-25,MLQ,531090,11.7549,1.137119495,168.1026492,231.6539835,135.1336888,0.5458173577,391.3737878,1,0,1,0,1,0,1,0,1,0,1,0,1,0,1,0,126.80777,0,1,0,1,0,1,0,1,0,1,0,1,0,1,0,1,0,1,0,1,0,1,0,1,0,1.751164022,0.5003325779,242.001771,71.36561951
2026-03-25,CHQ,1224190,12.0373,2.621119424,387.4853266,533.974449,311.4901627,1.258137323,902.1368832,1,0,1,0,1,0,1,0,355.583752,1,1,0,1,0,1,0,1,0,1,0,1,0,1,0,1,0,1,0,1,0,1,0,1,0,1,0,1,0,1,0,1,0,4.036523912,1.153292546,557.8266357,164.501455
2026-03-25,NTQ,473460,3.1770,1.01372761,149.86138,206.5165886,120.4699699,0.4865892526,348.9047687,1,0,1,0,1,0,1,0,1,0,1,0,1,0,1,0,1,0,106.587407,0,1,0,1,0,1,0,1,0,1,0,1,0,1,0,1,0,1,0,1,0,1,0,1.561140519,0.4460401482,215.7415099,63.62154478
2026-03-25,YLQ,654120,3.6006,1.400539653,207.0445779,285.317938,166.4381716,0.6722590333,482.0377377,1,0,1,0,1,0,1,0,1,0,1,0,1,0,1,0,1,0,1,0,105.425893,0,1,0,1,0,1,0,1,0,1,0,1,0,1,0,1,0,1,0,1,0,2.156831065,0.6162374472,298.0628489,87.8978686
2026-03-25,TNC,1857211,37.4180,3.9764839,587.851568,810.0893002,472.5597796,1.908712272,1368.626229,1,0,1,0,467.300577,4,1,0,1,0,1,0,1,0,1,0,1,0,1,0,1,0,1,0,1,0,1,0,1,0,1,0,1,0,1,0,1,0,1,0,1,0,6.123785207,1.749652916,846.2753037,249.5641296
2026-03-25,KSC,2735462,51.3262,5.856911575,865.838952,1193.170026,696.0271719,2.811317556,2015.831826,532.566121,5,1,0,1,0,1,0,1,0,1,0,1,0,1,0,1,0,1,0,1,0,1,0,1,0,1,0,1,0,1,0,1,0,1,0,1,0,1,0,1,0,9.019643825,2.577041093,1246.467921,367.5797704
2026-03-25,CYC,261900,4.1654,0.5607554196,82.89759518,114.2370941,66.639389,0.2691626014,193.0008003,1,0,1,0,1,0,1,0,1,0,1,0,212.879429,0,1,0,1,0,1,0,1,0,1,0,1,0,1,0,1,0,1,0,1,0,1,0,1,0,1,0,1,0,0.8635633461,0.2467323846,119.3399684,35.19301013
2026-03-25,CYQ,481230,4.0595,1.030363996,152.3207703,209.9057533,122.4470148,0.4945747181,354.6306801,1,0,1,0,1,0,1,0,1,0,1,0,1,0,132.31792,0,1,0,1,0,1,0,1,0,1,0,1,0,1,0,1,0,1,0,1,0,1,0,1,0,1,0,1.586760554,0.4533601582,219.2820656,64.66564439
2026-03-25,PTQ,791244,8.3661,1.694136545,250.4475938,345.129497,201.3288152,0.8131855417,583.0879161,1,0,1,0,1,0,1,0,1,0,1,0,1,0,1,0,1,0,1,0,1,0,143.226106,1,1,0,1,0,1,0,1,0,1,0,1,0,1,0,1,0,1,0,2.60897028,0.7454200799,360.5461396,106.3240096
2026-03-25,HLQ,315240,2.5063,0.6749619643,99.78097711,137.5032514,80.2115349,0.3239817429,232.3084089,1,0,1,0,1,0,1,0,1,0,1,0,1,0,1,0,1,0,1,0,1,0,1,0,1,0,1,0,1,0,1,0,1,0,55.524053,0,1,0,1,0,1,0,1.039441425,0.2969832643,143.6454053,42.36061288
2026-03-25,TTQ,210140,0.9178,0.4499318208,66.51432093,91.66011053,53.46926768,0.215967274,154.8575341,1,0,1,0,1,0,1,0,1,0,1,0,1,0,1,0,1,0,1,0,1,0,1,0,1,0,1,0,1,0,81.57727,0,1,0,1,0,1,0,1,0,1,0,0.692895004,0.1979700011,95.7544901,28.23772107
2026-03-25,PHQ,107450,0.1765,0.2300617405,34.01048722,46.86817777,27.34021515,0.1104296354,79.18264984,1,0,1,0,1,0,1,0,1,0,1,0,1,0,1,0,1,0,1,0,1,0,1,0,1,0,1,0,1,0,1,0,1,0,1,0,1,0,1,0,45.298144,0,0.3542950803,0.1012271658,48.96173961,14.43867483
2026-03-25,KMQ,143180,0.2018,0.3065634249,45.31988422,62.45310091,36.43156822,0.1471504439,105.5129996,1,0,1,0,1,0,1,0,1,0,1,0,1,0,1,0,1,0,1,0,1,0,1,0,1,0,1,0,1,0,1,0,1,0,1,0,49.287477,0,1,0,1,0,0.4721076743,0.1348879069,65.24282808,19.23992054
2026-03-25,MZQ,14130,0.0066,0.03025381473,4.472481939,6.163307137,3.595320987,0.01452183107,10.41275795,1,0,1,0,1,0,1,0,1,0,1,0,1,0,1,0,1,0,1,0,1,0,1,0,1,0,1,0,1,0,1,0,1,0,1,0,1,0,1,0,1,0,0.04659087469,0.01331167848,6.438616851,1.898729413
2026-03-26,TPC,2465110,22.2575,6.122549061,589.336516,1069.545984,615.6075295,2.744590958,1833.703444,1,0,1,0,1,0,1,0,1,0,223.160029,0,1,0,1,0,1,0,1,0,1,0,1,0,1,0,1,0,1,0,1,0,1,0,1,0,1,0,1,0,1,0,6.333671442,2.322346196,1128.976935,320.2726526
2026-03-26,NTPC,4041120,47.3087,10.03685655,966.1149326,1753.335011,1009.1817,4.499280524,3006.038538,1,0,1,0,1,0,454.899002,2,1,0,1,0,1,0,1,0,1,0,1,0,1,0,1,0,1,0,1,0,1,0,1,0,1,0,1,0,1,0,1,0,1,0,10.38295506,3.807083521,1850.761739,525.0314274
2026-03-26,KLC,361050,3.0086,0.896733346,86.31661431,156.650039,90.16437341,0.4019839137,268.5716371,1,0,1,0,1,0,1,0,1,0,1,0,1,0,1,0,1,0,1,0,1,0,1,0,1,0,1,0,81.791789,1,1,0,1,0,1,0,1,0,1,0,1,0,0.9276551855,0.3401402347,165.3545368,46.90843055
2026-03-26,TYC,2332150,36.0111,5.792318717,557.5496249,1011.858159,582.4036655,2.596556666,1734.799456,1,0,1,0,1,0,1,0,1,0,1,0,1,0,1,0,1,0,1,0,1,0,1,0,1,0,1,0,1,0,1,0,1,0,1,0,1,0,390.539441,0,1,0,5.992053845,2.19708641,1068.083598,302.9981894
2026-03-26,HCC,457320,6.3549,1.135837401,109.3319874,198.419044,114.205709,0.5091684903,340.1833017,1,0,1,0,1,0,1,0,1,0,1,0,1,0,1,0,1,0,1,0,1,0,1,0,1,0,1,0,1,0,1,0,71.470526,0,1,0,1,0,1,0,1,0,1.175004208,0.4308348764,209.4445001,59.41604614
2026-03-26,HSQ,593210,9.3942,1.473344933,141.8193568,257.3781183,148.1412767,0.6604649701,441.2668075,1,0,1,0,1,0,1,0,1,0,1,0,1,0,1,0,1,0,1,0,1,0,1,0,81.84166,0,1,0,1,0,1,0,1,0,1,0,1,0,1,0,1,0,1.524149931,0.5588549747,271.6797252,77.07118151
2026-03-26,ILQ,448110,5.9558,1.112962691,107.1301427,194.4230687,111.9057121,0.4989143098,333.332326,1,0,1,0,1,0,1,0,1,0,1,0,1,0,1,0,1,0,1,0,1,0,1,0,1,0,99.75249,0,1,0,1,0,1,0,1,0,1,0,1,0,1,0,1.151340715,0.4221582622,205.2264825,58.21946216
2026-03-26,TCC,2854310,55.1679,7.089198052,682.3829813,1238.409563,712.8017523,3.177916368,2123.214817,1,0,576.64253,1,1,0,1,0,1,0,1,0,1,0,1,0,1,0,1,0,1,0,1,0,1,0,1,0,1,0,1,0,1,0,1,0,1,0,1,0,1,0,7.333653157,2.689006158,1307.223675,370.8383947
2026-03-26,MLQ,531090,10.2231,1.319058614,126.9682612,230.4258945,132.6281597,0.5913021375,395.058055,1,0,1,0,1,0,1,0,1,0,1,0,1,0,1,0,120.528094,2,1,0,1,0,1,0,1,0,1,0,1,0,1,0,1,0,1,0,1,0,1,0,1,0,1.364543394,0.5003325779,243.22986,69.00041096
2026-03-26,CHQ,1224190,10.4687,3.040498531,292.6684284,531.14364,305.7147882,1.3629821,910.6293102,1,0,1,0,1,0,1,0,339.488432,1,1,0,1,0,1,0,1,0,1,0,1,0,1,0,1,0,1,0,1,0,1,0,1,0,1,0,1,0,1,0,1,0,3.145343308,1.153292546,560.6574447,159.0495266
2026-03-26,NTQ,473460,2.7630,1.175924027,113.1905947,205.4217628,118.2363225,0.527138357,352.1892461,1,0,1,0,1,0,1,0,1,0,1,0,1,0,1,0,1,0,93.353527,1,1,0,1,0,1,0,1,0,1,0,1,0,1,0,1,0,1,0,1,0,1,0,1.216473131,0.4460401482,216.8363357,61.51299135
2026-03-26,YLQ,654120,3.1314,1.624625997,156.3811764,283.8053552,163.3522225,0.7282806194,486.5754861,1,0,1,0,1,0,1,0,1,0,1,0,1,0,1,0,1,0,1,0,93.065126,0,1,0,1,0,1,0,1,0,1,0,1,0,1,0,1,0,1,0,1,0,1.680647583,0.6162374472,299.5754317,84.98474613
2026-03-26,TNC,1857211,32.5420,4.612721324,444.0054441,805.7946976,463.797995,2.067771628,1381.510037,1,0,1,0,496.607131,0,1,0,1,0,1,0,1,0,1,0,1,0,1,0,1,0,1,0,1,0,1,0,1,0,1,0,1,0,1,0,1,0,1,0,1,0,4.77178068,1.749652916,850.5699063,241.2930431
2026-03-26,KSC,2735462,44.6378,6.794017427,653.9698613,1186.844562,683.1220529,3.045594019,2034.808219,547.813079,1,1,0,1,0,1,0,1,0,1,0,1,0,1,0,1,0,1,0,1,0,1,0,1,0,1,0,1,0,1,0,1,0,1,0,1,0,1,0,1,0,7.02829389,2.577041093,1252.793386,355.3973944
2026-03-26,CYC,261900,3.6226,0.6504762867,62.61271649,113.6314782,65.40382051,0.2915928182,194.8176479,1,0,1,0,1,0,1,0,1,0,1,0,202.223181,0,1,0,1,0,1,0,1,0,1,0,1,0,1,0,1,0,1,0,1,0,1,0,1,0,1,0,1,0,0.6729065035,0.2467323846,119.9455842,34.02663886
2026-03-26,CYQ,481230,3.5305,1.195222235,115.048177,208.7929601,120.1767107,0.5357892779,357.9690595,1,0,1,0,1,0,1,0,1,0,1,0,1,0,114.35161,0,1,0,1,0,1,0,1,0,1,0,1,0,1,0,1,0,1,0,1,0,1,0,1,0,1,0,1.236436795,0.4533601582,220.3948587,62.52248728
2026-03-26,PTQ,791244,7.2759,1.965198392,189.1635595,343.2998295,197.5959548,0.8809510035,588.5769185,1,0,1,0,1,0,1,0,1,0,1,0,1,0,1,0,1,0,1,0,1,0,129.506903,0,1,0,1,0,1,0,1,0,1,0,1,0,1,0,1,0,1,0,2.032963854,0.7454200799,362.375807,102.8002056
2026-03-26,HLQ,315240,2.1797,0.7829558786,75.36476802,136.7742925,78.7243237,0.3509802215,234.4952857,1,0,1,0,1,0,1,0,1,0,1,0,1,0,1,0,1,0,1,0,1,0,1,0,1,0,1,0,1,0,1,0,1,0,47.622599,0,1,0,1,0,1,0,0.8099543572,0.2969832643,144.3743642,40.956692
2026-03-26,TTQ,210140,0.7982,0.5219209121,50.23839726,91.17418417,52.4778879,0.2339645468,156.3153132,1,0,1,0,1,0,1,0,1,0,1,0,1,0,1,0,1,0,1,0,1,0,1,0,1,0,1,0,1,0,77.662085,0,1,0,1,0,1,0,1,0,1,0,0.5399181849,0.1979700011,96.24041647,27.30186289
2026-03-26,PHQ,107450,0.1535,0.266871619,25.68818781,46.61971109,26.83329711,0.119632105,79.92804988,1,0,1,0,1,0,1,0,1,0,1,0,1,0,1,0,1,0,1,0,1,0,1,0,1,0,1,0,1,0,1,0,1,0,1,0,1,0,1,0,48.073785,1,0.2760740886,0.1012271658,49.21020629,13.96014641
2026-03-26,KMQ,143180,0.1755,0.3556135728,34.23019758,62.12201241,35.75608637,0.1594129809,106.5062651,1,0,1,0,1,0,1,0,1,0,1,0,1,0,1,0,1,0,1,0,1,0,1,0,1,0,1,0,1,0,1,0,1,0,1,0,60.051735,0,1,0,1,0,0.3678761098,0.1348879069,65.57391658,18.60226862
2026-03-26,MZQ,14130,0.0058,0.03509442509,3.378074395,6.130633017,3.528659732,0.01573198366,10.51078031,1,0,1,0,1,0,1,0,1,0,1,0,1,0,1,0,1,0,1,0,1,0,1,0,1,0,1,0,1,0,1,0,1,0,1,0,1,0,1,0,1,0,0.03630457768,0.01331167848,6.471290971,1.835801478
2026-03-27,TPC,2465110,22.0400,6.650355014,749.5731254,1058.56762,610.881555,2.95571334,1887.328529,1,0,1,0,1,0,1,0,1,0,233.409191,0,1,0,1,0,1,0,1,0,1,0,1,0,1,0,1,0,1,0,1,0,1,0,1,0,1,0,1,0,1,0,8.656017638,1.372295479,1167.717892,306.655259
2026-03-27,NTPC,4041120,46.8464,10.90210281,1228.795043,1735.337888,1001.434285,4.845379026,3093.947558,1,0,1,0,1,0,402.15351,1,1,0,1,0,1,0,1,0,1,0,1,0,1,0,1,0,1,0,1,0,1,0,1,0,1,0,1,0,1,0,1,0,1,0,14.19003858,2.249640262,1914.270814,502.708074
2026-03-27,KLC,361050,2.9792,0.9740379447,109.7855175,155.0421033,89.47218803,0.4329057532,276.4257844,1,0,1,0,1,0,1,0,1,0,1,0,1,0,1,0,1,0,1,0,1,0,1,0,1,0,1,0,100.005081,0,1,0,1,0,1,0,1,0,1,0,1,0,1.26779542,0.2009919569,171.0286944,44.9139719
2026-03-27,TYC,2332150,35.6592,6.291656537,709.1435938,1001.471933,577.9325947,2.796291794,1785.532178,1,0,1,0,1,0,1,0,1,0,1,0,1,0,1,0,1,0,1,0,1,0,1,0,1,0,1,0,1,0,1,0,1,0,1,0,1,0,400.345601,1,1,0,8.189140255,1.298278333,1104.734994,290.1152737
2026-03-27,HCC,457320,6.2928,1.233754419,139.0586147,196.38237,113.3289601,0.5483352972,350.1316707,1,0,1,0,1,0,1,0,1,0,1,0,1,0,1,0,1,0,1,0,1,0,1,0,1,0,1,0,1,0,1,0,65.389781,0,1,0,1,0,1,0,1,0,1.605839085,0.2545842451,216.6316092,56.88978709
2026-03-27,HSQ,593210,9.3024,1.600357428,180.3790799,254.7362585,147.0040068,0.7112699678,454.1712769,1,0,1,0,1,0,1,0,1,0,1,0,1,0,1,0,1,0,1,0,1,0,1,0,76.242238,3,1,0,1,0,1,0,1,0,1,0,1,0,1,0,1,0,2.083004906,0.330232485,281.0024423,73.79425916
2026-03-27,ILQ,448110,5.8976,1.208907751,136.2581034,192.4274115,111.0466201,0.5372923337,343.0803441,1,0,1,0,1,0,1,0,1,0,1,0,1,0,1,0,1,0,1,0,1,0,1,0,1,0,95.974123,0,1,0,1,0,1,0,1,0,1,0,1,0,1,0,1.573498977,0.2494571549,212.2688498,55.74407962
2026-03-27,TCC,2854310,54.6288,7.700335815,867.9182948,1225.697898,707.3296247,3.422371473,2185.306413,1,0,698.188882,2,1,0,1,0,1,0,1,0,1,0,1,0,1,0,1,0,1,0,1,0,1,0,1,0,1,0,1,0,1,0,1,0,1,0,1,0,1,0,10.02265932,1.588958184,1352.081187,355.0710404
2026-03-27,MLQ,531090,10.1232,1.432770564,161.4900719,228.0606859,131.6099829,0.6367869173,406.6111891,1,0,1,0,1,0,1,0,1,0,1,0,1,0,1,0,107.144458,0,1,0,1,0,1,0,1,0,1,0,1,0,1,0,1,0,1,0,1,0,1,0,1,0,1.864875972,0.2956510687,251.5763171,66.06664267
2026-03-27,CHQ,1224190,10.3664,3.302610474,372.242993,525.6917116,303.3678379,1.467826877,937.2598835,1,0,1,0,1,0,1,0,340.802619,0,1,0,1,0,1,0,1,0,1,0,1,0,1,0,1,0,1,0,1,0,1,0,1,0,1,0,1,0,1,0,1,0,4.298635855,0.6814910502,579.8964613,152.2870385
2026-03-27,NTQ,473460,2.7360,1.277296788,143.9663512,203.3132094,117.3286308,0.5676874614,362.4887186,1,0,1,0,1,0,1,0,1,0,1,0,1,0,1,0,1,0,91.777723,1,1,0,1,0,1,0,1,0,1,0,1,0,1,0,1,0,1,0,1,0,1,0,1.66251328,0.2635691785,224.2770963,58.89757412
2026-03-27,YLQ,654120,3.1008,1.764679962,198.9001597,280.8922327,162.0981793,0.7843022055,500.804969,1,0,1,0,1,0,1,0,1,0,1,0,1,0,1,0,1,0,1,0,75.731582,0,1,0,1,0,1,0,1,0,1,0,1,0,1,0,1,0,1,0,1,0,2.29688503,0.3641403097,309.8553928,81.37135382
2026-03-27,TNC,1857211,32.2240,5.010369714,564.7275188,797.5236111,460.2374513,2.226830984,1421.911113,1,0,1,0,484.586135,0,1,0,1,0,1,0,1,0,1,0,1,0,1,0,1,0,1,0,1,0,1,0,1,0,1,0,1,0,1,0,1,0,1,0,1,0,6.521433597,1.033885814,879.7572981,231.0337146
2026-03-27,KSC,2735462,44.2016,7.379708584,831.7798398,1174.662185,677.8777743,3.279870482,2094.314441,555.356025,4,1,0,1,0,1,0,1,0,1,0,1,0,1,0,1,0,1,0,1,0,1,0,1,0,1,0,1,0,1,0,1,0,1,0,1,0,1,0,1,0,9.605334983,1.522797009,1295.783117,340.2865625
2026-03-27,CYC,261900,3.5872,0.7065518286,79.63669027,112.4651069,64.90172011,0.314023035,200.5149229,1,0,1,0,1,0,1,0,1,0,1,0,169.667601,0,1,0,1,0,1,0,1,0,1,0,1,0,1,0,1,0,1,0,1,0,1,0,1,0,1,0,1,0,0.9196388881,0.1457964091,124.061529,32.57988988
2026-03-27,CYQ,481230,3.4960,1.298258635,146.3289975,206.649803,119.2541228,0.5770038378,368.4375577,1,0,1,0,1,0,1,0,1,0,1,0,1,0,129.271729,2,1,0,1,0,1,0,1,0,1,0,1,0,1,0,1,0,1,0,1,0,1,0,1,0,1,0,1.689796953,0.267894639,227.9577305,59.86414817
2026-03-27,PTQ,791244,7.2048,2.134612047,240.5958509,339.7760255,196.0790249,0.9487164653,605.7893458,1,0,1,0,1,0,1,0,1,0,1,0,1,0,1,0,1,0,1,0,1,0,129.466214,0,1,0,1,0,1,0,1,0,1,0,1,0,1,0,1,0,1,0,2.778383934,0.4404755018,374.8107693,98.42933328
2026-03-27,HLQ,315240,2.1584,0.8504520751,95.8559383,135.3703716,78.11996276,0.3779787,241.3528992,1,0,1,0,1,0,1,0,1,0,1,0,1,0,1,0,1,0,1,0,1,0,1,0,1,0,1,0,1,0,1,0,1,0,48.905785,0,1,0,1,0,1,0,1.106937622,0.1754901107,149.328585,39.21529013
2026-03-27,TTQ,210140,0.7904,0.5669140942,63.89787741,90.23832598,52.07501895,0.2519618196,160.8866205,1,0,1,0,1,0,1,0,1,0,1,0,1,0,1,0,1,0,1,0,1,0,1,0,1,0,1,0,1,0,63.429289,0,1,0,1,0,1,0,1,0,1,0,0.7378881861,0.1169822734,99.54291603,26.14103879
2026-03-27,PHQ,107450,0.1520,0.289877793,32.67263219,46.14118267,26.62729983,0.1288345747,82.26547716,1,0,1,0,1,0,1,0,1,0,1,0,1,0,1,0,1,0,1,0,1,0,1,0,1,0,1,0,1,0,1,0,1,0,1,0,1,0,1,0,33.816156,0,0.3773012544,0.05981605252,50.89885946,13.36658712
2026-03-27,KMQ,143180,0.1738,0.3862699153,43.5371566,61.48436049,35.48158948,0.1716755179,109.6209495,1,0,1,0,1,0,1,0,1,0,1,0,1,0,1,0,1,0,1,0,1,0,1,0,1,0,1,0,1,0,1,0,1,0,1,0,59.416849,0,1,0,1,0,0.5027640168,0.07970649046,67.82409212,17.81133498
2026-03-27,MZQ,14130,0.0057,0.03811980656,4.296549956,6.067705083,3.501570466,0.01694213625,10.81815907,1,0,1,0,1,0,1,0,1,0,1,0,1,0,1,0,1,0,1,0,1,0,1,0,1,0,1,0,1,0,1,0,1,0,1,0,1,0,1,0,1,0,0.04961625616,0.00786599183,6.693353971,1.757746636
2026-03-28,TPC,2465110,22.5475,7.705966922,557.4918716,1042.944564,618.965431,2.744590958,1739.331739,1,0,1,0,1,0,1,0,1,0,327.576766,0,1,0,1,0,1,0,1,0,1,0,1,0,1,0,1,0,1,0,1,0,1,0,1,0,1,0,1,0,1,0,7.389283349,1.688979051,1165.501107,332.7288731
2026-03-28,NTPC,4041120,47.9251,12.63259532,913.9111651,1709.726599,1014.686396,4.499280524,2851.332508,1,0,1,0,1,0,480.879292,0,1,0,1,0,1,0,1,0,1,0,1,0,1,0,1,0,1,0,1,0,1,0,1,0,1,0,1,0,1,0,1,0,1,0,12.11344757,2.768788015,1910.63678,545.451239
2026-03-28,KLC,361050,3.0478,1.128647142,81.65251864,152.7538872,90.65618527,0.4019839137,254.7495749,1,0,1,0,1,0,1,0,1,0,1,0,1,0,1,0,1,0,1,0,1,0,1,0,1,0,1,0,63.549805,0,1,0,1,0,1,0,1,0,1,0,1,0,1.082264383,0.2473747161,170.704015,48.73281908
2026-03-28,TYC,2332150,36.4803,7.290332178,527.4225768,986.6915332,585.5804528,2.596556666,1645.517853,1,0,1,0,1,0,1,0,1,0,1,0,1,0,1,0,1,0,1,0,1,0,1,0,1,0,1,0,1,0,1,0,1,0,1,0,1,0,405.746504,0,1,0,6.990729486,1.597881025,1102.637775,314.782562
2026-03-28,HCC,457320,6.4377,1.429588453,103.4242621,193.4840263,114.8286571,0.5091684903,322.675739,1,0,1,0,1,0,1,0,1,0,1,0,1,0,1,0,1,0,1,0,1,0,1,0,1,0,1,0,1,0,1,0,56.97835,0,1,0,1,0,1,0,1,0,1.370838243,0.3133344556,216.2203577,61.72688774
2026-03-28,HSQ,593210,9.5166,1.854382416,134.156185,250.9766886,148.9493302,0.6604649701,418.5569735,1,0,1,0,1,0,1,0,1,0,1,0,1,0,1,0,1,0,1,0,1,0,1,0,118.780052,0,1,0,1,0,1,0,1,0,1,0,1,0,1,0,1,0,1.778174919,0.4064399816,280.4689898,80.06867637
2026-03-28,ILQ,448110,6.0334,1.40079787,101.3413935,189.5874377,112.5161146,0.4989143098,316.1773494,1,0,1,0,1,0,1,0,1,0,1,0,1,0,1,0,1,0,1,0,1,0,1,0,1,0,50.266915,0,1,0,1,0,1,0,1,0,1,0,1,0,1,0,1.343230834,0.3070241907,211.8658806,60.48376556
2026-03-28,TCC,2854310,55.8867,8.922611341,645.5105955,1207.60822,716.6898107,3.177916368,2013.943385,1,0,626.844354,1,1,0,1,0,1,0,1,0,1,0,1,0,1,0,1,0,1,0,1,0,1,0,1,0,1,0,1,0,1,0,1,0,1,0,1,0,1,0,8.555928684,1.955640842,1349.514409,385.2612459
2026-03-28,MLQ,531090,10.3563,1.660194463,120.1075644,224.6948122,133.3515952,0.5913021375,374.7263584,1,0,1,0,1,0,1,0,1,0,1,0,1,0,1,0,162.020014,0,1,0,1,0,1,0,1,0,1,0,1,0,1,0,1,0,1,0,1,0,1,0,1,0,1.591967293,0.3638782384,251.0987269,71.68401297
2026-03-28,CHQ,1224190,10.6051,3.826834359,276.8541665,517.9331981,307.3823444,1.3629821,863.7636949,1,0,1,0,1,0,1,0,334.318016,3,1,0,1,0,1,0,1,0,1,0,1,0,1,0,1,0,1,0,1,0,1,0,1,0,1,0,1,0,1,0,1,0,3.669567193,0.8387582156,578.7955911,165.2353685
2026-03-28,NTQ,473460,2.7990,1.48004231,107.0743705,200.3125756,118.881256,0.527138357,334.0637965,1,0,1,0,1,0,1,0,1,0,1,0,1,0,1,0,1,0,195.823723,2,1,0,1,0,1,0,1,0,1,0,1,0,1,0,1,0,1,0,1,0,1,0,1.419218653,0.3243928351,223.8513307,63.90538851
2026-03-28,YLQ,654120,3.1722,2.044787893,147.9311605,276.7466354,164.2432458,0.7282806194,461.5338371,1,0,1,0,1,0,1,0,1,0,1,0,1,0,1,0,1,0,1,0,92.257979,1,1,0,1,0,1,0,1,0,1,0,1,0,1,0,1,0,1,0,1,0,1.960755514,0.4481726889,309.2671661,88.29001971
2026-03-28,TNC,1857211,32.9660,5.805666495,420.0137261,785.7532187,466.3278341,2.067771628,1310.410505,1,0,1,0,453.361979,1,1,0,1,0,1,0,1,0,1,0,1,0,1,0,1,0,1,0,1,0,1,0,1,0,1,0,1,0,1,0,1,0,1,0,1,0,5.567077461,1.272474848,878.0871749,250.6775451
2026-03-28,KSC,2735462,45.2194,8.551090899,618.632771,1157.325727,686.8482201,3.045594019,1930.08664,483.501506,2,1,0,1,0,1,0,1,0,1,0,1,0,1,0,1,0,1,0,1,0,1,0,1,0,1,0,1,0,1,0,1,0,1,0,1,0,1,0,1,0,8.199676205,1.874211704,1293.323214,369.2197057
2026-03-28,CYC,261900,3.6698,0.8187029125,59.22945474,110.8052709,65.76057311,0.2915928182,184.791341,1,0,1,0,1,0,1,0,1,0,1,0,219.421171,0,1,0,1,0,1,0,1,0,1,0,1,0,1,0,1,0,1,0,1,0,1,0,1,0,1,0,1,0,0.7850575874,0.1794417343,123.8260117,35.35002165
2026-03-28,CYQ,481230,3.5765,1.504331434,108.8315789,203.5999256,120.8322283,0.5357892779,339.5461512,1,0,1,0,1,0,1,0,1,0,1,0,1,0,128.068018,6,1,0,1,0,1,0,1,0,1,0,1,0,1,0,1,0,1,0,1,0,1,0,1,0,1,0,1.442509594,0.3297164787,227.5249776,64.95414631
2026-03-28,PTQ,791244,7.3707,2.473439356,178.9421561,334.7613813,198.6737644,0.8809510035,558.2857571,1,0,1,0,1,0,1,0,1,0,1,0,1,0,1,0,1,0,1,0,1,0,121.036891,0,1,0,1,0,1,0,1,0,1,0,1,0,1,0,1,0,1,0,2.371791163,0.5421236945,374.0992319,106.7983678
2026-03-28,HLQ,315240,2.2081,0.9854444679,71.29245251,133.3724842,79.1537345,0.3509802215,222.4269657,1,0,1,0,1,0,1,0,1,0,1,0,1,0,1,0,1,0,1,0,1,0,1,0,1,0,1,0,1,0,1,0,1,0,41.940416,0,1,0,1,0,1,0,0.9449467501,0.2159878286,149.045101,42.54960223
2026-03-28,TTQ,210140,0.8086,0.6569004584,47.52377861,88.90652779,52.76413453,0.2339645468,148.2705322,1,0,1,0,1,0,1,0,1,0,1,0,1,0,1,0,1,0,1,0,1,0,1,0,1,0,1,0,1,0,41.17663,0,1,0,1,0,1,0,1,0,1,0,0.6299045491,0.1439781827,99.35394467,28.36370198
2026-03-28,PHQ,107450,0.1555,0.3358901411,24.3001333,45.46019992,26.97966239,0.119632105,75.81454596,1,0,1,0,1,0,1,0,1,0,1,0,1,0,1,0,1,0,1,0,1,0,1,0,1,0,1,0,1,0,1,0,1,0,1,0,1,0,1,0,27.624766,0,0.3220864367,0.07361975695,50.80223353,14.50309212
2026-03-28,KMQ,143180,0.1778,0.4475826003,32.38057781,60.57693275,35.95112202,0.1594129809,101.024911,1,0,1,0,1,0,1,0,1,0,1,0,1,0,1,0,1,0,1,0,1,0,1,0,1,0,1,0,1,0,1,0,1,0,1,0,34.13,0,1,0,1,0,0.4291887948,0.09810029596,67.69533548,19.3257583
2026-03-28,MZQ,14130,0.0058,0.04417056951,3.195541029,5.978153791,3.547907209,0.01573198366,9.969842107,1,0,1,0,1,0,1,0,1,0,1,0,1,0,1,0,1,0,1,0,1,0,1,0,1,0,1,0,1,0,1,0,1,0,1,0,1,0,1,0,1,0,0.04235534062,0.009681220714,6.680647369,1.907200481
2026-03-29,TPC,2465110,24.2150,4.43357001,785.456541,1036.610893,525.8921291,3.272396912,1332.710033,1,0,1,0,1,0,1,0,1,0,204.071392,0,1,0,1,0,1,0,1,0,1,0,1,0,1,0,1,0,1,0,1,0,1,0,1,0,1,0,1,0,1,0,7.600405731,2.216785005,1227.782209,316.050205
2026-03-29,NTPC,4041120,51.4694,7.26806854,1287.619675,1699.343644,862.1088718,5.364526779,2184.746793,1,0,1,0,1,0,393.839624,0,1,0,1,0,1,0,1,0,1,0,1,0,1,0,1,0,1,0,1,0,1,0,1,0,1,0,1,0,1,0,1,0,1,0,12.45954607,3.63403427,2012.735838,518.1094573
2026-03-29,KLC,361050,3.2732,0.6493586298,115.0411479,151.826232,77.02429231,0.4792885125,195.1941119,1,0,1,0,1,0,1,0,1,0,1,0,1,0,1,0,1,0,1,0,1,0,1,0,1,0,1,0,77.254311,0,1,0,1,0,1,0,1,0,1,0,1,0,1.113186223,0.3246793149,179.8259577,46.28999376
2026-03-29,TYC,2332150,39.1782,4.194437692,743.0915748,980.6994793,497.5272215,3.095894487,1260.827997,1,0,1,0,1,0,1,0,1,0,1,0,1,0,1,0,1,0,1,0,1,0,1,0,1,0,1,0,1,0,1,0,1,0,1,0,1,0,394.719638,3,1,0,7.190464614,2.097218846,1161.559638,299.0034869
2026-03-29,HCC,457320,6.9138,0.8225029458,145.7156011,192.3090221,97.56197026,0.6070855076,247.2404688,1,0,1,0,1,0,1,0,1,0,1,0,1,0,1,0,1,0,1,0,1,0,1,0,1,0,1,0,1,0,1,0,76.016775,0,1,0,1,0,1,0,1,0,1.41000505,0.4112514729,227.7745658,58.63271
2026-03-29,HSQ,593210,10.2204,1.066904952,189.0141514,249.4525387,126.5519469,0.7874774643,320.706548,1,0,1,0,1,0,1,0,1,0,1,0,1,0,1,0,1,0,1,0,1,0,1,0,108.185956,0,1,0,1,0,1,0,1,0,1,0,1,0,1,0,1,0,1.828979917,0.5334524758,295.4564641,76.05508156
2026-03-29,ILQ,448110,6.4796,0.8059385005,142.7810242,188.436097,95.5971628,0.5948593694,242.2612755,1,0,1,0,1,0,1,0,1,0,1,0,1,0,1,0,1,0,1,0,1,0,1,0,1,0,110.104453,0,1,0,1,0,1,0,1,0,1,0,1,0,1,0,1.381608858,0.4029692503,223.1873976,57.45190168
2026-03-29,TCC,2854310,60.0198,5.13355721,909.4671067,1200.274567,608.9217776,3.789054131,1543.122852,1,0,594.212544,1,1,0,1,0,1,0,1,0,1,0,1,0,1,0,1,0,1,0,1,0,1,0,1,0,1,0,1,0,1,0,1,0,1,0,1,0,1,0,8.800383789,2.566778605,1421.628665,365.9492926
2026-03-29,MLQ,531090,11.1222,0.9551803759,169.2208925,223.3302688,113.29963,0.705014087,287.1226725,1,0,1,0,1,0,1,0,1,0,1,0,1,0,1,0,123.036797,0,1,0,1,0,1,0,1,0,1,0,1,0,1,0,1,0,1,0,1,0,1,0,1,0,1.637452073,0.4775901879,264.516737,68.09071537
2026-03-29,CHQ,1224190,11.3894,2.201740316,390.0629355,514.7878548,261.1615245,1.625094043,661.8326545,1,0,1,0,1,0,1,0,349.895248,0,1,0,1,0,1,0,1,0,1,0,1,0,1,0,1,0,1,0,1,0,1,0,1,0,1,0,1,0,1,0,1,0,3.77441197,1.100870158,609.7248003,156.9526311
2026-03-29,NTQ,473460,3.0060,0.851531192,150.8582797,199.0961025,101.0051833,0.6285111179,255.9662214,1,0,1,0,1,0,1,0,1,0,1,0,1,0,1,0,1,0,176.861465,0,1,0,1,0,1,0,1,0,1,0,1,0,1,0,1,0,1,0,1,0,1,0,1.459767758,0.425765596,235.8133165,60.70200926
2026-03-29,YLQ,654120,3.4068,1.176453308,208.4218686,275.0659878,139.5461296,0.8683345847,353.6362623,1,0,1,0,1,0,1,0,1,0,1,0,1,0,1,0,1,0,1,0,183.244053,0,1,0,1,0,1,0,1,0,1,0,1,0,1,0,1,0,1,0,1,0,2.0167771,0.5882266541,325.793534,83.8643144
2026-03-29,TNC,1857211,35.4040,3.340246476,591.7620422,780.981438,396.206517,2.465420018,1004.062185,1,0,1,0,499.219584,5,1,0,1,0,1,0,1,0,1,0,1,0,1,0,1,0,1,0,1,0,1,0,1,0,1,0,1,0,1,0,1,0,1,0,1,0,5.726136817,1.670123238,925.0096849,238.111856
2026-03-29,KSC,2735462,48.5636,4.919805723,871.5986388,1150.297433,583.5674414,3.631285176,1478.870173,515.3442,2,1,0,1,0,1,0,1,0,1,0,1,0,1,0,1,0,1,0,1,0,1,0,1,0,1,0,1,0,1,0,1,0,1,0,1,0,1,0,1,0,8.433952668,2.459902861,1362.434771,350.7118651
2026-03-29,CYC,261900,3.9412,0.4710345524,83.44904206,110.1323644,55.87221204,0.3476683601,141.5907434,1,0,1,0,1,0,1,0,1,0,1,0,216.414874,0,1,0,1,0,1,0,1,0,1,0,1,0,1,0,1,0,1,0,1,0,1,0,1,0,1,0,1,0,0.8074878042,0.2355172762,130.4429257,33.57803452
2026-03-29,CYQ,481230,3.8410,0.8655057566,153.3340302,202.3634888,102.6627896,0.6388256775,260.166909,1,0,1,0,1,0,1,0,1,0,1,0,1,0,120.598817,0,1,0,1,0,1,0,1,0,1,0,1,0,1,0,1,0,1,0,1,0,1,0,1,0,1,0,1.483724154,0.4327528783,239.6832727,61.69819608
2026-03-29,PTQ,791244,7.9158,1.423074698,252.1136076,332.7284175,168.7993606,1.050364658,427.7694777,1,0,1,0,1,0,1,0,1,0,1,0,1,0,1,0,1,0,1,0,1,0,170.413951,1,1,0,1,0,1,0,1,0,1,0,1,0,1,0,1,0,1,0,2.439556625,0.711537349,394.0900431,101.4448963
2026-03-29,HLQ,315240,2.3714,0.56696805,100.4447347,132.5625298,67.25145523,0.4184764179,170.427896,1,0,1,0,1,0,1,0,1,0,1,0,1,0,1,0,1,0,1,0,1,0,1,0,1,0,1,0,1,0,1,0,1,0,59.526269,0,1,0,1,0,1,0,0.9719452286,0.283484025,157.0096521,40.41672242
2026-03-29,TTQ,210140,0.8684,0.3779427295,66.95678388,88.3666096,44.8300368,0.2789577289,113.6077847,1,0,1,0,1,0,1,0,1,0,1,0,1,0,1,0,1,0,1,0,1,0,1,0,1,0,1,0,1,0,102.518768,0,1,0,1,0,1,0,1,0,1,0,0.6479018219,0.1889713647,104.6631402,26.94191743
2026-03-29,PHQ,107450,0.1670,0.193251862,34.23672993,45.18412583,22.92275366,0.1426382791,58.09058947,1,0,1,0,1,0,1,0,1,0,1,0,1,0,1,0,1,0,1,0,1,0,1,0,1,0,1,0,1,0,1,0,1,0,1,0,1,0,1,0,36.591474,0,0.3312889063,0.096625931,53.51696207,13.77609702
2026-03-29,KMQ,143180,0.1910,0.2575132769,45.6213587,60.20905664,30.54518259,0.1900693234,77.40726478,1,0,1,0,1,0,1,0,1,0,1,0,1,0,1,0,1,0,1,0,1,0,1,0,1,0,1,0,1,0,1,0,1,0,1,0,21.801875,0,1,0,1,0,0.4414513318,0.1287566384,71.31278389,18.35701788
2026-03-29,MZQ,14130,0.0063,0.02541320437,4.502233541,5.941849213,3.01441144,0.01875736513,7.63908822,1,0,1,0,1,0,1,0,1,0,1,0,1,0,1,0,1,0,1,0,1,0,1,0,1,0,1,0,1,0,1,0,1,0,1,0,1,0,1,0,1,0,0.04356549321,0.01270660219,7.037642383,1.811598426
2026-03-30,TPC,2465110,20.4450,6.544793824,716.8322665,1029.749415,591.2397843,2.533468577,1570.117151,1,0,1,0,1,0,1,0,1,0,240.874499,1,1,0,1,0,1,0,1,0,1,0,1,0,1,0,1,0,1,0,1,0,1,0,1,0,1,0,1,0,1,0,5.172498345,2.005662623,1179.857429,320.3782138
2026-03-30,NTPC,4041120,43.4562,10.72905356,1175.122087,1688.095443,969.2350106,4.153182023,2573.934558,1,0,1,0,1,0,461.622995,0,1,0,1,0,1,0,1,0,1,0,1,0,1,0,1,0,1,0,1,0,1,0,1,0,1,0,1,0,1,0,1,0,1,0,8.479413296,3.287935768,1934.171478,525.2044766
2026-03-30,KLC,361050,2.7636,0.958577025,104.9901586,150.8212722,86.59537469,0.3710620742,229.9657205,1,0,1,0,1,0,1,0,1,0,1,0,1,0,1,0,1,0,1,0,1,0,1,0,1,0,1,0,72.89401,1,1,0,1,0,1,0,1,0,1,0,1,0,0.7575850681,0.2937574754,172.8067001,46.92389147
2026-03-30,TYC,2332150,33.0786,6.191788973,678.1686701,974.2080877,559.350237,2.396821538,1485.430148,1,0,1,0,1,0,1,0,1,0,1,0,1,0,1,0,1,0,1,0,1,0,1,0,1,0,1,0,1,0,1,0,1,0,1,0,1,0,389.376735,1,1,0,4.89351064,1.897483718,1116.219764,303.098057
2026-03-30,HCC,457320,5.8374,1.214171015,132.9846263,191.0361009,109.6850762,0.4700016833,291.2835432,1,0,1,0,1,0,1,0,1,0,1,0,1,0,1,0,1,0,1,0,1,0,1,0,1,0,1,0,1,0,1,0,75.704499,0,1,0,1,0,1,0,1,0,0.9595867701,0.372084666,218.8837006,59.43562954
2026-03-30,HSQ,593210,8.6292,1.574954929,172.5002409,247.8013763,142.2773639,0.6096599724,377.8367679,1,0,1,0,1,0,1,0,1,0,1,0,1,0,1,0,1,0,1,0,1,0,1,0,91.069838,0,1,0,1,0,1,0,1,0,1,0,1,0,1,0,1,0,1.244722444,0.4826474781,283.9237296,77.09658401
2026-03-30,ILQ,448110,5.4708,1.189718739,130.3064394,187.1888113,107.4761206,0.460536286,285.4173633,1,0,1,0,1,0,1,0,1,0,1,0,1,0,1,0,1,0,1,0,1,0,1,0,1,0,109.176426,0,1,0,1,0,1,0,1,0,1,0,1,0,1,0,0.9402615839,0.3645912264,214.4755862,58.23865117
2026-03-30,TCC,2854310,50.6754,7.578108263,830.008197,1192.329776,684.586744,2.933461263,1818.012618,1,0,588.141273,2,1,0,1,0,1,0,1,0,1,0,1,0,1,0,1,0,1,0,1,0,1,0,1,0,1,0,1,0,1,0,1,0,1,0,1,0,1,0,5.989150078,2.3223235,1366.137356,370.9606222
2026-03-30,MLQ,531090,9.3906,1.410028174,154.4362923,221.8520135,127.3783065,0.5458173577,338.2703074,1,0,1,0,1,0,1,0,1,0,1,0,1,0,1,0,113.109252,2,1,0,1,0,1,0,1,0,1,0,1,0,1,0,1,0,1,0,1,0,1,0,1,0,1.114377105,0.4321054081,254.1916919,69.02315335
2026-03-30,CHQ,1224190,9.6162,3.250188085,355.983665,511.3803996,293.6136041,1.258137323,779.7306062,1,0,1,0,1,0,1,0,337.443193,0,1,0,1,0,1,0,1,0,1,0,1,0,1,0,1,0,1,0,1,0,1,0,1,0,1,0,1,0,1,0,1,0,2.568697035,0.996025381,585.925036,159.101949
2026-03-30,NTQ,473460,2.5380,1.257022236,137.6779961,197.7782566,113.5561449,0.4865892526,301.5636893,1,0,1,0,1,0,1,0,1,0,1,0,1,0,1,0,1,0,114.76,0,1,0,1,0,1,0,1,0,1,0,1,0,1,0,1,0,1,0,1,0,1,0,0.9934530574,0.3852164916,226.6086698,61.5332659
2026-03-30,YLQ,654120,2.8764,1.736669169,190.2123322,273.2452862,156.886211,0.6722590333,416.6325359,1,0,1,0,1,0,1,0,1,0,1,0,1,0,1,0,1,0,1,0,105.712912,0,1,0,1,0,1,0,1,0,1,0,1,0,1,0,1,0,1,0,1,0,1.37252886,0.532205068,313.076634,85.01275692
2026-03-30,TNC,1857211,29.8920,4.930840036,540.0605939,775.812009,445.4393641,1.908712272,1182.924431,1,0,1,0,403.382647,5,1,0,1,0,1,0,1,0,1,0,1,0,1,0,1,0,1,0,1,0,1,0,1,0,1,0,1,0,1,0,1,0,1,0,1,0,3.896954222,1.511063882,888.9032111,241.3725728
2026-03-30,KSC,2735462,41.0028,7.262570353,795.4482459,1142.683448,656.0818636,2.811317556,1742.314055,567.509088,8,1,0,1,0,1,0,1,0,1,0,1,0,1,0,1,0,1,0,1,0,1,0,1,0,1,0,1,0,1,0,1,0,1,0,1,0,1,0,1,0,5.739773343,2.225626398,1309.254013,355.5145326
2026-03-30,CYC,261900,3.3276,0.6953367202,76.15821225,109.4033824,62.81492489,0.2691626014,166.8135222,1,0,1,0,1,0,1,0,1,0,1,0,167.095001,0,1,0,1,0,1,0,1,0,1,0,1,0,1,0,1,0,1,0,1,0,1,0,1,0,1,0,1,0,0.5495403112,0.2130870594,125.3512665,34.03785397
2026-03-30,CYQ,481230,3.2430,1.277651355,139.9374436,201.0240156,115.4197262,0.4945747181,306.5126815,1,0,1,0,1,0,1,0,1,0,1,0,1,0,98.120483,0,1,0,1,0,1,0,1,0,1,0,1,0,1,0,1,0,1,0,1,0,1,0,1,0,1,0,1.009756716,0.3915383185,230.3275677,62.54309456
2026-03-30,PTQ,791244,6.6834,2.100729316,230.0867831,330.52604,189.7744652,0.8131855417,503.9717395,1,0,1,0,1,0,1,0,1,0,1,0,1,0,1,0,1,0,1,0,1,0,169.908452,0,1,0,1,0,1,0,1,0,1,0,1,0,1,0,1,0,1,0,1.660253814,0.6437718872,378.7072833,102.8340883
2026-03-30,HLQ,315240,2.0022,0.8369528358,91.66901424,131.6850792,75.60815931,0.3239817429,200.7876852,1,0,1,0,1,0,1,0,1,0,1,0,1,0,1,0,1,0,1,0,1,0,1,0,1,0,1,0,1,0,1,0,1,0,43.953349,1,1,0,1,0,1,0,0.6614627251,0.2564855464,150.8809975,40.97019124
2026-03-30,TTQ,210140,0.7332,0.5579154578,61.10686034,87.78169824,50.40064267,0.215967274,133.845718,1,0,1,0,1,0,1,0,1,0,1,0,1,0,1,0,1,0,1,0,1,0,1,0,1,0,1,0,1,0,88.950299,0,1,0,1,0,1,0,1,0,1,0,0.4409331844,0.1709740919,100.5777592,27.31086152
2026-03-30,PHQ,107450,0.1410,0.2852765582,31.2455132,44.88504557,25.77114807,0.1104296354,68.43876656,1,0,1,0,1,0,1,0,1,0,1,0,1,0,1,0,1,0,1,0,1,0,1,0,1,0,1,0,1,0,1,0,1,0,1,0,1,0,1,0,40.48,0,0.2254605057,0.08742346138,51.42800147,13.96474765
2026-03-30,KMQ,143180,0.1612,0.3801386468,41.63548236,59.81052419,34.34074435,0.1471504439,91.19648763,1,0,1,0,1,0,1,0,1,0,1,0,1,0,1,0,1,0,1,0,1,0,1,0,1,0,1,0,1,0,1,0,1,0,1,0,51.552832,0,1,0,1,0,0.3004321564,0.1164941014,68.52918799,18.60839989
2026-03-30,MZQ,14130,0.0053,0.03751473027,4.108879492,5.902519254,3.38898392,0.01452183107,8.999904806,1,0,1,0,1,0,1,0,1,0,1,0,1,0,1,0,1,0,1,0,1,0,1,0,1,0,1,0,1,0,1,0,1,0,1,0,1,0,1,0,1,0,0.02964873844,0.0114964496,6.762937745,1.836406554
2026-03-31,TPC,2465110,20.0100,4.43357001,428.3873685,1024.576917,547.9723634,1.372295479,1692.040326,1,0,1,0,1,0,1,0,1,0,227.088137,0,1,0,1,0,1,0,1,0,1,0,1,0,1,0,1,0,1,0,1,0,1,0,1,0,1,0,1,0,1,0,6.439232633,2.639029768,1177.429521,345.2906548
2026-03-31,NTPC,4041120,42.5316,7.26806854,702.2667397,1679.61603,898.3055836,2.249640262,2773.806443,1,0,1,0,1,0,404.174956,1,1,0,1,0,1,0,1,0,1,0,1,0,1,0,1,0,1,0,1,0,1,0,1,0,1,0,1,0,1,0,1,0,1,0,10.55600431,4.326231274,1930.191345,566.0440998
2026-03-31,KLC,361050,2.7048,0.6493586298,62.74334995,150.0636872,80.2582529,0.2009919569,247.8230828,1,0,1,0,1,0,1,0,1,0,1,0,1,0,1,0,1,0,1,0,1,0,1,0,1,0,1,0,113.338483,0,1,0,1,0,1,0,1,0,1,0,1,0,0.9431161052,0.3865229939,172.451099,50.57266853
2026-03-31,TYC,2332150,32.3748,4.194437692,405.2815499,969.314577,518.4165199,1.298278333,1600.777185,1,0,1,0,1,0,1,0,1,0,1,0,1,0,1,0,1,0,1,0,1,0,1,0,1,0,1,0,1,0,1,0,1,0,1,0,1,0,395.481633,4,1,0,6.091921409,2.496689102,1113.92281,326.6668021
2026-03-31,HCC,457320,5.7132,0.8225029458,79.47317214,190.0765141,101.6582308,0.2545842451,313.9023743,1,0,1,0,1,0,1,0,1,0,1,0,1,0,1,0,1,0,1,0,1,0,1,0,1,0,1,0,1,0,1,0,80.355172,0,1,0,1,0,1,0,1,0,1.194587612,0.4895850868,218.4332823,64.05731276
2026-03-31,HSQ,593210,8.4456,1.066904952,103.0881668,246.5566538,131.8653876,0.330232485,407.1766541,1,0,1,0,1,0,1,0,1,0,1,0,1,0,1,0,1,0,1,0,1,0,1,0,121.551098,0,1,0,1,0,1,0,1,0,1,0,1,0,1,0,1,0,1.54955243,0.6350624712,283.3394722,83.09157374
2026-03-31,ILQ,448110,5.3544,0.8059385005,77.87265627,186.2485497,99.61092842,0.2494571549,307.580672,1,0,1,0,1,0,1,0,1,0,1,0,1,0,1,0,1,0,1,0,1,0,1,0,1,0,72.256961,0,1,0,1,0,1,0,1,0,1,0,1,0,1,0,1.170529727,0.4797252979,214.0342389,62.76725798
2026-03-31,TCC,2854310,49.5972,5.13355721,496.0226318,1186.340626,634.4881148,1.588958184,1959.185441,1,0,555.63552,2,1,0,1,0,1,0,1,0,1,0,1,0,1,0,1,0,1,0,1,0,1,0,1,0,1,0,1,0,1,0,1,0,1,0,1,0,1,0,7.45588071,3.055688816,1363.326122,399.8063246
2026-03-31,MLQ,531090,9.1908,0.9551803759,92.29293928,220.7376364,118.0566557,0.2956510687,364.5377677,1,0,1,0,1,0,1,0,1,0,1,0,1,0,1,0,110.197868,0,1,0,1,0,1,0,1,0,1,0,1,0,1,0,1,0,1,0,1,0,1,0,1,0,1.387285784,0.5685597476,253.668617,74.39035737
2026-03-31,CHQ,1224190,9.4116,2.201740316,212.7400127,508.8117025,272.1267155,0.6814910502,840.2784648,1,0,1,0,1,0,1,0,316.788611,0,1,0,1,0,1,0,1,0,1,0,1,0,1,0,1,0,1,0,1,0,1,0,1,0,1,0,1,0,1,0,1,0,3.197765697,1.310559712,584.719321,171.4736327
2026-03-31,NTQ,473460,2.4840,0.851531192,82.27798496,196.7848036,105.2460114,0.2635691785,324.9807971,1,0,1,0,1,0,1,0,1,0,1,0,1,0,1,0,1,0,109.477989,0,1,0,1,0,1,0,1,0,1,0,1,0,1,0,1,0,1,0,1,0,1,0,1.236747684,0.5068638048,226.1423551,66.31806022
2026-03-31,YLQ,654120,2.8152,1.176453308,113.6731203,271.8727574,145.4051472,0.3641403097,448.9850019,1,0,1,0,1,0,1,0,1,0,1,0,1,0,1,0,1,0,1,0,85.159587,1,1,0,1,0,1,0,1,0,1,0,1,0,1,0,1,0,1,0,1,0,1.708658376,0.7002698263,312.4323857,91.62330408
2026-03-31,TNC,1857211,29.2560,3.340246476,322.746544,771.9150547,412.8417397,1.033885814,1274.781209,1,0,1,0,403.861844,3,1,0,1,0,1,0,1,0,1,0,1,0,1,0,1,0,1,0,1,0,1,0,1,0,1,0,1,0,1,0,1,0,1,0,1,0,4.851310358,1.98824195,887.0740285,260.1415768
2026-03-31,KSC,2735462,40.1304,4.919805723,475.3691997,1136.943675,608.0692452,1.522797009,1877.608713,534.294171,2,1,0,1,0,1,0,1,0,1,0,1,0,1,0,1,0,1,0,1,0,1,0,1,0,1,0,1,0,1,0,1,0,1,0,1,0,1,0,1,0,7.145432121,2.928455787,1306.559834,383.1591552
2026-03-31,CYC,261900,3.2568,0.4710345524,45.51304072,108.853842,58.21807626,0.1457964091,179.7669724,1,0,1,0,1,0,1,0,1,0,1,0,137.429264,0,1,0,1,0,1,0,1,0,1,0,1,0,1,0,1,0,1,0,1,0,1,0,1,0,1,0,1,0,0.6841216119,0.2803777098,125.093319,36.68461955
2026-03-31,CYQ,481230,3.1740,0.8655057566,83.6282573,200.0142589,106.9732144,0.267894639,330.3140898,1,0,1,0,1,0,1,0,1,0,1,0,1,0,108.48681,0,1,0,1,0,1,0,1,0,1,0,1,0,1,0,1,0,1,0,1,0,1,0,1,0,1,0,1.257044075,0.515181998,229.8536002,67.40641262
2026-03-31,PTQ,791244,6.5412,1.423074698,137.5025597,328.8657862,175.8866114,0.4404755018,543.1062937,1,0,1,0,1,0,1,0,1,0,1,0,1,0,1,0,1,0,1,0,1,0,126.356721,0,1,0,1,0,1,0,1,0,1,0,1,0,1,0,1,0,1,0,2.066846585,0.8470682726,377.9279805,110.8304128
2026-03-31,HLQ,315240,1.9596,0.56696805,54.78247788,131.0236165,70.07509111,0.1754901107,216.3793065,1,0,1,0,1,0,1,0,1,0,1,0,1,0,1,0,1,0,1,0,1,0,1,0,1,0,1,0,1,0,1,0,1,0,67.82222,0,1,0,1,0,1,0,0.8234535965,0.3374809822,150.570515,44.15601171
2026-03-31,TTQ,210140,0.7176,0.3779427295,36.51817632,87.34076505,46.71228158,0.1169822734,144.2391431,1,0,1,0,1,0,1,0,1,0,1,0,1,0,1,0,1,0,1,0,1,0,1,0,1,0,1,0,1,0,70.314216,0,1,0,1,0,1,0,1,0,1,0,0.5489168214,0.2249659104,100.3707906,29.43453972
2026-03-31,PHQ,107450,0.1380,0.193251862,18.67268509,44.65958506,23.88519395,0.05981605252,73.75319276,1,0,1,0,1,0,1,0,1,0,1,0,1,0,1,0,1,0,1,0,1,0,1,0,1,0,1,0,1,0,1,0,1,0,1,0,1,0,1,0,33.91781,0,0.2806753234,0.1150308702,51.32217307,15.05063906
2026-03-31,KMQ,143180,0.1578,0.2575132769,24.8818525,59.51009203,31.82766002,0.07970649046,98.27810274,1,0,1,0,1,0,1,0,1,0,1,0,1,0,1,0,1,0,1,0,1,0,1,0,1,0,1,0,1,0,1,0,1,0,1,0,42.94,0,1,0,1,0,0.3740073783,0.1532817124,68.38816882,20.05537925
2026-03-31,MZQ,14130,0.0052,0.02541320437,2.455514568,5.872870516,3.140975249,0.00786599183,9.698767927,1,0,1,0,1,0,1,0,1,0,1,0,1,0,1,0,1,0,1,0,1,0,1,0,1,0,1,0,1,0,1,0,1,0,1,0,1,0,1,0,1,0,0.03690965397,0.01512690737,6.74902099,1.97920456
2026-04-01,TPC,2465110,21.3875,5.489181917,771.2765062,1023.415744,527.0089665,2.111223814,1756.643775,1,0,1,0,1,0,1,0,1,0,175.517774,0,1,0,1,0,1,0,1,0,1,0,1,0,1,0,1,0,1,0,1,0,1,0,1,0,1,0,1,0,1,0,6.228110252,2.111223814,1323.526209,420.7669062
2026-04-01,NTPC,4041120,45.4595,8.998561049,1264.373969,1677.712488,863.9397329,3.460985019,2879.712585,1,0,1,0,1,0,393.18987,1,1,0,1,0,1,0,1,0,1,0,1,0,1,0,1,0,1,0,1,0,1,0,1,0,1,0,1,0,1,0,1,0,1,0,10.20990581,3.460985019,2169.691508,689.7743143
2026-04-01,KLC,361050,2.8910,0.8039678274,112.9642826,149.8936171,77.18786885,0.3092183952,257.2851657,1,0,1,0,1,0,1,0,1,0,1,0,1,0,1,0,1,0,1,0,1,0,1,0,1,0,1,0,108.452042,0,1,0,1,0,1,0,1,0,1,0,1,0,0.9121942657,0.3092183952,193.8490119,61.62722616
2026-04-01,TYC,2332150,34.6035,5.193113333,729.6763649,968.2160338,498.5838203,1.997351282,1661.896134,1,0,1,0,1,0,1,0,1,0,1,0,1,0,1,0,1,0,1,0,1,0,1,0,1,0,1,0,1,0,1,0,1,0,1,0,1,0,368.746815,0,1,0,5.892186281,1.997351282,1252.139519,398.0721104
2026-04-01,HCC,457320,6.1065,1.018336981,143.0849625,189.8610967,97.76916267,0.3916680694,325.8874172,1,0,1,0,1,0,1,0,1,0,1,0,1,0,1,0,1,0,1,0,1,0,1,0,1,0,1,0,1,0,1,0,101.128373,0,1,0,1,0,1,0,1,0,1.155420805,0.3916680694,245.5367127,78.05944624
2026-04-01,HSQ,593210,9.0270,1.32092994,185.6018337,246.2772263,126.8207054,0.508049977,422.7229834,1,0,1,0,1,0,1,0,1,0,1,0,1,0,1,0,1,0,1,0,1,0,1,0,119.233459,0,1,0,1,0,1,0,1,0,1,0,1,0,1,0,1,0,1.498747432,0.508049977,318.4965306,101.2543604
2026-04-01,ILQ,448110,5.7230,0.9978286197,140.2033642,186.0374705,95.80018255,0.3837802383,319.3243473,1,0,1,0,1,0,1,0,1,0,1,0,1,0,1,0,1,0,1,0,1,0,1,0,1,0,119.939485,0,1,0,1,0,1,0,1,0,1,0,1,0,1,0,1.132151703,0.3837802383,240.5918314,76.4874015
2026-04-01,TCC,2854310,53.0115,6.355832736,893.0482796,1184.996123,610.2149451,2.444551052,2033.988703,1,0,557.568976,1,1,0,1,0,1,0,1,0,1,0,1,0,1,0,1,0,1,0,1,0,1,0,1,0,1,0,1,0,1,0,1,0,1,0,1,0,1,0,7.211425605,2.444551052,1532.489055,487.1990248
2026-04-01,MLQ,531090,9.8235,1.182604275,166.1659073,220.4874701,113.5402445,0.454847798,378.4561104,1,0,1,0,1,0,1,0,1,0,1,0,1,0,1,0,117.526258,0,1,0,1,0,1,0,1,0,1,0,1,0,1,0,1,0,1,0,1,0,1,0,1,0,1.341801004,0.454847798,285.1440846,90.65116615
2026-04-01,CHQ,1224190,10.0595,2.725964201,383.021036,508.2350563,261.7161533,1.048447769,872.3609666,1,0,1,0,1,0,1,0,257.462898,2,1,0,1,0,1,0,1,0,1,0,1,0,1,0,1,0,1,0,1,0,1,0,1,0,1,0,1,0,1,0,1,0,3.09292092,1.048447769,657.2719067,208.9556405
2026-04-01,NTQ,473460,2.6550,1.054276714,148.1347991,196.5617835,101.2196881,0.4054910438,337.388823,1,0,1,0,1,0,1,0,1,0,1,0,1,0,1,0,1,0,167.871771,1,1,0,1,0,1,0,1,0,1,0,1,0,1,0,1,0,1,0,1,0,1,0,1.196198579,0.4054910438,254.2023354,80.81436503
2026-04-01,YLQ,654120,3.0090,1.456561239,204.6591788,271.5646387,139.8424838,0.5602158611,466.1276072,1,0,1,0,1,0,1,0,1,0,1,0,1,0,1,0,1,0,1,0,191.868706,0,1,0,1,0,1,0,1,0,1,0,1,0,1,0,1,0,1,0,1,0,1.65263679,0.5602158611,351.1993233,111.6510211
2026-04-01,TNC,1857211,31.2700,4.135543256,581.0788206,771.0402283,397.047941,1.59059356,1323.453372,1,0,1,0,409.323481,1,1,0,1,0,1,0,1,0,1,0,1,0,1,0,1,0,1,0,1,0,1,0,1,0,1,0,1,0,1,0,1,0,1,0,1,0,4.692251002,1.59059356,997.1431029,317.0052965
2026-04-01,KSC,2735462,42.8930,6.091188038,855.8634602,1135.655154,584.8067638,2.34276463,1949.29731,598.792098,0,1,0,1,0,1,0,1,0,1,0,1,0,1,0,1,0,1,0,1,0,1,0,1,0,1,0,1,0,1,0,1,0,1,0,1,0,1,0,1,0,6.911155658,2.34276463,1468.679147,466.9129908
2026-04-01,CYC,261900,3.4810,0.5831856363,81.94251655,108.7304759,55.99086789,0.2243021678,186.6306187,1,0,1,0,1,0,1,0,1,0,1,0,137.744669,0,1,0,1,0,1,0,1,0,1,0,1,0,1,0,1,0,1,0,1,0,1,0,1,0,1,0,1,0,0.6616913951,0.2243021678,140.615029,44.70342205
2026-04-01,CYQ,481230,3.3925,1.071578556,150.5658543,199.7875788,102.8808146,0.4121455984,342.9257451,1,0,1,0,1,0,1,0,1,0,1,0,1,0,150.622279,0,1,0,1,0,1,0,1,0,1,0,1,0,1,0,1,0,1,0,1,0,1,0,1,0,1,0,1.215829515,0.4121455984,258.3740756,82.14061776
2026-04-01,PTQ,791244,6.9915,1.761902007,247.5621404,328.4930761,169.1578399,0.6776546181,563.842525,1,0,1,0,1,0,1,0,1,0,1,0,1,0,1,0,1,0,1,0,1,0,169.719388,0,1,0,1,0,1,0,1,0,1,0,1,0,1,0,1,0,1,0,1.999081123,0.6776546181,424.8216801,135.0565654
2026-04-01,HLQ,315240,2.0945,0.7019604429,98.63138189,130.8751249,67.39427718,0.2699847857,224.640841,1,0,1,0,1,0,1,0,1,0,1,0,1,0,1,0,1,0,1,0,1,0,1,0,1,0,1,0,1,0,1,0,1,0,60.466257,0,1,0,1,0,1,0,0.7964551179,0.2699847857,169.2534622,53.8079678
2026-04-01,TTQ,210140,0.7670,0.4679290936,65.74799705,87.24178005,44.92524237,0.1799727283,149.7463086,1,0,1,0,1,0,1,0,1,0,1,0,1,0,1,0,1,0,1,0,1,0,1,0,1,0,1,0,1,0,113.946663,4,1,0,1,0,1,0,1,0,1,0,0.5309195485,0.1799727283,112.8249034,35.86856475
2026-04-01,PHQ,107450,0.1475,0.2392642101,33.61864606,44.60897148,22.97143472,0.09202469619,76.56914847,1,0,1,0,1,0,1,0,1,0,1,0,1,0,1,0,1,0,1,0,1,0,1,0,1,0,1,0,1,0,1,0,1,0,1,0,1,0,1,0,60.546682,0,0.2714728538,0.09202469619,57.69028204,18.34052195
2026-04-01,KMQ,143180,0.1687,0.3188259619,44.7977454,59.44264808,30.61005141,0.1226253699,102.0304391,1,0,1,0,1,0,1,0,1,0,1,0,1,0,1,0,1,0,1,0,1,0,1,0,1,0,1,0,1,0,1,0,1,0,1,0,36.71,0,1,0,1,0,0.3617448413,0.1226253699,76.87384442,24.43923623
2026-04-01,MZQ,14130,0.0055,0.03146396732,4.420953642,5.866214677,3.020813147,0.01210152589,10.06907462,1,0,1,0,1,0,1,0,1,0,1,0,1,0,1,0,1,0,1,0,1,0,1,0,1,0,1,0,1,0,1,0,1,0,1,0,1,0,1,0,1,0,0.03569950138,0.01210152589,7.586446582,2.41183411
2026-04-02,TPC,2465110,19.2125,7.072599777,538.8909342,1021.515642,546.0163145,2.427907386,1771.527902,1,0,1,0,1,0,1,0,1,0,181.185065,0,1,0,1,0,1,0,1,0,1,0,1,0,1,0,1,0,1,0,1,0,1,0,1,0,1,0,1,0,1,0,6.228110252,1.794540242,1350.549874,426.3616493
2026-04-02,NTPC,4041120,40.8365,11.59429981,883.4181565,1674.597601,895.098981,3.980132772,2904.112529,1,0,1,0,1,0,553.936421,1,1,0,1,0,1,0,1,0,1,0,1,0,1,0,1,0,1,0,1,0,1,0,1,0,1,0,1,0,1,0,1,0,1,0,10.20990581,2.941837266,2213.992117,698.9459245
2026-04-02,KLC,361050,2.5970,1.035881624,78.92814997,149.6153205,79.97176206,0.3556011544,259.4651554,1,0,1,0,1,0,1,0,1,0,1,0,1,0,1,0,1,0,1,0,1,0,1,0,1,0,1,0,84.326885,0,1,0,1,0,1,0,1,0,1,0,1,0,0.9121942657,0.2628356359,197.8070074,62.4466549
2026-04-02,TYC,2332150,31.0845,6.691126794,509.8249133,966.4184177,516.5659739,2.296953974,1675.977461,1,0,1,0,1,0,1,0,1,0,1,0,1,0,1,0,1,0,1,0,1,0,1,0,1,0,1,0,1,0,1,0,1,0,1,0,1,0,369.343902,2,1,0,5.892186281,1.697748589,1277.705615,403.3650913
2026-04-02,HCC,457320,5.4855,1.312088033,99.97347056,189.5085954,101.2953503,0.4504182799,328.6486771,1,0,1,0,1,0,1,0,1,0,1,0,1,0,1,0,1,0,1,0,1,0,1,0,1,0,1,0,1,0,1,0,76.718239,0,1,0,1,0,1,0,1,0,1.155420805,0.332917859,250.550064,79.09736662
2026-04-02,HSQ,593210,8.1090,1.701967423,129.6800107,245.8199814,131.3946793,0.5842574735,426.3047357,1,0,1,0,1,0,1,0,1,0,1,0,1,0,1,0,1,0,1,0,1,0,1,0,68.324898,0,1,0,1,0,1,0,1,0,1,0,1,0,1,0,1,0,1.498747432,0.4318424804,324.9995703,102.6006929
2026-04-02,ILQ,448110,5.1410,1.285663798,97.96009773,185.6920683,99.25535603,0.4413472741,322.029998,1,0,1,0,1,0,1,0,1,0,1,0,1,0,1,0,1,0,1,0,1,0,1,0,1,0,103.890241,0,1,0,1,0,1,0,1,0,1,0,1,0,1,0,1.132151703,0.3262132026,245.5042185,77.50441913
2026-04-02,TCC,2854310,47.6205,8.189246026,623.9728784,1182.796027,632.2232382,2.81123371,2051.222788,1,0,793.898852,2,1,0,1,0,1,0,1,0,1,0,1,0,1,0,1,0,1,0,1,0,1,0,1,0,1,0,1,0,1,0,1,0,1,0,1,0,1,0,7.211425605,2.077868395,1563.779308,493.677085
2026-04-02,MLQ,531090,8.8245,1.523740123,116.1001279,220.0781071,117.6352392,0.5230749678,381.6627873,1,0,1,0,1,0,1,0,1,0,1,0,1,0,1,0,208.366396,0,1,0,1,0,1,0,1,0,1,0,1,0,1,0,1,0,1,0,1,0,1,0,1,0,1.341801004,0.3866206283,290.9661364,91.85651282
2026-04-02,CHQ,1224190,9.0365,3.512300028,267.6168174,507.2914533,271.1553286,1.205714935,879.7525234,1,0,1,0,1,0,1,0,327.202481,1,1,0,1,0,1,0,1,0,1,0,1,0,1,0,1,0,1,0,1,0,1,0,1,0,1,0,1,0,1,0,1,0,3.09292092,0.8911806041,670.6920381,211.734027
2026-04-02,NTQ,473460,2.3850,1.358394997,103.5017917,196.1968416,104.870324,0.4663147004,340.2475349,1,0,1,0,1,0,1,0,1,0,1,0,1,0,1,0,1,0,82.040608,1,1,0,1,0,1,0,1,0,1,0,1,0,1,0,1,0,1,0,1,0,1,0,1.196198579,0.3446673872,259.3926207,81.8889163
2026-04-02,YLQ,654120,2.7030,1.876723135,142.9953786,271.0604444,144.8861072,0.6442482402,470.077129,1,0,1,0,1,0,1,0,1,0,1,0,1,0,1,0,1,0,1,0,87.050928,0,1,0,1,0,1,0,1,0,1,0,1,0,1,0,1,0,1,0,1,0,1.65263679,0.4761834819,358.3700863,113.1355931
2026-04-02,TNC,1857211,28.0900,5.328488426,405.9998015,769.6086941,411.3680548,1.829182594,1334.667056,1,0,1,0,780.707556,0,1,0,1,0,1,0,1,0,1,0,1,0,1,0,1,0,1,0,1,0,1,0,1,0,1,0,1,0,1,0,1,0,1,0,1,0,4.692251002,1.352004526,1017.5027,321.2203695
2026-04-02,KSC,2735462,38.5310,7.84826151,597.9918432,1133.546666,605.8986738,2.694179324,1965.813801,901.350298,0,1,0,1,0,1,0,1,0,1,0,1,0,1,0,1,0,1,0,1,0,1,0,1,0,1,0,1,0,1,0,1,0,1,0,1,0,1,0,1,0,6.911155658,1.991349935,1498.666534,473.121317
2026-04-02,CYC,261900,3.1270,0.7514122622,57.25324049,108.5286039,58.0102603,0.257947493,188.211949,1,0,1,0,1,0,1,0,1,0,1,0,140.299358,0,1,0,1,0,1,0,1,0,1,0,1,0,1,0,1,0,1,0,1,0,1,0,1,0,1,0,1,0,0.6616913951,0.1906568426,143.4860968,45.29782279
2026-04-02,CYQ,481230,3.0475,1.380687755,105.2003701,199.4166478,106.5913615,0.4739674382,345.8313716,1,0,1,0,1,0,1,0,1,0,1,0,1,0,150.04813,0,1,0,1,0,1,0,1,0,1,0,1,0,1,0,1,0,1,0,1,0,1,0,1,0,1,0,1.215829515,0.3503237586,263.6495393,83.2328036
2026-04-02,PTQ,791244,6.2805,2.270142971,172.9716801,327.883187,175.2587644,0.7793028108,568.61999,1,0,1,0,1,0,1,0,1,0,1,0,1,0,1,0,1,0,1,0,1,0,105.449139,0,1,0,1,0,1,0,1,0,1,0,1,0,1,0,1,0,1,0,1.999081123,0.5760064254,433.4956592,136.8523501
2026-04-02,HLQ,315240,1.8815,0.9044490322,68.91375155,130.6321386,69.8249502,0.3104825036,226.5442337,1,0,1,0,1,0,1,0,1,0,1,0,1,0,1,0,1,0,1,0,1,0,1,0,1,0,1,0,1,0,1,0,1,0,39.809355,0,1,0,1,0,1,0,0.7964551179,0.2294870679,172.7092674,54.52342748
2026-04-02,TTQ,210140,0.6890,0.6029086399,45.93812889,87.0798046,46.54553685,0.2069686376,151.0151163,1,0,1,0,1,0,1,0,1,0,1,0,1,0,1,0,1,0,1,0,1,0,1,0,1,0,1,0,1,0,69.954776,0,1,0,1,0,1,0,1,0,1,0,0.5309195485,0.1529768191,115.1285543,36.34549248
2026-04-02,PHQ,107450,0.1325,0.3082827322,23.48934972,44.52614925,23.79993306,0.1058284006,77.21792257,1,0,1,0,1,0,1,0,1,0,1,0,1,0,1,0,1,0,1,0,1,0,1,0,1,0,1,0,1,0,1,0,1,0,1,0,1,0,1,0,57.555629,0,0.2714728538,0.07822099176,58.86819815,18.5843874
2026-04-02,KMQ,143180,0.1515,0.4107949893,31.30018699,59.33228525,31.71404761,0.1410191754,102.8949479,1,0,1,0,1,0,1,0,1,0,1,0,1,0,1,0,1,0,1,0,1,0,1,0,1,0,1,0,1,0,1,0,1,0,1,0,46.309639,0,1,0,1,0,0.3617448413,0.1042315645,78.44344915,24.76419346
2026-04-02,MZQ,14130,0.0050,0.04054011174,3.088920535,5.855323303,3.129763185,0.01391675478,10.15439038,1,0,1,0,1,0,1,0,1,0,1,0,1,0,1,0,1,0,1,0,1,0,1,0,1,0,1,0,1,0,1,0,1,0,1,0,1,0,1,0,1,0,0.03569950138,0.01028629701,7.741346114,2.443903154
2026-04-03,TPC,2465110,21.8950,6.228110252,460.2246236,1016.659828,569.0761566,1.794540242,1830.853292,1,0,1,0,1,0,1,0,1,0,441.205502,2,1,0,1,0,1,0,1,0,1,0,1,0,1,0,1,0,1,0,1,0,1,0,1,0,1,0,1,0,1,0,7.917089303,3.589080484,1398.369093,443.6736845
2026-04-03,NTPC,4041120,46.5382,10.20990581,754.4583938,1666.637336,932.9015899,2.941837266,3001.366208,1,0,1,0,1,0,563.745505,1,1,0,1,0,1,0,1,0,1,0,1,0,1,0,1,0,1,0,1,0,1,0,1,0,1,0,1,0,1,0,1,0,1,0,12.97869382,5.883674532,2292.383427,727.3260017
2026-04-03,KLC,361050,2.9596,0.9121942657,67.40636335,148.9041182,83.34919998,0.2628356359,268.1541923,1,0,1,0,1,0,1,0,1,0,1,0,1,0,1,0,1,0,1,0,1,0,1,0,1,0,1,0,93.392647,3,1,0,1,0,1,0,1,0,1,0,1,0,1.159568982,0.5256712718,204.810804,64.98224574
2026-04-03,TYC,2332150,35.4246,5.892186281,435.4016072,961.8245097,538.3820433,1.697748589,1732.103032,1,0,1,0,1,0,1,0,1,0,1,0,1,0,1,0,1,0,1,0,1,0,1,0,1,0,1,0,1,0,1,0,1,0,1,0,1,0,383.733649,14,1,0,7.490067306,3.395497179,1322.945621,419.7433719
2026-04-03,HCC,457320,6.2514,1.155420805,85.37952662,188.6077588,105.5733448,0.332917859,339.6545498,1,0,1,0,1,0,1,0,1,0,1,0,1,0,1,0,1,0,1,0,1,0,1,0,1,0,1,0,1,0,1,0,72.072733,0,1,0,1,0,1,0,1,0,1.46875526,0.6658357181,259.4213458,82.30904479
2026-04-03,HSQ,593210,9.2412,1.498747432,110.7495605,244.6514664,136.9438552,0.4318424804,440.58094,1,0,1,0,1,0,1,0,1,0,1,0,1,0,1,0,1,0,1,0,1,0,1,0,82.811697,0,1,0,1,0,1,0,1,0,1,0,1,0,1,0,1,0,1.905187414,0.8636849609,336.5069023,106.7667027
2026-04-03,ILQ,448110,5.8588,1.132151703,83.66006227,184.8093738,103.4471957,0.3262132026,332.8142227,1,0,1,0,1,0,1,0,1,0,1,0,1,0,1,0,1,0,1,0,1,0,1,0,1,0,116.095036,1,1,0,1,0,1,0,1,0,1,0,1,0,1,0,1.439175894,0.6524264052,254.1968409,80.65141709
2026-04-03,TCC,2854310,54.2694,7.211425605,532.8864616,1177.173559,658.9238471,2.077868395,2119.914673,1,0,739.930904,0,1,0,1,0,1,0,1,0,1,0,1,0,1,0,1,0,1,0,1,0,1,0,1,0,1,0,1,0,1,0,1,0,1,0,1,0,1,0,9.167066447,4.155736789,1619.14839,513.7224037
2026-04-03,MLQ,531090,10.0566,1.341801004,99.15204407,219.0319571,122.6033143,0.3866206283,394.4440105,1,0,1,0,1,0,1,0,1,0,1,0,1,0,1,0,176.710075,1,1,0,1,0,1,0,1,0,1,0,1,0,1,0,1,0,1,0,1,0,1,0,1,0,1.705679243,0.7732412567,301.268439,95.58626476
2026-04-03,CHQ,1224190,10.2982,3.09292092,228.550605,504.8800234,282.6069994,0.8911806041,909.2139057,1,0,1,0,1,0,1,0,356.869586,1,1,0,1,0,1,0,1,0,1,0,1,0,1,0,1,0,1,0,1,0,1,0,1,0,1,0,1,0,1,0,1,0,3.931679136,1.782361208,694.4393801,220.3312988
2026-04-03,NTQ,473460,2.7180,1.196198579,88.3927899,195.2642122,109.2992999,0.3446673872,351.6418332,1,0,1,0,1,0,1,0,1,0,1,0,1,0,1,0,1,0,94.307333,0,1,0,1,0,1,0,1,0,1,0,1,0,1,0,1,0,1,0,1,0,1,0,1.520591414,0.6893347745,268.5769929,85.21394286
2026-04-03,YLQ,654120,3.0804,1.65263679,122.1211754,269.7719479,151.0050649,0.4761834819,485.8191947,1,0,1,0,1,0,1,0,1,0,1,0,1,0,1,0,1,0,1,0,96.247046,1,1,0,1,0,1,0,1,0,1,0,1,0,1,0,1,0,1,0,1,0,2.100809479,0.9523669638,371.0589756,117.7293632
2026-04-03,TNC,1857211,32.0120,4.692251002,346.7326949,765.9503289,428.741313,1.352004526,1379.362735,1,0,1,0,677.070829,5,1,0,1,0,1,0,1,0,1,0,1,0,1,0,1,0,1,0,1,0,1,0,1,0,1,0,1,0,1,0,1,0,1,0,1,0,5.964725851,2.704009052,1053.529645,334.2632367
2026-04-03,KSC,2735462,43.9108,6.911155658,510.6980903,1128.158308,631.4875205,1.991349935,2031.645487,834.00928,6,1,0,1,0,1,0,1,0,1,0,1,0,1,0,1,0,1,0,1,0,1,0,1,0,1,0,1,0,1,0,1,0,1,0,1,0,1,0,1,0,8.785367362,3.982699871,1551.730153,492.331987
2026-04-03,CYC,261900,3.5636,0.6616913951,48.89551741,108.0127089,60.46020073,0.1906568426,194.5148399,1,0,1,0,1,0,1,0,1,0,1,0,150.501633,0,1,0,1,0,1,0,1,0,1,0,1,0,1,0,1,0,1,0,1,0,1,0,1,0,1,0,1,0,0.8411331293,0.3813136853,148.5665409,47.13710057
2026-04-03,CYQ,481230,3.4730,1.215829515,89.84341292,198.4687129,111.0930218,0.3503237586,357.4126629,1,0,1,0,1,0,1,0,1,0,1,0,1,0,150.813826,0,1,0,1,0,1,0,1,0,1,0,1,0,1,0,1,0,1,0,1,0,1,0,1,0,1,0,1.545545994,0.7006475173,272.9846371,86.6123975
2026-04-03,PTQ,791244,7.1574,1.999081123,147.7215914,326.3245813,182.660447,0.5760064254,587.6620848,1,0,1,0,1,0,1,0,1,0,1,0,1,0,1,0,1,0,1,0,1,0,136.860907,0,1,0,1,0,1,0,1,0,1,0,1,0,1,0,1,0,1,0,2.541204818,1.152012851,448.8445363,142.409118
2026-04-03,HLQ,315240,2.1442,0.7964551179,58.85384845,130.0111736,72.77385903,0.2294870679,234.1308062,1,0,1,0,1,0,1,0,1,0,1,0,1,0,1,0,1,0,1,0,1,0,1,0,1,0,1,0,1,0,1,0,1,0,44.717566,0,1,0,1,0,1,0,1.012442947,0.4589741358,178.8244228,56.73730272
2026-04-03,TTQ,210140,0.7852,0.5309195485,39.23216506,86.66586732,48.51128897,0.1529768191,156.07235,1,0,1,0,1,0,1,0,1,0,1,0,1,0,1,0,1,0,1,0,1,0,1,0,1,0,1,0,1,0,73.374631,0,1,0,1,0,1,0,1,0,1,0,0.6748977312,0.3059536381,119.2049366,37.82126886
2026-04-03,PHQ,107450,0.1510,0.2714728538,20.06041751,44.31449245,24.80507281,0.07822099176,79.80381654,1,0,1,0,1,0,1,0,1,0,1,0,1,0,1,0,1,0,1,0,1,0,1,0,1,0,1,0,1,0,1,0,1,0,1,0,1,0,1,0,42.093864,1,0.3450926107,0.1564419835,60.95255752,19.3389899
2026-04-03,KMQ,143180,0.1727,0.3617448413,26.73104308,59.0502469,33.05342322,0.1042315645,106.3407208,1,0,1,0,1,0,1,0,1,0,1,0,1,0,1,0,1,0,1,0,1,0,1,0,1,0,1,0,1,0,1,0,1,0,1,0,48.89267,0,1,0,1,0,0.4598451373,0.2084631289,81.22091378,25.76972149
2026-04-03,MZQ,14130,0.0057,0.03569950138,2.638005579,5.827489794,3.261942101,0.01028629701,10.49444325,1,0,1,0,1,0,1,0,1,0,1,0,1,0,1,0,1,0,1,0,1,0,1,0,1,0,1,0,1,0,1,0,1,0,1,0,1,0,1,0,1,0,0.0453807221,0.02057259402,8.015445675,2.543135666
2026-04-04,TPC,2465110,22.7650,5.91142668,594.0244885,1004.203607,527.6296663,2.322346196,1735.109292,1,0,1,0,1,0,1,0,1,0,287.798044,0,1,0,1,0,1,0,1,0,1,0,1,0,1,0,1,0,1,0,1,0,1,0,1,0,1,0,1,0,1,0,6.967038587,4.011325247,1457.905605,450.007356
2026-04-04,NTPC,4041120,48.3874,9.690758053,973.8000498,1646.217524,864.9572625,3.807083521,2844.410538,1,0,1,0,1,0,543.005619,0,1,0,1,0,1,0,1,0,1,0,1,0,1,0,1,0,1,0,1,0,1,0,1,0,1,0,1,0,1,0,1,0,1,0,11.42125056,6.575871536,2389.983205,737.7089568
2026-04-04,KLC,361050,3.0772,0.8658115064,87.00323375,147.0797297,77.27877905,0.3401402347,254.1311381,1,0,1,0,1,0,1,0,1,0,1,0,1,0,1,0,1,0,1,0,1,0,1,0,1,0,1,0,78.426064,0,1,0,1,0,1,0,1,0,1,0,1,0,1.020420704,0.5875149508,213.5307628,65.90990093
2026-04-04,TYC,2332150,36.8322,5.592583589,561.9847434,950.0401372,499.1710416,2.19708641,1641.523151,1,0,1,0,1,0,1,0,1,0,1,0,1,0,1,0,1,0,1,0,1,0,1,0,1,0,1,0,1,0,1,0,1,0,1,0,1,0,369.275405,4,1,0,6.59125923,3.794967435,1379.270928,425.7354257
2026-04-04,HCC,457320,6.4998,1.096670594,110.2016864,186.2969172,97.88431308,0.4308348764,321.8924029,1,0,1,0,1,0,1,0,1,0,1,0,1,0,1,0,1,0,1,0,1,0,1,0,1,0,1,0,1,0,1,0,77.46959,0,1,0,1,0,1,0,1,0,1.292504629,0.7441693319,270.4663854,83.484049
2026-04-04,HSQ,593210,9.6084,1.422539936,142.9474818,241.6539716,126.9700721,0.5588549747,417.5408736,1,0,1,0,1,0,1,0,1,0,1,0,1,0,1,0,1,0,1,0,1,0,1,0,98.545483,0,1,0,1,0,1,0,1,0,1,0,1,0,1,0,1,0,1.676564924,0.9652949563,350.8339116,108.2908526
2026-04-04,ILQ,448110,6.0916,1.074584667,107.9823268,182.5450704,95.91301394,0.4221582622,315.4097889,1,0,1,0,1,0,1,0,1,0,1,0,1,0,1,0,1,0,1,0,1,0,1,0,1,0,96.859314,0,1,0,1,0,1,0,1,0,1,0,1,0,1,0,1.266474787,0.7291824529,265.0194436,81.8027578
2026-04-04,TCC,2854310,56.4258,6.844742947,687.8111069,1162.750708,610.9336431,2.689006158,2009.054282,1,0,760.450148,1,1,0,1,0,1,0,1,0,1,0,1,0,1,0,1,0,1,0,1,0,1,0,1,0,1,0,1,0,1,0,1,0,1,0,1,0,1,0,8.067018473,4.644647,1688.084729,521.0560568
2026-04-04,MLQ,531090,10.4562,1.273573835,127.9782507,216.3483551,113.6739697,0.5003325779,373.8166628,1,0,1,0,1,0,1,0,1,0,1,0,1,0,1,0,208.62787,0,1,0,1,0,1,0,1,0,1,0,1,0,1,0,1,0,1,0,1,0,1,0,1,0,1.500997734,0.8642108163,314.0951469,96.95080815
2026-04-04,CHQ,1224190,10.7074,2.935653755,294.9965067,498.6941816,262.024397,1.153292546,861.6667993,1,0,1,0,1,0,1,0,315.18667,5,1,0,1,0,1,0,1,0,1,0,1,0,1,0,1,0,1,0,1,0,1,0,1,0,1,0,1,0,1,0,1,0,3.459877639,1.992050762,724.0056072,223.4766421
2026-04-04,NTQ,473460,2.8260,1.135374923,114.0909875,192.871815,101.3389025,0.4460401482,333.2528144,1,0,1,0,1,0,1,0,1,0,1,0,1,0,1,0,1,0,100.18918,0,1,0,1,0,1,0,1,0,1,0,1,0,1,0,1,0,1,0,1,0,1,0,1.338120445,0.7704329833,280.0118403,86.43041599
2026-04-04,YLQ,654120,3.2028,1.568604411,157.6251358,266.4666743,140.0071872,0.6162374472,460.4134054,1,0,1,0,1,0,1,0,1,0,1,0,1,0,1,0,1,0,1,0,100.128608,0,1,0,1,0,1,0,1,0,1,0,1,0,1,0,1,0,1,0,1,0,1.848712342,1.064410136,386.8570629,119.4100108
2026-04-04,TNC,1857211,33.2840,4.453661968,447.5373571,756.5658269,397.5155755,1.749652916,1307.229317,1,0,1,0,641.095847,0,1,0,1,0,1,0,1,0,1,0,1,0,1,0,1,0,1,0,1,0,1,0,1,0,1,0,1,0,1,0,1,0,1,0,1,0,5.248958748,3.022127764,1098.384383,339.0350173
2026-04-04,KSC,2735462,45.6556,6.559740964,659.1719701,1114.335996,585.4955367,2.577041093,1925.401111,771.604412,2,1,0,1,0,1,0,1,0,1,0,1,0,1,0,1,0,1,0,1,0,1,0,1,0,1,0,1,0,1,0,1,0,1,0,1,0,1,0,1,0,7.731123279,4.451252797,1617.796115,499.3602809
2026-04-04,CYC,261900,3.7052,0.6280460699,63.11077945,106.6893261,56.05681272,0.2467323846,184.3427366,1,0,1,0,1,0,1,0,1,0,1,0,161.930319,0,1,0,1,0,1,0,1,0,1,0,1,0,1,0,1,0,1,0,1,0,1,0,1,0,1,0,1,0,0.7401971538,0.4261741189,154.891862,47.81000707
2026-04-04,CYQ,481230,3.6110,1.154007676,115.9633463,196.0370539,103.0019854,0.4533601582,338.72186,1,0,1,0,1,0,1,0,1,0,1,0,1,0,147.298055,0,1,0,1,0,1,0,1,0,1,0,1,0,1,0,1,0,1,0,1,0,1,0,1,0,1,0,1.360080475,0.783076637,284.607143,87.8488343
2026-04-04,PTQ,791244,7.4418,1.897432931,190.6682916,322.3264191,169.3570704,0.7454200799,556.9304479,1,0,1,0,1,0,1,0,1,0,1,0,1,0,1,0,1,0,1,0,1,0,144.194054,0,1,0,1,0,1,0,1,0,1,0,1,0,1,0,1,0,1,0,2.23626024,1.287543774,467.9543965,144.4420818
2026-04-04,HLQ,315240,2.2294,0.7559574001,75.96426924,128.4182633,67.4736527,0.2969832643,221.8869962,1,0,1,0,1,0,1,0,1,0,1,0,1,0,1,0,1,0,1,0,1,0,1,0,1,0,1,0,1,0,1,0,1,0,49.196449,0,1,0,1,0,1,0,0.8909497929,0.5129710929,186.4379938,57.54725708
2026-04-04,TTQ,210140,0.8164,0.5039236393,50.6380267,85.60402822,44.97815436,0.1979700011,147.9105868,1,0,1,0,1,0,1,0,1,0,1,0,1,0,1,0,1,0,1,0,1,0,1,0,1,0,1,0,1,0,78.16632,1,1,0,1,0,1,0,1,0,1,0,0.5939100034,0.3419481838,124.2801675,38.36118704
2026-04-04,PHQ,107450,0.1570,0.2576691493,25.89252864,43.77154674,22.99848999,0.1012271658,75.63049656,1,0,1,0,1,0,1,0,1,0,1,0,1,0,1,0,1,0,1,0,1,0,1,0,1,0,1,0,1,0,1,0,1,0,1,0,1,0,1,0,56.507902,0,0.3036814974,0.1748469228,63.54765395,19.61506399
2026-04-04,KMQ,143180,0.1795,0.3433510358,34.50248721,58.32675721,30.64610327,0.1348879069,100.7796603,1,0,1,0,1,0,1,0,1,0,1,0,1,0,1,0,1,0,1,0,1,0,1,0,1,0,1,0,1,0,1,0,1,0,1,0,57.492536,0,1,0,1,0,0.4046637208,0.2329882029,84.67894922,26.1375976
2026-04-04,MZQ,14130,0.0059,0.0338842725,3.404945833,5.756090791,3.024370996,0.01331167848,9.945639055,1,0,1,0,1,0,1,0,1,0,1,0,1,0,1,0,1,0,1,0,1,0,1,0,1,0,1,0,1,0,1,0,1,0,1,0,1,0,1,0,1,0,0.03993503545,0.0229928992,8.356708705,2.579440244
2026-04-05,TPC,2465110,22.4025,5.805865489,655.8717345,998.8199865,545.1517684,2.216785005,1591.33495,1,0,1,0,1,0,1,0,1,0,304.900098,0,1,0,1,0,1,0,1,0,1,0,1,0,1,0,1,0,1,0,1,0,1,0,1,0,1,0,1,0,1,0,6.333671442,3.06127453,1453.999841,413.2720616
2026-04-05,NTPC,4041120,47.6169,9.517708802,1075.187875,1637.392012,893.6817076,3.63403427,2608.717458,1,0,1,0,1,0,530.554269,1,1,0,1,0,1,0,1,0,1,0,1,0,1,0,1,0,1,0,1,0,1,0,1,0,1,0,1,0,1,0,1,0,1,0,10.38295506,5.018428277,2383.580382,677.4878174
2026-04-05,KLC,361050,3.0282,0.8503505867,96.06163203,146.2912227,79.84513712,0.3246793149,233.0733654,1,0,1,0,1,0,1,0,1,0,1,0,1,0,1,0,1,0,1,0,1,0,1,0,1,0,1,0,80.569373,0,1,0,1,0,1,0,1,0,1,0,1,0,0.9276551855,0.448366673,212.9587087,60.52950085
2026-04-05,TYC,2332150,36.2457,5.492716025,620.4961505,944.9468914,515.7480586,2.097218846,1505.503529,1,0,1,0,1,0,1,0,1,0,1,0,1,0,1,0,1,0,1,0,1,0,1,0,1,0,1,0,1,0,1,0,1,0,1,0,1,0,371.351839,3,1,0,5.992053845,2.896159359,1375.575828,390.9815134
2026-04-05,HCC,457320,6.3963,1.077087191,121.6754066,185.2981637,101.1349622,0.4112514729,295.2198073,1,0,1,0,1,0,1,0,1,0,1,0,1,0,1,0,1,0,1,0,1,0,1,0,1,0,1,0,1,0,1,0,77.873221,0,1,0,1,0,1,0,1,0,1.175004208,0.5679187007,269.7417994,76.66902459
2026-04-05,HSQ,593210,9.4554,1.397137437,157.8305518,240.3584441,131.1866329,0.5334524758,382.9426702,1,0,1,0,1,0,1,0,1,0,1,0,1,0,1,0,1,0,1,0,1,0,1,0,90.325579,0,1,0,1,0,1,0,1,0,1,0,1,0,1,0,1,0,1.524149931,0.7366724666,349.8940192,99.450783
2026-04-05,ILQ,448110,5.9946,1.055395655,119.224977,181.5664308,99.09819802,0.4029692503,289.2743547,1,0,1,0,1,0,1,0,1,0,1,0,1,0,1,0,1,0,1,0,1,0,1,0,1,0,109.225523,0,1,0,1,0,1,0,1,0,1,0,1,0,1,0,1.151340715,0.5564813456,264.3094501,75.12498166
2026-04-05,TCC,2854310,55.5273,6.722515394,759.4230077,1156.517103,631.2221946,2.566778605,1842.580356,1,0,718.868603,5,1,0,1,0,1,0,1,0,1,0,1,0,1,0,1,0,1,0,1,0,1,0,1,0,1,0,1,0,1,0,1,0,1,0,1,0,1,0,7.333653157,3.544599026,1683.56231,478.5208685
2026-04-05,MLQ,531090,10.2897,1.250831445,141.3027895,215.1884933,117.448979,0.4775901879,342.8415278,1,0,1,0,1,0,1,0,1,0,1,0,1,0,1,0,186.202604,0,1,0,1,0,1,0,1,0,1,0,1,0,1,0,1,0,1,0,1,0,1,0,1,0,1.364543394,0.6595293072,313.2536785,89.03645647
2026-04-05,CHQ,1224190,10.5369,2.883231366,325.7102598,496.0206397,270.7259892,1.100870158,790.2675062,1,0,1,0,1,0,1,0,359.588915,1,1,0,1,0,1,0,1,0,1,0,1,0,1,0,1,0,1,0,1,0,1,0,1,0,1,0,1,0,1,0,1,0,3.145343308,1.520249266,722.0659788,205.2336509
2026-04-05,NTQ,473460,2.7810,1.115100371,125.9696449,191.8378128,104.7042754,0.425765596,305.6388743,1,0,1,0,1,0,1,0,1,0,1,0,1,0,1,0,1,0,114.494307,0,1,0,1,0,1,0,1,0,1,0,1,0,1,0,1,0,1,0,1,0,1,0,1.216473131,0.5879620135,279.2616819,79.37487183
2026-04-05,YLQ,654120,3.1518,1.540593618,174.0363793,265.0381239,144.6566988,0.5882266541,422.2627053,1,0,1,0,1,0,1,0,1,0,1,0,1,0,1,0,1,0,1,0,97.033524,0,1,0,1,0,1,0,1,0,1,0,1,0,1,0,1,0,1,0,1,0,1.680647583,0.8123129986,385.8206635,109.6622548
2026-04-05,TNC,1857211,32.7540,4.37413229,494.1330001,752.5098133,410.7167067,1.670123238,1198.909896,1,0,1,0,698.944032,1,1,0,1,0,1,0,1,0,1,0,1,0,1,0,1,0,1,0,1,0,1,0,1,0,1,0,1,0,1,0,1,0,1,0,1,0,4.77178068,2.306360662,1095.441785,311.3586894
2026-04-05,KSC,2735462,44.9286,6.442602732,727.8020886,1108.361946,604.9393117,2.459902861,1765.85884,865.230111,1,1,0,1,0,1,0,1,0,1,0,1,0,1,0,1,0,1,0,1,0,1,0,1,0,1,0,1,0,1,0,1,0,1,0,1,0,1,0,1,0,7.02829389,3.397008713,1613.462001,458.5961763
2026-04-05,CYC,261900,3.6462,0.6168309615,69.6815993,106.1173556,57.91840857,0.2355172762,169.067759,1,0,1,0,1,0,1,0,1,0,1,0,196.345647,0,1,0,1,0,1,0,1,0,1,0,1,0,1,0,1,0,1,0,1,0,1,0,1,0,1,0,1,0,0.6729065035,0.3252381433,154.476903,43.90714935
2026-04-05,CYQ,481230,3.5535,1.133400396,128.0369455,194.9860826,106.4225878,0.4327528783,310.6547448,1,0,1,0,1,0,1,0,1,0,1,0,1,0,200.970084,1,1,0,1,0,1,0,1,0,1,0,1,0,1,0,1,0,1,0,1,0,1,0,1,0,1,0,1.236436795,0.5976111177,283.8446736,80.67750089
2026-04-05,PTQ,791244,7.3233,1.8635502,210.5198448,320.5983998,174.9812649,0.711537349,510.7821684,1,0,1,0,1,0,1,0,1,0,1,0,1,0,1,0,1,0,1,0,1,0,160.878369,0,1,0,1,0,1,0,1,0,1,0,1,0,1,0,1,0,1,0,2.032963854,0.9825991962,466.7007355,132.6508915
2026-04-05,HLQ,315240,2.1939,0.7424581608,83.87333854,127.7298021,69.71439143,0.283484025,203.5010322,1,0,1,0,1,0,1,0,1,0,1,0,1,0,1,0,1,0,1,0,1,0,1,0,1,0,1,0,1,0,1,0,1,0,52.03245,0,1,0,1,0,1,0,0.8099543572,0.3914779393,185.9385219,52.84952181
2026-04-05,TTQ,210140,0.8034,0.4949250029,55.91023779,85.14509777,46.47183801,0.1889713647,135.654444,1,0,1,0,1,0,1,0,1,0,1,0,1,0,1,0,1,0,1,0,1,0,1,0,1,0,1,0,1,0,71.170408,0,1,0,1,0,1,0,1,0,1,0,0.5399181849,0.2609604561,123.947218,35.22966157
2026-04-05,PHQ,107450,0.1545,0.2530679145,28.58834611,43.53688377,23.76224895,0.096625931,69.36361475,1,0,1,0,1,0,1,0,1,0,1,0,1,0,1,0,1,0,1,0,1,0,1,0,1,0,1,0,1,0,1,0,1,0,1,0,1,0,1,0,47.727404,0,0.2760740886,0.1334358095,63.37740827,18.01383428
2026-04-05,KMQ,143180,0.1767,0.3372197674,38.09473611,58.01406252,31.66383253,0.1287566384,92.4288726,1,0,1,0,1,0,1,0,1,0,1,0,1,0,1,0,1,0,1,0,1,0,1,0,1,0,1,0,1,0,1,0,1,0,1,0,39.534781,0,1,0,1,0,0.3678761098,0.1778067864,84.45209228,24.00391617
2026-04-05,MZQ,14130,0.0058,0.03327919621,3.759453983,5.7252319,3.12480761,0.01270660219,9.121525142,1,0,1,0,1,0,1,0,1,0,1,0,1,0,1,0,1,0,1,0,1,0,1,0,1,0,1,0,1,0,1,0,1,0,1,0,1,0,1,0,1,0,0.03630457768,0.01754721254,8.334320882,2.368873694
2026-04-06,TPC,2465110,26.3900,10.13387431,745.0994422,998.7144253,560.2691865,2.744590958,1216.276039,1,0,1,0,1,0,1,0,1,0,277.008899,1,1,0,1,0,1,0,1,0,1,0,1,0,1,0,1,0,1,0,1,0,1,0,1,0,1,0,1,0,1,0,7.49484454,4.43357001,1448.827342,487.3760175
2026-04-06,NTPC,4041120,56.0924,16.61272809,1221.461216,1637.218963,918.4640908,4.499280524,1993.873469,1,0,1,0,1,0,536.903225,1,1,0,1,0,1,0,1,0,1,0,1,0,1,0,1,0,1,0,1,0,1,0,1,0,1,0,1,0,1,0,1,0,1,0,12.28649682,7.26806854,2375.100969,798.9683916
2026-04-06,KLC,361050,3.5672,1.484248297,109.1302837,146.2757618,82.05929544,0.4019839137,178.1407175,1,0,1,0,1,0,1,0,1,0,1,0,1,0,1,0,1,0,1,0,1,0,1,0,1,0,1,0,74.693764,0,1,0,1,0,1,0,1,0,1,0,1,0,1.097725303,0.6493586298,212.2011237,71.38306652
2026-04-06,TYC,2332150,42.6972,9.587286152,704.9112064,944.8470238,530.0500924,2.596556666,1150.674073,1,0,1,0,1,0,1,0,1,0,1,0,1,0,1,0,1,0,1,0,1,0,1,0,1,0,1,0,1,0,1,0,1,0,1,0,1,0,350.25969,0,1,0,7.09059705,4.194437692,1370.682317,461.0885434
2026-04-06,HCC,457320,7.5348,1.880006733,138.2286701,185.2785803,103.9395014,0.5091684903,225.6399748,1,0,1,0,1,0,1,0,1,0,1,0,1,0,1,0,1,0,1,0,1,0,1,0,1,0,1,0,1,0,1,0,75.988345,0,1,0,1,0,1,0,1,0,1.390421647,0.8225029458,268.7822127,90.41657383
2026-04-06,HSQ,593210,11.1384,2.43863989,179.302522,240.3330416,134.8245247,0.6604649701,292.6875917,1,0,1,0,1,0,1,0,1,0,1,0,1,0,1,0,1,0,1,0,1,0,1,0,91.559391,0,1,0,1,0,1,0,1,0,1,0,1,0,1,0,1,0,1.803577418,1.066904952,348.6492967,117.2833372
2026-04-06,ILQ,448110,7.0616,1.842145144,135.4448731,181.5472417,101.8462564,0.4989143098,221.0957953,1,0,1,0,1,0,1,0,1,0,1,0,1,0,1,0,1,0,1,0,1,0,1,0,1,0,88.313186,0,1,0,1,0,1,0,1,0,1,0,1,0,1,0,1.362419846,0.8059385005,263.3691886,88.59566802
2026-04-06,TCC,2854310,65.4108,11.73384505,862.7382911,1156.394875,648.7264024,3.177916368,1408.305861,1,0,711.658817,1,1,0,1,0,1,0,1,0,1,0,1,0,1,0,1,0,1,0,1,0,1,0,1,0,1,0,1,0,1,0,1,0,1,0,1,0,1,0,8.678156236,5.13355721,1677.57316,564.3246105
2026-04-06,MLQ,531090,12.1212,2.183269431,160.5262494,215.1657509,120.7059167,0.5913021375,262.0378165,1,0,1,0,1,0,1,0,1,0,1,0,1,0,1,0,162.503886,0,1,0,1,0,1,0,1,0,1,0,1,0,1,0,1,0,1,0,1,0,1,0,1,0,1.614709683,0.9551803759,312.1393014,105.0016142
2026-04-06,CHQ,1224190,12.4124,5.032549293,370.0213321,495.9682174,278.2333995,1.3629821,604.01076,1,0,1,0,1,0,1,0,359.80266,1,1,0,1,0,1,0,1,0,1,0,1,0,1,0,1,0,1,0,1,0,1,0,1,0,1,0,1,0,1,0,1,0,3.721989582,2.201740316,719.4972818,242.0341676
2026-04-06,NTQ,473460,3.2760,1.94635701,143.1071157,191.8175383,107.607794,0.527138357,233.6033903,1,0,1,0,1,0,1,0,1,0,1,0,1,0,1,0,1,0,102.649831,0,1,0,1,0,1,0,1,0,1,0,1,0,1,0,1,0,1,0,1,0,1,0,1.439493206,0.851531192,278.2682288,93.60760747
2026-04-06,YLQ,654120,3.7128,2.689036133,197.7130623,265.0101131,148.6681245,0.7282806194,322.7403576,1,0,1,0,1,0,1,0,1,0,1,0,1,0,1,0,1,0,1,0,100.932622,0,1,0,1,0,1,0,1,0,1,0,1,0,1,0,1,0,1,0,1,0,1.988766307,1.176453308,384.4481347,129.3258315
2026-04-06,TNC,1857211,38.5840,7.634849089,561.357051,752.4302836,422.1061519,2.067771628,916.34095,1,0,1,0,635.327482,1,1,0,1,0,1,0,1,0,1,0,1,0,1,0,1,0,1,0,1,0,1,0,1,0,1,0,1,0,1,0,1,0,1,0,1,0,5.646607139,3.340246476,1091.544831,367.1885234
2026-04-06,KSC,2735462,52.9256,11.24527022,826.8155215,1108.244808,621.7146778,3.045594019,1349.666703,812.301688,1,1,0,1,0,1,0,1,0,1,0,1,0,1,0,1,0,1,0,1,0,1,0,1,0,1,0,1,0,1,0,1,0,1,0,1,0,1,0,1,0,8.316814436,4.919805723,1607.722227,540.8272148
2026-04-06,CYC,261900,4.2952,1.076650406,79.16139397,106.1061405,59.52452424,0.2915928182,129.2204789,1,0,1,0,1,0,1,0,1,0,1,0,158.334762,1,1,0,1,0,1,0,1,0,1,0,1,0,1,0,1,0,1,0,1,0,1,0,1,0,1,0,1,0,0.7962726958,0.4710345524,153.9273627,51.78015544
2026-04-06,CYQ,481230,4.1860,1.978298872,145.455661,194.9654753,109.3737564,0.5357892779,237.4370792,1,0,1,0,1,0,1,0,1,0,1,0,1,0,154.910384,0,1,0,1,0,1,0,1,0,1,0,1,0,1,0,1,0,1,0,1,0,1,0,1,0,1,0,1.463116874,0.8655057566,282.8349169,95.14381139
2026-04-06,PTQ,791244,8.6268,3.252742167,239.1599008,320.5645171,179.8336108,0.8809510035,390.3968255,1,0,1,0,1,0,1,0,1,0,1,0,1,0,1,0,1,0,1,0,1,0,136.041185,0,1,0,1,0,1,0,1,0,1,0,1,0,1,0,1,0,1,0,2.405673894,1.423074698,465.0404817,156.4365686
2026-04-06,HLQ,315240,2.5844,1.295926972,95.28384054,127.7163029,71.64761749,0.3509802215,155.5382351,1,0,1,0,1,0,1,0,1,0,1,0,1,0,1,0,1,0,1,0,1,0,1,0,1,0,1,0,1,0,1,0,1,0,50.601219,0,1,0,1,0,1,0,0.9584459894,0.56696805,185.2770592,62.32598779
2026-04-06,TTQ,210140,0.9464,0.8638690959,63.5165152,85.13609913,47.76053274,0.2339645468,103.6822888,1,0,1,0,1,0,1,0,1,0,1,0,1,0,1,0,1,0,1,0,1,0,1,0,1,0,1,0,1,0,75.760154,0,1,0,1,0,1,0,1,0,1,0,0.6389031855,0.3779427295,123.5062848,41.54670433
2026-04-06,PHQ,107450,0.1820,0.4417185417,32.47763185,43.53228253,24.42119179,0.119632105,53.01542748,1,0,1,0,1,0,1,0,1,0,1,0,1,0,1,0,1,0,1,0,1,0,1,0,1,0,1,0,1,0,1,0,1,0,1,0,1,0,1,0,62.677731,0,0.3266876715,0.193251862,63.15194776,21.24390112
2026-04-06,KMQ,143180,0.2081,0.5886017757,43.27731344,58.00793125,32.54189149,0.1594129809,70.64447563,1,0,1,0,1,0,1,0,1,0,1,0,1,0,1,0,1,0,1,0,1,0,1,0,1,0,1,0,1,0,1,0,1,0,1,0,47.420772,0,1,0,1,0,0.4353200633,0.2575132769,84.15166013,28.30806665
2026-04-06,MZQ,14130,0.0068,0.05808732429,4.270906823,5.724626824,3.211460586,0.01573198366,6.971689067,1,0,1,0,1,0,1,0,1,0,1,0,1,0,1,0,1,0,1,0,1,0,1,0,1,0,1,0,1,0,1,0,1,0,1,0,1,0,1,0,1,0,0.04296041692,0.02541320437,8.304672144,2.793637252
2026-04-07,TPC,2465110,22.3300,6.122549061,636.6743763,989.6361629,594.3390608,2.533468577,1341.260489,1,0,1,0,1,0,1,0,1,0,242.389458,0,1,0,1,0,1,0,1,0,1,0,1,0,1,0,1,0,1,0,1,0,1,0,1,0,1,0,1,0,1,0,6.01698787,3.166835721,1390.97981,425.5171597
2026-04-07,NTPC,4041120,47.4628,10.03685655,1043.717139,1622.336728,974.3157366,4.153182023,2198.763782,1,0,1,0,1,0,459.974979,0,1,0,1,0,1,0,1,0,1,0,1,0,1,0,1,0,1,0,1,0,1,0,1,0,1,0,1,0,1,0,1,0,1,0,9.863807304,5.191477528,2280.26998,697.5615305
2026-04-07,KLC,361050,3.0184,0.896733346,93.24990916,144.9461227,87.04930729,0.3710620742,196.4464464,1,0,1,0,1,0,1,0,1,0,1,0,1,0,1,0,1,0,1,0,1,0,1,0,1,0,1,0,87.266043,0,1,0,1,0,1,0,1,0,1,0,1,0,0.8812724262,0.4638275927,203.7285397,62.32296754
2026-04-07,TYC,2332150,36.1284,5.792318717,602.3342353,936.2584133,562.2823487,2.396821538,1268.917269,1,0,1,0,1,0,1,0,1,0,1,0,1,0,1,0,1,0,1,0,1,0,1,0,1,0,1,0,1,0,1,0,1,0,1,0,1,0,367.018904,2,1,0,5.692451153,2.996026923,1315.954892,402.5661508
2026-04-07,HCC,457320,6.3756,1.135837401,118.1139689,183.5944076,110.2600449,0.4700016833,248.8267245,1,0,1,0,1,0,1,0,1,0,1,0,1,0,1,0,1,0,1,0,1,0,1,0,1,0,1,0,1,0,1,0,77.625136,0,1,0,1,0,1,0,1,0,1.116253998,0.5875021042,258.0505076,78.9406994
2026-04-07,HSQ,593210,9.4248,1.473344933,153.2108534,238.1484267,143.0231812,0.6096599724,322.7641504,1,0,1,0,1,0,1,0,1,0,1,0,1,0,1,0,1,0,1,0,1,0,1,0,102.474069,0,1,0,1,0,1,0,1,0,1,0,1,0,1,0,1,0,1.447942434,0.7620749655,334.7287273,102.3974729
2026-04-07,ILQ,448110,5.9752,1.112962691,115.7352632,179.8969867,108.03951,0.460536286,243.8155854,1,0,1,0,1,0,1,0,1,0,1,0,1,0,1,0,1,0,1,0,1,0,1,0,1,0,90.453033,0,1,0,1,0,1,0,1,0,1,0,1,0,1,0,1.093773679,0.5756703575,252.85361,77.35090704
2026-04-07,TCC,2854310,55.3476,7.089198052,737.194705,1145.883306,688.175345,2.933461263,1553.023284,1,0,616.477075,0,1,0,1,0,1,0,1,0,1,0,1,0,1,0,1,0,1,0,1,0,1,0,1,0,1,0,1,0,1,0,1,0,1,0,1,0,1,0,6.966970499,3.666826579,1610.592461,492.6992646
2026-04-07,MLQ,531090,10.2564,1.319058614,137.1668585,213.2099053,128.046023,0.5458173577,288.9648061,1,0,1,0,1,0,1,0,1,0,1,0,1,0,1,0,143.785864,0,1,0,1,0,1,0,1,0,1,0,1,0,1,0,1,0,1,0,1,0,1,0,1,0,1.296316224,0.6822716971,299.6764717,91.6745737
2026-04-07,CHQ,1224190,10.5028,3.040498531,316.1767243,491.4598919,295.1527254,1.258137323,666.0788679,1,0,1,0,1,0,1,0,304.301085,0,1,0,1,0,1,0,1,0,1,0,1,0,1,0,1,0,1,0,1,0,1,0,1,0,1,0,1,0,1,0,1,0,2.988076143,1.572671654,690.7698129,211.3146479
2026-04-07,NTQ,473460,2.7720,1.175924027,122.2825149,190.0739268,114.1514057,0.4865892526,257.6084601,1,0,1,0,1,0,1,0,1,0,1,0,1,0,1,0,1,0,103.426202,0,1,0,1,0,1,0,1,0,1,0,1,0,1,0,1,0,1,0,1,0,1,0,1.155649475,0.6082365657,267.1577742,81.72671988
2026-04-07,YLQ,654120,3.1416,1.624625997,168.9423365,262.6011849,157.7086079,0.6722590333,355.9051365,1,0,1,0,1,0,1,0,1,0,1,0,1,0,1,0,1,0,1,0,101.13632,0,1,0,1,0,1,0,1,0,1,0,1,0,1,0,1,0,1,0,1,0,1.596615204,0.8403237916,369.0982201,112.9115068
2026-04-07,TNC,1857211,32.6480,4.612721324,479.6697329,745.5907313,447.7743555,1.908712272,1010.504089,1,0,1,0,546.070302,1,1,0,1,0,1,0,1,0,1,0,1,0,1,0,1,0,1,0,1,0,1,0,1,0,1,0,1,0,1,0,1,0,1,0,1,0,4.533191646,2.38589034,1047.962567,320.584132
2026-04-07,KSC,2735462,44.7832,6.794017427,706.4993298,1098.17092,659.521042,2.811317556,1488.358369,675.164526,0,1,0,1,0,1,0,1,0,1,0,1,0,1,0,1,0,1,0,1,0,1,0,1,0,1,0,1,0,1,0,1,0,1,0,1,0,1,0,1,0,6.676879195,3.514146945,1543.530476,472.1842112
2026-04-07,CYC,261900,3.6344,0.6504762867,67.64201969,105.1416412,63.14420047,0.2691626014,142.4991672,1,0,1,0,1,0,1,0,1,0,1,0,119.578473,0,1,0,1,0,1,0,1,0,1,0,1,0,1,0,1,0,1,0,1,0,1,0,1,0,1,0,1,0,0.6392611783,0.3364532517,147.7814833,45.20810192
2026-04-07,CYQ,481230,3.5420,1.195222235,124.2893056,193.1932492,116.024756,0.4945747181,261.8360987,1,0,1,0,1,0,1,0,1,0,1,0,1,0,142.705635,0,1,0,1,0,1,0,1,0,1,0,1,0,1,0,1,0,1,0,1,0,1,0,1,0,1,0,1.174614955,0.6182183976,271.5421275,83.06794536
2026-04-07,PTQ,791244,7.2996,1.965198392,204.3579314,317.6506022,190.7692622,0.8131855417,430.5139789,1,0,1,0,1,0,1,0,1,0,1,0,1,0,1,0,1,0,1,0,1,0,154.632915,0,1,0,1,0,1,0,1,0,1,0,1,0,1,0,1,0,1,0,1.931315662,1.016481927,446.4727451,136.5812883
2026-04-07,HLQ,315240,2.1868,0.7829558786,81.41836689,126.5553683,76.00449697,0.3239817429,171.5213344,1,0,1,0,1,0,1,0,1,0,1,0,1,0,1,0,1,0,1,0,1,0,1,0,1,0,1,0,1,0,1,0,1,0,55.041978,0,1,0,1,0,1,0,0.7694566393,0.4049771786,177.8794761,54.41543356
2026-04-07,TTQ,210140,0.8008,0.5219209121,54.27374577,84.3622164,50.66484264,0.215967274,114.3366743,1,0,1,0,1,0,1,0,1,0,1,0,1,0,1,0,1,0,1,0,1,0,1,0,1,0,1,0,1,0,74.335602,0,1,0,1,0,1,0,1,0,1,0,0.5129222757,0.2699590925,118.5750321,36.27350339
2026-04-07,PHQ,107450,0.1540,0.266871619,27.75156554,43.13657634,25.90624032,0.1104296354,58.46328949,1,0,1,0,1,0,1,0,1,0,1,0,1,0,1,0,1,0,1,0,1,0,1,0,1,0,1,0,1,0,1,0,1,0,1,0,1,0,1,0,43.68,0,0.2622703841,0.1380370443,60.63047109,18.54757752
2026-04-07,KMQ,143180,0.1761,0.3556135728,36.97970363,57.48064216,34.52075839,0.1471504439,77.90389753,1,0,1,0,1,0,1,0,1,0,1,0,1,0,1,0,1,0,1,0,1,0,1,0,1,0,1,0,1,0,1,0,1,0,1,0,40.09,0,1,0,1,0,0.3494823043,0.1839380549,80.79172499,24.71514331
2026-04-07,MZQ,14130,0.0058,0.03509442509,3.649414808,5.672590262,3.40674896,0.01452183107,7.6880994,1,0,1,0,1,0,1,0,1,0,1,0,1,0,1,0,1,0,1,0,1,0,1,0,1,0,1,0,1,0,1,0,1,0,1,0,1,0,1,0,1,0,0.03448934879,0.01815228884,7.973090334,2.439062544
2026-04-08,TPC,2465110,18.8500,5.805865489,626.3441582,987.3138167,541.1900569,2.005662623,1506.041508,1,0,1,0,1,0,1,0,1,0,235.778191,1,1,0,1,0,1,0,1,0,1,0,1,0,1,0,1,0,1,0,1,0,1,0,1,0,1,0,1,0,1,0,5.066937154,1.900101433,1312.97009,392.1598235
2026-04-08,NTPC,4041120,40.0660,9.517708802,1026.782539,1618.529644,887.1871692,3.287935768,2468.893663,1,0,1,0,1,0,518.24416,2,1,0,1,0,1,0,1,0,1,0,1,0,1,0,1,0,1,0,1,0,1,0,1,0,1,0,1,0,1,0,1,0,1,0,8.306364045,3.114886517,2152.386583,642.8779672
2026-04-08,KLC,361050,2.5480,0.8503505867,91.73690356,144.6059825,79.26488881,0.2937574754,220.5809422,1,0,1,0,1,0,1,0,1,0,1,0,1,0,1,0,1,0,1,0,1,0,1,0,1,0,1,0,64.242933,0,1,0,1,0,1,0,1,0,1,0,1,0,0.7421241484,0.2782965556,192.3029199,57.4373169
2026-04-08,TYC,2332150,30.4980,5.492716025,592.5611955,934.0613269,512.0000289,1.897483718,1424.810537,1,0,1,0,1,0,1,0,1,0,1,0,1,0,1,0,1,0,1,0,1,0,1,0,1,0,1,0,1,0,1,0,1,0,1,0,1,0,367.772167,2,1,0,4.793643076,1.797616154,1242.152762,371.0080006
2026-04-08,HCC,457320,5.3820,1.077087191,116.197537,183.1635727,100.3999971,0.372084666,279.3964173,1,0,1,0,1,0,1,0,1,0,1,0,1,0,1,0,1,0,1,0,1,0,1,0,1,0,1,0,1,0,1,0,47.754742,0,1,0,1,0,1,0,1,0,0.9400033667,0.3525012625,243.5783724,72.7523439
2026-04-08,HSQ,593210,7.9560,1.397137437,150.7249648,237.5895717,130.2332771,0.4826474781,362.4174511,1,0,1,0,1,0,1,0,1,0,1,0,1,0,1,0,1,0,1,0,1,0,1,0,139.759318,0,1,0,1,0,1,0,1,0,1,0,1,0,1,0,1,0,1.219319945,0.4572449793,315.9562807,94.37028323
2026-04-08,ILQ,448110,5.0440,1.055395655,113.8574265,179.4748285,98.37803441,0.3645912264,273.769633,1,0,1,0,1,0,1,0,1,0,1,0,1,0,1,0,1,0,1,0,1,0,1,0,1,0,113.583344,0,1,0,1,0,1,0,1,0,1,0,1,0,1,0,0.921072572,0.3454022145,238.6729302,71.28717927
2026-04-08,TCC,2854310,46.7220,6.722515394,725.2335167,1143.1943,626.6349945,2.3223235,1743.820493,1,0,672.794974,3,1,0,1,0,1,0,1,0,1,0,1,0,1,0,1,0,1,0,1,0,1,0,1,0,1,0,1,0,1,0,1,0,1,0,1,0,1,0,5.866922526,2.200095947,1520.2663,454.075358
2026-04-08,MLQ,531090,8.6580,1.250831445,134.9412882,212.7095728,116.5954571,0.4321054081,324.4656767,1,0,1,0,1,0,1,0,1,0,1,0,1,0,1,0,143.092283,0,1,0,1,0,1,0,1,0,1,0,1,0,1,0,1,0,1,0,1,0,1,0,1,0,1.091634715,0.4093630182,282.8698456,84.48797849
2026-04-08,CHQ,1224190,8.8660,2.883231366,311.0466693,490.3065994,268.758577,0.996025381,747.9102164,1,0,1,0,1,0,1,0,300.443626,0,1,0,1,0,1,0,1,0,1,0,1,0,1,0,1,0,1,0,1,0,1,0,1,0,1,0,1,0,1,0,1,0,2.516274647,0.9436029925,652.0296678,194.7491732
2026-04-08,NTQ,473460,2.3400,1.115100371,120.2984472,189.6278866,103.9433714,0.3852164916,289.2570361,1,0,1,0,1,0,1,0,1,0,1,0,1,0,1,0,1,0,215.381972,0,1,0,1,0,1,0,1,0,1,0,1,0,1,0,1,0,1,0,1,0,1,0,0.9731785052,0.3649419394,252.1748802,75.31996139
2026-04-08,YLQ,654120,2.6520,1.540593618,166.2012003,261.9849474,143.6054537,0.532205068,399.6299845,1,0,1,0,1,0,1,0,1,0,1,0,1,0,1,0,1,0,1,0,144.813949,0,1,0,1,0,1,0,1,0,1,0,1,0,1,0,1,0,1,0,1,0,1.344518067,0.504194275,348.398244,104.0600962
2026-04-08,TNC,1857211,27.5600,4.37413229,471.8869586,743.8410784,407.7319579,1.511063882,1134.649916,1,0,1,0,592.804807,1,1,0,1,0,1,0,1,0,1,0,1,0,1,0,1,0,1,0,1,0,1,0,1,0,1,0,1,0,1,0,1,0,1,0,1,0,3.817424544,1.431534204,989.1901351,295.4527538
2026-04-08,KSC,2735462,37.8040,6.442602732,695.0361825,1095.593879,600.5431139,2.225626398,1671.211149,775.786001,3,1,0,1,0,1,0,1,0,1,0,1,0,1,0,1,0,1,0,1,0,1,0,1,0,1,0,1,0,1,0,1,0,1,0,1,0,1,0,1,0,5.622635112,2.108488167,1456.965323,435.16853
2026-04-08,CYC,261900,3.0680,0.6168309615,66.54450919,104.8949088,57.49750555,0.2130870594,160.0059514,1,0,1,0,1,0,1,0,1,0,1,0,140.856564,0,1,0,1,0,1,0,1,0,1,0,1,0,1,0,1,0,1,0,1,0,1,0,1,0,1,0,1,0,0.5383252028,0.201871951,139.4935182,41.66412767
2026-04-08,CYQ,481230,2.9900,1.133400396,122.2726772,192.7398891,105.6491966,0.3915383185,294.0040626,1,0,1,0,1,0,1,0,1,0,1,0,1,0,144.89117,0,1,0,1,0,1,0,1,0,1,0,1,0,1,0,1,0,1,0,1,0,1,0,1,0,1,0,0.9891494362,0.3709310386,256.3133476,76.5560449
2026-04-08,PTQ,791244,6.1620,1.8635502,201.0421673,316.9051821,173.709646,0.6437718872,483.4049218,1,0,1,0,1,0,1,0,1,0,1,0,1,0,1,0,1,0,1,0,1,0,146.869552,2,1,0,1,0,1,0,1,0,1,0,1,0,1,0,1,0,1,0,1.626371083,0.6098891563,421.433407,125.8743453
2026-04-08,HLQ,315240,1.8460,0.7424581608,80.09733133,126.258385,69.20776498,0.2564855464,192.5936469,1,0,1,0,1,0,1,0,1,0,1,0,1,0,1,0,1,0,1,0,1,0,1,0,1,0,1,0,1,0,1,0,1,0,58.452373,0,1,0,1,0,1,0,0.6479634858,0.2429863072,167.9035382,50.14967395
2026-04-08,TTQ,210140,0.6760,0.4949250029,53.39313921,84.1642464,46.13411919,0.1709740919,128.3835457,1,0,1,0,1,0,1,0,1,0,1,0,1,0,1,0,1,0,1,0,1,0,1,0,1,0,1,0,1,0,52.594043,0,1,0,1,0,1,0,1,0,1,0,0.431934548,0.1619754555,111.9250397,33.42993428
2026-04-08,PHQ,107450,0.1300,0.2530679145,27.30128871,43.03534917,23.58956461,0.08742346138,65.64581703,1,0,1,0,1,0,1,0,1,0,1,0,1,0,1,0,1,0,1,0,1,0,1,0,1,0,1,0,1,0,1,0,1,0,1,0,1,0,1,0,41.366106,0,0.2208592709,0.08282222657,57.23015856,17.09358732
2026-04-08,KMQ,143180,0.1487,0.3372197674,36.37969769,57.34575426,31.43372602,0.1164941014,87.47480765,1,0,1,0,1,0,1,0,1,0,1,0,1,0,1,0,1,0,1,0,1,0,1,0,1,0,1,0,1,0,1,0,1,0,1,0,61.463129,0,1,0,1,0,0.2943008879,0.110362833,76.26071757,22.77766247
2026-04-08,MZQ,14130,0.0049,0.03327919621,3.590202042,5.659278584,3.102099097,0.0114964496,8.632623496,1,0,1,0,1,0,1,0,1,0,1,0,1,0,1,0,1,0,1,0,1,0,1,0,1,0,1,0,1,0,1,0,1,0,1,0,1,0,1,0,1,0,0.02904366214,0.0108913733,7.525938953,2.247858435
2026-04-09,TPC,2465110,22.7650,6.228110252,580.776559,985.4137152,554.0685222,3.06127453,1790.106672,1,0,1,0,1,0,1,0,1,0,232.746837,0,1,0,1,0,1,0,1,0,1,0,1,0,1,0,1,0,1,0,1,0,1,0,1,0,1,0,1,0,1,0,5.383620726,1.583417861,1267.473217,388.7818654
2026-04-09,NTPC,4041120,48.3874,10.20990581,952.0823688,1615.414758,908.2991778,5.018428277,2934.569197,1,0,1,0,1,0,582.054703,1,1,0,1,0,1,0,1,0,1,0,1,0,1,0,1,0,1,0,1,0,1,0,1,0,1,0,1,0,1,0,1,0,1,0,8.825511798,2.595738764,2077.802356,637.3403912
2026-04-09,KLC,361050,3.0772,0.9121942657,85.06288832,144.3276859,81.15112102,0.448366673,262.1862773,1,0,1,0,1,0,1,0,1,0,1,0,1,0,1,0,1,0,1,0,1,0,1,0,1,0,1,0,86.325849,3,1,0,1,0,1,0,1,0,1,0,1,0,0.7885069077,0.2319137964,185.6392635,56.94256747
2026-04-09,TYC,2332150,36.8322,5.892186281,549.4513641,932.2637107,524.1838717,2.896159359,1693.554152,1,0,1,0,1,0,1,0,1,0,1,0,1,0,1,0,1,0,1,0,1,0,1,0,1,0,1,0,1,0,1,0,1,0,1,0,1,0,370.154658,1,1,0,5.093245768,1.498013461,1199.109842,367.8122385
2026-04-09,HCC,457320,6.4998,1.155420805,107.7439692,182.8110714,102.7891723,0.5679187007,332.0953561,1,0,1,0,1,0,1,0,1,0,1,0,1,0,1,0,1,0,1,0,1,0,1,0,1,0,1,0,1,0,1,0,123.485965,0,1,0,1,0,1,0,1,0,0.9987535771,0.2937510521,235.1379255,72.12567499
2026-04-09,HSQ,593210,9.6084,1.498747432,139.7594682,237.1323268,133.3323819,0.7366724666,430.7755755,1,0,1,0,1,0,1,0,1,0,1,0,1,0,1,0,1,0,1,0,1,0,1,0,86.05188,0,1,0,1,0,1,0,1,0,1,0,1,0,1,0,1,0,1.295527441,0.3810374827,305.0078037,93.55740326
2026-04-09,ILQ,448110,6.0916,1.132151703,105.5741058,179.1294262,100.7190939,0.5564813456,325.4072641,1,0,1,0,1,0,1,0,1,0,1,0,1,0,1,0,1,0,1,0,1,0,1,0,1,0,114.751024,0,1,0,1,0,1,0,1,0,1,0,1,0,1,0,0.9786396078,0.2878351788,230.4024661,70.67313089
2026-04-09,TCC,2854310,56.4258,7.211425605,672.471549,1140.994204,641.5467559,3.544599026,2072.734837,1,0,706.723044,1,1,0,1,0,1,0,1,0,1,0,1,0,1,0,1,0,1,0,1,0,1,0,1,0,1,0,1,0,1,0,1,0,1,0,1,0,1,0,6.233605184,1.833413289,1467.586224,450.1640763
2026-04-09,MLQ,531090,10.4562,1.341801004,125.1240808,212.3002097,119.3700287,0.6595293072,385.665448,1,0,1,0,1,0,1,0,1,0,1,0,1,0,1,0,134.005302,0,1,0,1,0,1,0,1,0,1,0,1,0,1,0,1,0,1,0,1,0,1,0,1,0,1.159861885,0.3411358485,273.0678756,83.76022201
2026-04-09,CHQ,1224190,10.7074,3.09292092,288.4174969,489.3629964,275.1541084,1.520249266,888.9788637,1,0,1,0,1,0,1,0,309.58817,0,1,0,1,0,1,0,1,0,1,0,1,0,1,0,1,0,1,0,1,0,1,0,1,0,1,0,1,0,1,0,1,0,2.673541812,0.7863358271,629.4356184,193.0716567
2026-04-09,NTQ,473460,2.8260,1.196198579,111.5465312,189.2629447,106.4168668,0.5879620135,343.8158561,1,0,1,0,1,0,1,0,1,0,1,0,1,0,1,0,1,0,78.62553,0,1,0,1,0,1,0,1,0,1,0,1,0,1,0,1,0,1,0,1,0,1,0,1.034002162,0.3041182829,243.4365482,74.67117572
2026-04-09,YLQ,654120,3.2028,1.65263679,154.1097812,261.4807532,147.0227705,0.8123129986,475.0070286,1,0,1,0,1,0,1,0,1,0,1,0,1,0,1,0,1,0,1,0,142.567112,0,1,0,1,0,1,0,1,0,1,0,1,0,1,0,1,0,1,0,1,0,1.428550446,0.4201618958,336.3255922,103.1637508
2026-04-09,TNC,1857211,33.2840,4.692251002,437.5563825,742.4095442,417.4345786,2.306360662,1348.66428,1,0,1,0,604.589103,0,1,0,1,0,1,0,1,0,1,0,1,0,1,0,1,0,1,0,1,0,1,0,1,0,1,0,1,0,1,0,1,0,1,0,1,0,4.056013578,1.19294517,954.9128438,292.9078041
2026-04-09,KSC,2735462,45.6556,6.911155658,644.4711221,1093.485391,614.8339781,3.397008713,1986.43013,787.739452,0,1,0,1,0,1,0,1,0,1,0,1,0,1,0,1,0,1,0,1,0,1,0,1,0,1,0,1,0,1,0,1,0,1,0,1,0,1,0,1,0,5.974049806,1.757073472,1406.478746,431.4201066
2026-04-09,CYC,261900,3.7052,0.6616913951,61.70328335,104.6930368,58.86574877,0.3252381433,190.1858081,1,0,1,0,1,0,1,0,1,0,1,0,162.487212,0,1,0,1,0,1,0,1,0,1,0,1,0,1,0,1,0,1,0,1,0,1,0,1,0,1,0,1,0,0.5719705279,0.1682266259,134.6598065,41.3052442
2026-04-09,CYQ,481230,3.6110,1.215829515,113.3771327,192.3689581,108.1632848,0.5976111177,349.4582529,1,0,1,0,1,0,1,0,1,0,1,0,1,0,165.375565,0,1,0,1,0,1,0,1,0,1,0,1,0,1,0,1,0,1,0,1,0,1,0,1,0,1,0,1.050971276,0.3091091988,247.43161,75.89661195
2026-04-09,PTQ,791244,7.4418,1.999081123,186.4160089,316.295293,177.8433391,0.9825991962,574.5833507,1,0,1,0,1,0,1,0,1,0,1,0,1,0,1,0,1,0,1,0,1,0,82.687565,1,1,0,1,0,1,0,1,0,1,0,1,0,1,0,1,0,1,0,1.728019276,0.5082409636,406.82995,124.7900979
2026-04-09,HLQ,315240,2.2294,0.7964551179,74.27011471,126.0153987,70.85467218,0.3914779393,228.9200998,1,0,1,0,1,0,1,0,1,0,1,0,1,0,1,0,1,0,1,0,1,0,1,0,1,0,1,0,1,0,1,0,1,0,32.444268,0,1,0,1,0,1,0,0.6884612036,0.2024885893,162.0853661,49.71769829
2026-04-09,TTQ,210140,0.8164,0.5309195485,49.50869783,84.00227094,47.23195283,0.2609604561,152.5988763,1,0,1,0,1,0,1,0,1,0,1,0,1,0,1,0,1,0,1,0,1,0,1,0,1,0,1,0,1,0,96.722365,0,1,0,1,0,1,0,1,0,1,0,0.4589304572,0.1349795462,108.0466274,33.14197792
2026-04-09,PHQ,107450,0.1570,0.2714728538,25.31507368,42.95252695,24.15091526,0.1334358095,78.0277399,1,0,1,0,1,0,1,0,1,0,1,0,1,0,1,0,1,0,1,0,1,0,1,0,1,0,1,0,1,0,1,0,1,0,1,0,1,0,1,0,37.561683,0,0.2346629753,0.06901852214,55.24702636,16.9463478
2026-04-09,KMQ,143180,0.1795,0.3617448413,33.73301302,57.23539142,32.18174078,0.1778067864,103.9740512,1,0,1,0,1,0,1,0,1,0,1,0,1,0,1,0,1,0,1,0,1,0,1,0,1,0,1,0,1,0,1,0,1,0,1,0,31.427733,0,1,0,1,0,0.3126946934,0.09196902746,73.61814085,22.58146188
2026-04-09,MZQ,14130,0.0059,0.03569950138,3.329008758,5.64838721,3.175918405,0.01754721254,10.2608838,1,0,1,0,1,0,1,0,1,0,1,0,1,0,1,0,1,0,1,0,1,0,1,0,1,0,1,0,1,0,1,0,1,0,1,0,1,0,1,0,1,0,0.03085889103,0.00907614442,7.26515107,2.228495993
2026-04-10,TPC,2465110,19.0675,6.861477396,769.5326354,972.007444,539.5654702,1.583417861,1798.551567,1,0,1,0,1,0,1,0,1,0,236.5237,1,1,0,1,0,1,0,1,0,1,0,1,0,1,0,1,0,1,0,1,0,1,0,1,0,1,0,1,0,1,0,4.116886438,2.850152149,1326.693045,409.4718587
2026-04-10,NTPC,4041120,40.5283,11.24820131,1261.515195,1593.437503,884.5239413,2.595738764,2948.413138,1,0,1,0,1,0,467.198606,0,1,0,1,0,1,0,1,0,1,0,1,0,1,0,1,0,1,0,1,0,1,0,1,0,1,0,1,0,1,0,1,0,1,0,6.748920787,4.672329775,2174.882986,671.2580444
2026-04-10,KLC,361050,2.5774,1.004959784,112.7088682,142.3641491,79.02694525,0.2319137964,263.4231508,1,0,1,0,1,0,1,0,1,0,1,0,1,0,1,0,1,0,1,0,1,0,1,0,1,0,1,0,87.676135,0,1,0,1,0,1,0,1,0,1,0,1,0,0.6029758706,0.4174448335,194.3128395,59.97290774
2026-04-10,TYC,2332150,30.8499,6.491391666,728.0265528,919.5805301,510.4630671,1.498013461,1701.543557,1,0,1,0,1,0,1,0,1,0,1,0,1,0,1,0,1,0,1,0,1,0,1,0,1,0,1,0,1,0,1,0,1,0,1,0,1,0,369.008228,0,1,0,3.894834999,2.69642423,1255.135545,387.3862811
2026-04-10,HCC,457320,5.4441,1.272921226,142.7614446,180.3239792,100.0986085,0.2937510521,333.6620284,1,0,1,0,1,0,1,0,1,0,1,0,1,0,1,0,1,0,1,0,1,0,1,0,1,0,1,0,1,0,1,0,65.330654,0,1,0,1,0,1,0,1,0,0.7637527354,0.5287518938,246.1242148,75.96402207
2026-04-10,HSQ,593210,8.0478,1.651162425,185.1821844,233.9062094,129.8423326,0.3810374827,432.8077754,1,0,1,0,1,0,1,0,1,0,1,0,1,0,1,0,1,0,1,0,1,0,1,0,84.027342,0,1,0,1,0,1,0,1,0,1,0,1,0,1,0,1,0,0.9906974551,0.6858674689,319.2586055,98.53629304
2026-04-10,ILQ,448110,5.1022,1.247285775,139.8863618,176.6924217,98.08271551,0.2878351788,326.942385,1,0,1,0,1,0,1,0,1,0,1,0,1,0,1,0,1,0,1,0,1,0,1,0,1,0,96.662067,0,1,0,1,0,1,0,1,0,1,0,1,0,1,0,0.7483714648,0.5181033218,241.1675018,74.43417723
2026-04-10,TCC,2854310,47.2611,7.94479092,891.0290804,1125.471305,624.7539125,1.833413289,2082.513042,1,0,581.841506,3,1,0,1,0,1,0,1,0,1,0,1,0,1,0,1,0,1,0,1,0,1,0,1,0,1,0,1,0,1,0,1,0,1,0,1,0,1,0,4.766874552,3.300143921,1536.155881,474.1206766
2026-04-10,MLQ,531090,8.7579,1.478255344,165.790203,209.4119262,116.2454517,0.3411358485,387.4848392,1,0,1,0,1,0,1,0,1,0,1,0,1,0,1,0,110.687193,1,1,0,1,0,1,0,1,0,1,0,1,0,1,0,1,0,1,0,1,0,1,0,1,0,0.8869532062,0.6140445274,285.8263563,88.21773043
2026-04-10,CHQ,1224190,8.9683,3.407455251,382.1550182,482.7053531,267.9517964,0.7863358271,893.1726548,1,0,1,0,1,0,1,0,242.156927,0,1,0,1,0,1,0,1,0,1,0,1,0,1,0,1,0,1,0,1,0,1,0,1,0,1,0,1,0,1,0,1,0,2.04447315,1.415404489,658.8445783,203.3464449
2026-04-10,NTQ,473460,2.3670,1.317845892,147.7998635,186.6880766,103.6313461,0.3041182829,345.4378202,1,0,1,0,1,0,1,0,1,0,1,0,1,0,1,0,1,0,83.506199,0,1,0,1,0,1,0,1,0,1,0,1,0,1,0,1,0,1,0,1,0,1,0,0.7907075355,0.5474129092,254.8105719,78.64498795
2026-04-10,YLQ,654120,2.6826,1.820701548,204.1964405,257.9233824,143.1743676,0.4201618958,477.247892,1,0,1,0,1,0,1,0,1,0,1,0,1,0,1,0,1,0,1,0,86.845666,0,1,0,1,0,1,0,1,0,1,0,1,0,1,0,1,0,1,0,1,0,1.092420929,0.7562914125,352.0396471,108.6538663
2026-04-10,TNC,1857211,27.8780,5.16942907,579.7649903,732.3092751,406.5079962,1.19294517,1355.026654,1,0,1,0,670.137695,0,1,0,1,0,1,0,1,0,1,0,1,0,1,0,1,0,1,0,1,0,1,0,1,0,1,0,1,0,1,0,1,0,1,0,1,0,3.101657442,2.147301306,999.5289932,308.495621
2026-04-10,KSC,2735462,38.2402,7.613985047,853.9283366,1078.608836,598.7403565,1.757073472,1995.801188,701.50524,0,1,0,1,0,1,0,1,0,1,0,1,0,1,0,1,0,1,0,1,0,1,0,1,0,1,0,1,0,1,0,1,0,1,0,1,0,1,0,1,0,4.568391028,3.16273225,1472.193293,454.3792
2026-04-10,CYC,261900,3.1034,0.7289820454,81.75724296,103.2687181,57.32490503,0.1682266259,191.0830168,1,0,1,0,1,0,1,0,1,0,1,0,133.65401,0,1,0,1,0,1,0,1,0,1,0,1,0,1,0,1,0,1,0,1,0,1,0,1,0,1,0,1,0,0.4373892273,0.3028079266,140.9514823,43.50340545
2026-04-10,CYQ,481230,3.0245,1.339473195,150.225422,189.7518335,105.3320506,0.3091091988,351.1068353,1,0,1,0,1,0,1,0,1,0,1,0,1,0,151.004862,0,1,0,1,0,1,0,1,0,1,0,1,0,1,0,1,0,1,0,1,0,1,0,1,0,1,0,0.8036839169,0.5563965578,258.992294,79.93563881
2026-04-10,PTQ,791244,6.2331,2.202377509,247.0023977,311.9921862,173.1881907,0.5082409636,577.2939691,1,0,1,0,1,0,1,0,1,0,1,0,1,0,1,0,1,0,1,0,1,0,108.030816,1,1,0,1,0,1,0,1,0,1,0,1,0,1,0,1,0,1,0,1.321426505,0.9148337344,425.838162,131.4311132
2026-04-10,HLQ,315240,1.8673,0.8774505536,98.40837446,124.3009954,69.00001169,0.2024885893,230.000039,1,0,1,0,1,0,1,0,1,0,1,0,1,0,1,0,1,0,1,0,1,0,1,0,1,0,1,0,1,0,1,0,1,0,43.041377,0,1,0,1,0,1,0,0.5264703322,0.3644794607,169.6584394,52.36354919
2026-04-10,TTQ,210140,0.6838,0.584911367,65.59933958,82.85944412,45.99563018,0.1349795462,153.3187673,1,0,1,0,1,0,1,0,1,0,1,0,1,0,1,0,1,0,1,0,1,0,1,0,1,0,1,0,1,0,65.961787,1,1,0,1,0,1,0,1,0,1,0,0.3509468202,0.2429631832,113.0948625,34.90571066
2026-04-10,PHQ,107450,0.1315,0.2990802626,33.54263366,42.36817013,23.51875161,0.06901852214,78.39583869,1,0,1,0,1,0,1,0,1,0,1,0,1,0,1,0,1,0,1,0,1,0,1,0,1,0,1,0,1,0,1,0,1,0,1,0,1,0,1,0,38.654886,1,0.1794481576,0.1242333399,57.82831909,17.84818983
2026-04-10,KMQ,143180,0.1504,0.3985324523,44.69645684,56.45672032,31.3393658,0.09196902746,104.4645527,1,0,1,0,1,0,1,0,1,0,1,0,1,0,1,0,1,0,1,0,1,0,1,0,1,0,1,0,1,0,1,0,1,0,1,0,29.825018,0,1,0,1,0,0.2391194714,0.1655442494,77.05778247,23.7831905
2026-04-10,MZQ,14130,0.0049,0.03932995915,4.410957782,5.571542521,3.092786972,0.00907614442,10.30928991,1,0,1,0,1,0,1,0,1,0,1,0,1,0,1,0,1,0,1,0,1,0,1,0,1,0,1,0,1,0,1,0,1,0,1,0,1,0,1,0,1,0,0.02359797549,0.01633705996,7.604598871,2.347090947
2026-04-11,TPC,2465110,23.9975,6.650355014,258.7230891,970.5295874,542.2889489,1.794540242,1807.62983,1,0,1,0,1,0,1,0,1,0,247.834315,1,1,0,1,0,1,0,1,0,1,0,1,0,1,0,1,0,1,0,1,0,1,0,1,0,1,0,1,0,1,0,5.383620726,2.322346196,1460.966879,470.5917882
2026-04-11,NTPC,4041120,51.0071,10.90210281,424.1316006,1591.014813,888.9886119,2.941837266,2963.295373,1,0,1,0,1,0,505.057302,3,1,0,1,0,1,0,1,0,1,0,1,0,1,0,1,0,1,0,1,0,1,0,1,0,1,0,1,0,1,0,1,0,1,0,8.825511798,3.807083521,2395.001633,771.4535607
2026-04-11,KLC,361050,3.2438,0.9740379447,37.89363206,142.1476963,79.42583698,0.2628356359,264.7527899,1,0,1,0,1,0,1,0,1,0,1,0,1,0,1,0,1,0,1,0,1,0,1,0,1,0,1,0,84.23944,0,1,0,1,0,1,0,1,0,1,0,1,0,0.7885069077,0.3401402347,213.9791294,68.92478028
2026-04-11,TYC,2332150,38.8263,6.291656537,244.7684088,918.1823842,513.0396502,1.697748589,1710.132167,1,0,1,0,1,0,1,0,1,0,1,0,1,0,1,0,1,0,1,0,1,0,1,0,1,0,1,0,1,0,1,0,1,0,1,0,1,0,351.71906,2,1,0,5.093245768,2.19708641,1382.167087,445.2096007
2026-04-11,HCC,457320,6.8517,1.233754419,47.99755107,180.0498115,100.6038603,0.332917859,335.3462011,1,0,1,0,1,0,1,0,1,0,1,0,1,0,1,0,1,0,1,0,1,0,1,0,1,0,1,0,1,0,1,0,134.588617,0,1,0,1,0,1,0,1,0,0.9987535771,0.4308348764,271.0343041,87.30281268
2026-04-11,HSQ,593210,10.1286,1.600357428,62.25974651,233.5505744,130.4977171,0.4318424804,434.9923903,1,0,1,0,1,0,1,0,1,0,1,0,1,0,1,0,1,0,1,0,1,0,1,0,98.357971,1,1,0,1,0,1,0,1,0,1,0,1,0,1,0,1,0,1.295527441,0.5588549747,351.5705841,113.2443399
2026-04-11,ILQ,448110,6.4214,1.208907751,47.03092498,176.4237756,98.57779202,0.3262132026,328.5926401,1,0,1,0,1,0,1,0,1,0,1,0,1,0,1,0,1,0,1,0,1,0,1,0,1,0,99.113529,1,1,0,1,0,1,0,1,0,1,0,1,0,1,0,0.9786396078,0.4221582622,265.5759249,85.54461513
2026-04-11,TCC,2854310,59.4807,7.700335815,299.5711755,1123.760119,627.9073833,2.077868395,2093.024611,1,0,815.499464,2,1,0,1,0,1,0,1,0,1,0,1,0,1,0,1,0,1,0,1,0,1,0,1,0,1,0,1,0,1,0,1,0,1,0,1,0,1,0,6.233605184,2.689006158,1691.629328,544.8904296
2026-04-11,MLQ,531090,11.0223,1.432770564,55.74000568,209.0935328,116.8322054,0.3866206283,389.4406847,1,0,1,0,1,0,1,0,1,0,1,0,1,0,1,0,145.807748,2,1,0,1,0,1,0,1,0,1,0,1,0,1,0,1,0,1,0,1,0,1,0,1,0,1.159861885,0.5003325779,314.7546762,101.3855742
2026-04-11,CHQ,1224190,11.2871,3.302610474,128.4836046,481.9714396,269.3042941,0.8911806041,897.6809802,1,0,1,0,1,0,1,0,259.31526,0,1,0,1,0,1,0,1,0,1,0,1,0,1,0,1,0,1,0,1,0,1,0,1,0,1,0,1,0,1,0,1,0,2.673541812,1.153292546,725.5258565,233.6990078
2026-04-11,NTQ,473460,2.9790,1.277296788,49.6915082,186.4042328,104.1544295,0.3446673872,347.1814317,1,0,1,0,1,0,1,0,1,0,1,0,1,0,1,0,1,0,142.242279,0,1,0,1,0,1,0,1,0,1,0,1,0,1,0,1,0,1,0,1,0,1,0,1.034002162,0.4460401482,280.5998023,90.38395367
2026-04-11,YLQ,654120,3.3762,1.764679962,68.65249302,257.5312313,143.8970461,0.4761834819,479.6568203,1,0,1,0,1,0,1,0,1,0,1,0,1,0,1,0,1,0,1,0,162.115036,0,1,0,1,0,1,0,1,0,1,0,1,0,1,0,1,0,1,0,1,0,1.428550446,0.6162374472,387.6693759,124.8721154
2026-04-11,TNC,1857211,35.0860,5.010369714,194.9216737,731.1958596,408.5598619,1.352004526,1361.866206,1,0,1,0,597.544422,0,1,0,1,0,1,0,1,0,1,0,1,0,1,0,1,0,1,0,1,0,1,0,1,0,1,0,1,0,1,0,1,0,1,0,1,0,4.056013578,1.749652916,1100.690744,354.5433046
2026-04-11,KSC,2735462,48.1274,7.379708584,287.0976057,1076.9689,601.7625229,1.991349935,2005.875076,800.986217,2,1,0,1,0,1,0,1,0,1,0,1,0,1,0,1,0,1,0,1,0,1,0,1,0,1,0,1,0,1,0,1,0,1,0,1,0,1,0,1,0,5.974049806,2.577041093,1621.193124,522.202236
2026-04-11,CYC,261900,3.9058,0.7065518286,27.48744561,103.1117065,57.61425483,0.1906568426,192.0475161,1,0,1,0,1,0,1,0,1,0,1,0,204.778522,0,1,0,1,0,1,0,1,0,1,0,1,0,1,0,1,0,1,0,1,0,1,0,1,0,1,0,1,0,0.5719705279,0.2467323846,155.2171001,49.99695321
2026-04-11,CYQ,481230,3.8065,1.298258635,50.50700057,189.4633316,105.8637184,0.3503237586,352.8790613,1,0,1,0,1,0,1,0,1,0,1,0,1,0,165.212934,1,1,0,1,0,1,0,1,0,1,0,1,0,1,0,1,0,1,0,1,0,1,0,1,0,1,0,1.050971276,0.4533601582,285.2047541,91.86725388
2026-04-11,PTQ,791244,7.8447,2.134612047,83.04420165,311.5178279,174.0623652,0.5760064254,580.207884,1,0,1,0,1,0,1,0,1,0,1,0,1,0,1,0,1,0,1,0,1,0,141.242831,0,1,0,1,0,1,0,1,0,1,0,1,0,1,0,1,0,1,0,1.728019276,0.7454200799,468.9369957,151.0492144
2026-04-11,HLQ,315240,2.3501,0.8504520751,33.08569055,124.112006,69.34829206,0.2294870679,231.1609735,1,0,1,0,1,0,1,0,1,0,1,0,1,0,1,0,1,0,1,0,1,0,1,0,1,0,1,0,1,0,1,0,1,0,83.757986,0,1,0,1,0,1,0,0.6884612036,0.2969832643,186.8294717,60.17960874
2026-04-11,TTQ,210140,0.8606,0.5669140942,22.05502795,82.73346321,46.227795,0.1529768191,154.09265,1,0,1,0,1,0,1,0,1,0,1,0,1,0,1,0,1,0,1,0,1,0,1,0,1,0,1,0,1,0,93.623791,0,1,0,1,0,1,0,1,0,1,0,0.4589304572,0.1979700011,124.541128,40.11592114
2026-04-11,PHQ,107450,0.1655,0.289877793,11.27730443,42.30375284,23.63746346,0.07822099176,78.79154488,1,0,1,0,1,0,1,0,1,0,1,0,1,0,1,0,1,0,1,0,1,0,1,0,1,0,1,0,1,0,1,0,1,0,1,0,1,0,1,0,55.909581,0,0.2346629753,0.1012271658,63.68108976,20.51230478
2026-04-11,KMQ,143180,0.1892,0.3862699153,15.0273099,56.37088256,31.49755252,0.1042315645,104.9918417,1,0,1,0,1,0,1,0,1,0,1,0,1,0,1,0,1,0,1,0,1,0,1,0,1,0,1,0,1,0,1,0,1,0,1,0,52.23037,0,1,0,1,0,0.3126946934,0.1348879069,84.856756,27.33319496
2026-04-11,MZQ,14130,0.0062,0.03811980656,1.482999643,5.563071453,3.108397941,0.01028629701,10.36132647,1,0,1,0,1,0,1,0,1,0,1,0,1,0,1,0,1,0,1,0,1,0,1,0,1,0,1,0,1,0,1,0,1,0,1,0,1,0,1,0,1,0,0.03085889103,0.01331167848,8.374255918,2.697430122
2026-04-12,TPC,2465110,23.4900,5.383620726,289.2957212,957.7566833,516.3251184,1.900101433,1673.461556,1,0,1,0,1,0,1,0,1,0,297.842337,1,1,0,1,0,1,0,1,0,1,0,1,0,1,0,1,0,1,0,1,0,1,0,1,0,1,0,1,0,1,0,5.700304298,2.111223814,1518.919973,429.8451686
2026-04-12,NTPC,4041120,49.9284,8.825511798,474.2501247,1570.075854,846.4254182,3.114886517,2743.349775,1,0,1,0,1,0,607.106845,0,1,0,1,0,1,0,1,0,1,0,1,0,1,0,1,0,1,0,1,0,1,0,1,0,1,0,1,0,1,0,1,0,1,0,9.344659551,3.460985019,2490.005672,704.6565498
2026-04-12,KLC,361050,3.1752,0.7885069077,42.37142364,140.276925,75.62306916,0.2782965556,245.1019609,1,0,1,0,1,0,1,0,1,0,1,0,1,0,1,0,1,0,1,0,1,0,1,0,1,0,1,0,87.450739,1,1,0,1,0,1,0,1,0,1,0,1,0,0.8348896669,0.3092183952,222.4671744,62.95686525
2026-04-12,TYC,2332150,38.0052,5.093245768,273.6920528,906.098409,488.4762242,1.797616154,1583.200493,1,0,1,0,1,0,1,0,1,0,1,0,1,0,1,0,1,0,1,0,1,0,1,0,1,0,1,0,1,0,1,0,1,0,1,0,1,0,340.993663,3,1,0,5.392848461,1.997351282,1436.99438,406.660721
2026-04-12,HCC,457320,6.7068,0.9987535771,53.66929639,177.6802197,95.7871264,0.3525012625,310.4556952,1,0,1,0,1,0,1,0,1,0,1,0,1,0,1,0,1,0,1,0,1,0,1,0,1,0,1,0,1,0,1,0,81.265862,0,1,0,1,0,1,0,1,0,1.057503788,0.3916680694,281.7855926,79.74361894
2026-04-12,HSQ,593210,9.9144,1.295527441,69.61681822,230.4768721,124.2497185,0.4572449793,402.7058143,1,0,1,0,1,0,1,0,1,0,1,0,1,0,1,0,1,0,1,0,1,0,1,0,96.006098,0,1,0,1,0,1,0,1,0,1,0,1,0,1,0,1,0,1.371734938,0.508049977,365.5165559,103.4389753
2026-04-12,ILQ,448110,6.2856,0.9786396078,52.58844661,174.1019051,93.85806265,0.3454022145,304.2034059,1,0,1,0,1,0,1,0,1,0,1,0,1,0,1,0,1,0,1,0,1,0,1,0,1,0,91.310732,0,1,0,1,0,1,0,1,0,1,0,1,0,1,0,1.036206644,0.3837802383,276.1106925,78.13765653
2026-04-12,TCC,2854310,58.2228,6.233605184,334.9707193,1108.970585,597.8442945,2.200095947,1937.673392,1,0,718.521523,3,1,0,1,0,1,0,1,0,1,0,1,0,1,0,1,0,1,0,1,0,1,0,1,0,1,0,1,0,1,0,1,0,1,0,1,0,1,0,6.600287842,2.444551052,1758.732255,497.7105943
2026-04-12,MLQ,531090,10.7892,1.159861885,62.32665665,206.3417036,111.2384872,0.4093630182,360.5351071,1,0,1,0,1,0,1,0,1,0,1,0,1,0,1,0,155.614995,0,1,0,1,0,1,0,1,0,1,0,1,0,1,0,1,0,1,0,1,0,1,0,1,0,1.228089055,0.454847798,327.2402483,92.60701168
2026-04-12,CHQ,1224190,11.0484,2.673541812,143.6661767,475.6283306,256.4104834,0.9436029925,831.0521245,1,0,1,0,1,0,1,0,376.113252,3,1,0,1,0,1,0,1,0,1,0,1,0,1,0,1,0,1,0,1,0,1,0,1,0,1,0,1,0,1,0,1,0,2.830808978,1.048447769,754.3057477,213.4639659
2026-04-12,NTQ,473460,2.9160,1.034002162,55.56342401,183.951012,99.16770066,0.3649419394,321.4124759,1,0,1,0,1,0,1,0,1,0,1,0,1,0,1,0,1,0,90.193409,0,1,0,1,0,1,0,1,0,1,0,1,0,1,0,1,0,1,0,1,0,1,0,1.094825818,0.4054910438,291.7305315,82.55797652
2026-04-12,YLQ,654120,3.3048,1.428550446,76.7649789,254.1419254,137.0075114,0.504194275,444.0551023,1,0,1,0,1,0,1,0,1,0,1,0,1,0,1,0,1,0,1,0,98.763625,2,1,0,1,0,1,0,1,0,1,0,1,0,1,0,1,0,1,0,1,0,1.512582825,0.5602158611,403.0473013,114.0599493
2026-04-12,TNC,1857211,34.3440,4.056013578,217.9550591,721.5727686,388.9987423,1.431534204,1260.783985,1,0,1,0,724.825517,6,1,0,1,0,1,0,1,0,1,0,1,0,1,0,1,0,1,0,1,0,1,0,1,0,1,0,1,0,1,0,1,0,1,0,1,0,4.294602612,1.59059356,1144.352537,323.8448488
2026-04-12,KSC,2735462,47.1096,5.974049806,321.0231803,1062.795174,572.9512034,2.108488167,1856.992384,821.132255,1,1,0,1,0,1,0,1,0,1,0,1,0,1,0,1,0,1,0,1,0,1,0,1,0,1,0,1,0,1,0,1,0,1,0,1,0,1,0,1,0,6.325464501,2.34276463,1685.502013,476.9868787
2026-04-12,CYC,261900,3.8232,0.5719705279,30.7355653,101.7546784,54.85578677,0.201871951,177.7931133,1,0,1,0,1,0,1,0,1,0,1,0,180.32101,0,1,0,1,0,1,0,1,0,1,0,1,0,1,0,1,0,1,0,1,0,1,0,1,0,1,0,1,0,0.6056158531,0.2243021678,161.3741946,45.66792137
2026-04-12,CYQ,481230,3.7260,1.050971276,56.47528098,186.9698507,100.7951518,0.3709310386,326.6872086,1,0,1,0,1,0,1,0,1,0,1,0,1,0,189.217519,0,1,0,1,0,1,0,1,0,1,0,1,0,1,0,1,0,1,0,1,0,1,0,1,0,1,0,1.112793116,0.4121455984,296.5181508,83.91284383
2026-04-12,PTQ,791244,7.6788,1.728019276,92.85731818,307.4180175,165.7285687,0.6098891563,537.142933,1,0,1,0,1,0,1,0,1,0,1,0,1,0,1,0,1,0,1,0,1,0,160.803198,0,1,0,1,0,1,0,1,0,1,0,1,0,1,0,1,0,1,0,1.829667469,0.6776546181,487.538615,137.9704802
2026-04-12,HLQ,315240,2.3004,0.6884612036,36.99534023,122.478598,66.02801917,0.2429863072,214.0034404,1,0,1,0,1,0,1,0,1,0,1,0,1,0,1,0,1,0,1,0,1,0,1,0,1,0,1,0,1,0,1,0,1,0,52.168502,0,1,0,1,0,1,0,0.7289589215,0.2699847857,194.2405541,54.96890238
2026-04-12,TTQ,210140,0.8424,0.4589304572,24.66121303,81.6446282,44.01449038,0.1619754555,142.6553831,1,0,1,0,1,0,1,0,1,0,1,0,1,0,1,0,1,0,1,0,1,0,1,0,1,0,1,0,1,0,88.02515,0,1,0,1,0,1,0,1,0,1,0,0.4859263665,0.1799727283,129.4813794,36.64244749
2026-04-12,PHQ,107450,0.1620,0.2346629753,12.60991406,41.74700343,22.50574375,0.08282222657,72.94337544,1,0,1,0,1,0,1,0,1,0,1,0,1,0,1,0,1,0,1,0,1,0,1,0,1,0,1,0,1,0,1,0,1,0,1,0,1,0,1,0,65.980078,0,0.2484666797,0.09202469619,66.20716767,18.73622814
2026-04-12,KMQ,143180,0.1852,0.3126946934,16.80304788,55.62899908,29.98950572,0.110362833,97.19899949,1,0,1,0,1,0,1,0,1,0,1,0,1,0,1,0,1,0,1,0,1,0,1,0,1,0,1,0,1,0,1,0,1,0,1,0,42.841103,0,1,0,1,0,0.3310884989,0.1226253699,88.22282241,24.96652532
2026-04-12,MZQ,14130,0.0061,0.03085889103,1.658241839,5.489857221,2.959573375,0.0108913733,9.592274499,1,0,1,0,1,0,1,0,1,0,1,0,1,0,1,0,1,0,1,0,1,0,1,0,1,0,1,0,1,0,1,0,1,0,1,0,1,0,1,0,1,0,0.03267411991,0.01210152589,8.706442804,2.463870672
2026-04-13,TPC,2465110,21.8950,5.066937154,535.2290165,957.3344385,545.6732407,3.377958103,1678.21181,1,0,1,0,1,0,1,0,1,0,272.71229,1,1,0,1,0,1,0,1,0,1,0,1,0,1,0,1,0,1,0,1,0,1,0,1,0,1,0,1,0,1,0,6.01698787,2.111223814,1400.480317,473.1252567
2026-04-13,NTPC,4041120,46.5382,8.306364045,877.415078,1569.383657,894.5365709,5.53757603,2751.136991,1,0,1,0,1,0,497.56844,1,1,0,1,0,1,0,1,0,1,0,1,0,1,0,1,0,1,0,1,0,1,0,1,0,1,0,1,0,1,0,1,0,1,0,9.863807304,3.460985019,2295.844412,775.6067427
2026-04-13,KLC,361050,2.9596,0.7421241484,78.39181067,140.2150813,79.92151407,0.4947494323,245.7977023,1,0,1,0,1,0,1,0,1,0,1,0,1,0,1,0,1,0,1,0,1,0,1,0,1,0,1,0,85.502541,0,1,0,1,0,1,0,1,0,1,0,1,0,0.8812724262,0.3092183952,205.1200224,69.29584236
2026-04-13,TYC,2332150,35.4246,4.793643076,506.3605075,905.6989387,516.2414043,3.195762051,1587.694534,1,0,1,0,1,0,1,0,1,0,1,0,1,0,1,0,1,0,1,0,1,0,1,0,1,0,1,0,1,0,1,0,1,0,1,0,1,0,348.032233,0,1,0,5.692451153,1.997351282,1324.942973,447.6064222
2026-04-13,HCC,457320,6.2514,0.9400033667,99.29412229,177.6018861,101.2317042,0.6266689111,311.3369484,1,0,1,0,1,0,1,0,1,0,1,0,1,0,1,0,1,0,1,0,1,0,1,0,1,0,1,0,1,0,1,0,101.670069,0,1,0,1,0,1,0,1,0,1.116253998,0.3916680694,259.8130139,87.77281436
2026-04-13,HSQ,593210,9.2412,1.219319945,128.798798,230.3752621,131.3121212,0.8128799632,403.8489267,1,0,1,0,1,0,1,0,1,0,1,0,1,0,1,0,1,0,1,0,1,0,1,0,101.299569,0,1,0,1,0,1,0,1,0,1,0,1,0,1,0,1,0,1.447942434,0.508049977,337.0149522,113.8539998
2026-04-13,ILQ,448110,5.8588,0.921072572,97.2944309,174.0251491,99.19299174,0.6140483814,305.0669115,1,0,1,0,1,0,1,0,1,0,1,0,1,0,1,0,1,0,1,0,1,0,1,0,1,0,89.73552,0,1,0,1,0,1,0,1,0,1,0,1,0,1,0,1.093773679,0.3837802383,254.5806211,86.00515141
2026-04-13,TCC,2854310,54.2694,5.866922526,619.7328046,1108.481675,631.8259987,3.911281684,1943.173632,1,0,657.647603,0,1,0,1,0,1,0,1,0,1,0,1,0,1,0,1,0,1,0,1,0,1,0,1,0,1,0,1,0,1,0,1,0,1,0,1,0,1,0,6.966970499,2.444551052,1621.592941,547.8238909
2026-04-13,MLQ,531090,10.0566,1.091634715,115.3111944,206.250734,117.5613264,0.7277564769,361.5585147,1,0,1,0,1,0,1,0,1,0,1,0,1,0,1,0,142.790786,0,1,0,1,0,1,0,1,0,1,0,1,0,1,0,1,0,1,0,1,0,1,0,1,0,1.296316224,0.454847798,301.7232868,101.9313915
2026-04-13,CHQ,1224190,10.2982,2.516274647,265.7982847,475.4186411,270.9849558,1.677516431,833.411132,1,0,1,0,1,0,1,0,304.239769,1,1,0,1,0,1,0,1,0,1,0,1,0,1,0,1,0,1,0,1,0,1,0,1,0,1,0,1,0,1,0,1,0,2.988076143,1.048447769,695.4878279,234.9571451
2026-04-13,NTQ,473460,2.7180,0.9731785052,102.7984675,183.8699138,104.8044317,0.6487856701,322.3248307,1,0,1,0,1,0,1,0,1,0,1,0,1,0,1,0,1,0,181.601833,0,1,0,1,0,1,0,1,0,1,0,1,0,1,0,1,0,1,0,1,0,1,0,1.155649475,0.4054910438,268.9824839,90.87054292
2026-04-13,YLQ,654120,3.0804,1.344518067,142.0236842,254.0298822,144.7950721,0.8963453777,445.315588,1,0,1,0,1,0,1,0,1,0,1,0,1,0,1,0,1,0,1,0,186.370644,2,1,0,1,0,1,0,1,0,1,0,1,0,1,0,1,0,1,0,1,0,1.596615204,0.5602158611,371.6191914,125.5443745
2026-04-13,TNC,1857211,32.0120,3.817424544,403.240917,721.2546498,411.1095833,2.544949696,1264.362821,1,0,1,0,500.335981,3,1,0,1,0,1,0,1,0,1,0,1,0,1,0,1,0,1,0,1,0,1,0,1,0,1,0,1,0,1,0,1,0,1,0,1,0,4.533191646,1.59059356,1055.120238,356.4520168
2026-04-13,KSC,2735462,43.9108,5.622635112,593.9283179,1062.326621,605.5179746,3.748423408,1862.263604,599.166256,5,1,0,1,0,1,0,1,0,1,0,1,0,1,0,1,0,1,0,1,0,1,0,1,0,1,0,1,0,1,0,1,0,1,0,1,0,1,0,1,0,6.676879195,2.34276463,1554.072917,525.0135536
2026-04-13,CYC,261900,3.5636,0.5383252028,56.86418838,101.709818,57.9738112,0.3588834685,178.2977932,1,0,1,0,1,0,1,0,1,0,1,0,136.543011,0,1,0,1,0,1,0,1,0,1,0,1,0,1,0,1,0,1,0,1,0,1,0,1,0,1,0,1,0,0.6392611783,0.2243021678,148.790843,50.26611581
2026-04-13,CYQ,481230,3.4730,0.9891494362,104.4855035,186.8874216,106.5243878,0.6594329574,327.6145362,1,0,1,0,1,0,1,0,1,0,1,0,1,0,136.214383,0,1,0,1,0,1,0,1,0,1,0,1,0,1,0,1,0,1,0,1,0,1,0,1,0,1,0,1.174614955,0.4121455984,273.3967827,92.3618286
2026-04-13,PTQ,791244,7.1574,1.626371083,171.7962882,307.2824866,175.1486456,1.084247389,538.6676559,1,0,1,0,1,0,1,0,1,0,1,0,1,0,1,0,1,0,1,0,1,0,145.621145,0,1,0,1,0,1,0,1,0,1,0,1,0,1,0,1,0,1,0,1.931315662,0.6776546181,449.5221909,151.8623999
2026-04-13,HLQ,315240,2.1442,0.6479634858,68.44546294,122.4246011,69.78107768,0.4319756572,214.6109062,1,0,1,0,1,0,1,0,1,0,1,0,1,0,1,0,1,0,1,0,1,0,1,0,1,0,1,0,1,0,1,0,1,0,53.108553,0,1,0,1,0,1,0,0.7694566393,0.2699847857,179.0944076,60.50359048
2026-04-13,TTQ,210140,0.7852,0.431934548,45.62596619,81.60863366,46.51629128,0.2879563653,143.0603217,1,0,1,0,1,0,1,0,1,0,1,0,1,0,1,0,1,0,1,0,1,0,1,0,1,0,1,0,1,0,80.78,0,1,0,1,0,1,0,1,0,1,0,0.5129222757,0.1799727283,119.3849093,40.33188842
2026-04-13,PHQ,107450,0.1510,0.2208592709,23.32973288,41.72859849,23.78497905,0.1472395139,73.150431,1,0,1,0,1,0,1,0,1,0,1,0,1,0,1,0,1,0,1,0,1,0,1,0,1,0,1,0,1,0,1,0,1,0,1,0,1,0,1,0,53.367284,0,0.2622703841,0.09202469619,61.04458222,20.62273442
2026-04-13,KMQ,143180,0.1727,0.2943008879,31.08749329,55.604474,31.69412099,0.1962005919,97.47490657,1,0,1,0,1,0,1,0,1,0,1,0,1,0,1,0,1,0,1,0,1,0,1,0,1,0,1,0,1,0,1,0,1,0,1,0,47.180139,0,1,0,1,0,0.3494823043,0.1226253699,81.34353915,27.4803454
2026-04-13,MZQ,14130,0.0057,0.02904366214,3.067930438,5.487436916,3.127796687,0.01936244143,9.619502932,1,0,1,0,1,0,1,0,1,0,1,0,1,0,1,0,1,0,1,0,1,0,1,0,1,0,1,0,1,0,1,0,1,0,1,0,1,0,1,0,1,0,0.03448934879,0.01210152589,8.027547201,2.711951953
2026-04-14,TPC,2465110,20.9525,4.855814772,441.281668,956.5955102,593.1536086,2.005662623,1723.497561,1,0,1,0,1,0,1,0,1,0,246.501505,0,1,0,1,0,1,0,1,0,1,0,1,0,1,0,1,0,1,0,1,0,1,0,1,0,1,0,1,0,1,0,4.222447628,2.533468577,1281.09061,559.052066
2026-04-14,NTPC,4041120,44.5349,7.960265543,723.4047057,1568.172312,972.3723935,3.287935768,2825.37512,1,0,1,0,1,0,505.152241,2,1,0,1,0,1,0,1,0,1,0,1,0,1,0,1,0,1,0,1,0,1,0,1,0,1,0,1,0,1,0,1,0,1,0,6.921970038,4.153182023,2100.125709,916.468833
2026-04-14,KLC,361050,2.8322,0.7112023089,64.6319013,140.1068548,86.87568117,0.2937574754,252.4304369,1,0,1,0,1,0,1,0,1,0,1,0,1,0,1,0,1,0,1,0,1,0,1,0,1,0,1,0,92.13028,0,1,0,1,0,1,0,1,0,1,0,1,0,0.6184367903,0.3710620742,187.6337222,81.88103104
2026-04-14,TYC,2332150,33.8997,4.593907948,417.4803729,904.9998658,561.160836,1.897483718,1630.537719,1,0,1,0,1,0,1,0,1,0,1,0,1,0,1,0,1,0,1,0,1,0,1,0,1,0,1,0,1,0,1,0,1,0,1,0,1,0,372.30749,0,1,0,3.994702563,2.396821538,1211.992758,528.8986194
2026-04-14,HCC,457320,5.9823,0.9008365597,81.86528487,177.4648023,110.0401233,0.372084666,319.7382285,1,0,1,0,1,0,1,0,1,0,1,0,1,0,1,0,1,0,1,0,1,0,1,0,1,0,1,0,1,0,1,0,92.987509,1,1,0,1,0,1,0,1,0,0.7833361389,0.4700016833,237.6641845,103.7137048
2026-04-14,HSQ,593210,8.8434,1.168514947,106.191082,230.1974446,142.7379112,0.4826474781,414.7465987,1,0,1,0,1,0,1,0,1,0,1,0,1,0,1,0,1,0,1,0,1,0,1,0,105.946538,0,1,0,1,0,1,0,1,0,1,0,1,0,1,0,1,0,1.016099954,0.6096599724,308.284726,134.5316339
2026-04-14,ILQ,448110,5.6066,0.8826945482,80.21659408,173.890826,107.8240174,0.3645912264,313.2989976,1,0,1,0,1,0,1,0,1,0,1,0,1,0,1,0,1,0,1,0,1,0,1,0,1,0,106.181668,0,1,0,1,0,1,0,1,0,1,0,1,0,1,0,0.7675604767,0.460536286,232.8778486,101.6250071
2026-04-14,TCC,2854310,51.9333,5.622467421,510.9527273,1107.626082,686.8027296,2.3223235,1995.609252,1,0,669.633073,3,1,0,1,0,1,0,1,0,1,0,1,0,1,0,1,0,1,0,1,0,1,0,1,0,1,0,1,0,1,0,1,0,1,0,1,0,1,0,4.889102105,2.933461263,1483.353579,647.3171187
2026-04-14,MLQ,531090,9.6237,1.046149936,95.0709222,206.0915373,127.790626,0.4321054081,371.3149999,1,0,1,0,1,0,1,0,1,0,1,0,1,0,1,0,132.015276,0,1,0,1,0,1,0,1,0,1,0,1,0,1,0,1,0,1,0,1,0,1,0,1,0,0.9096955961,0.5458173577,276.0016439,120.4436969
2026-04-14,CHQ,1224190,9.8549,2.41142987,219.1434074,475.0516843,294.564022,0.996025381,855.9003366,1,0,1,0,1,0,1,0,269.954023,2,1,0,1,0,1,0,1,0,1,0,1,0,1,0,1,0,1,0,1,0,1,0,1,0,1,0,1,0,1,0,1,0,2.096895539,1.258137323,636.1981065,277.6289694
2026-04-14,NTQ,473460,2.6010,0.9326294008,84.75452151,183.727992,113.9237225,0.3852164916,331.0226136,1,0,1,0,1,0,1,0,1,0,1,0,1,0,1,0,1,0,142.031979,0,1,0,1,0,1,0,1,0,1,0,1,0,1,0,1,0,1,0,1,0,1,0,0.8109820876,0.4865892526,246.0519654,107.3740284
2026-04-14,YLQ,654120,2.9478,1.28849648,117.0946386,253.8338067,157.3940467,0.532205068,457.3322182,1,0,1,0,1,0,1,0,1,0,1,0,1,0,1,0,1,0,1,0,151.418388,0,1,0,1,0,1,0,1,0,1,0,1,0,1,0,1,0,1,0,1,0,1.120431722,0.6722590333,339.9389845,148.34516
2026-04-14,TNC,1857211,30.6340,3.658365188,332.4610942,720.6979421,446.8812372,1.511063882,1298.481053,1,0,1,0,538.07489,0,1,0,1,0,1,0,1,0,1,0,1,0,1,0,1,0,1,0,1,0,1,0,1,0,1,0,1,0,1,0,1,0,1,0,1,0,3.18118712,1.908712272,965.1721723,421.1891747
2026-04-14,KSC,2735462,42.0206,5.388358649,489.6776347,1061.506654,658.2055797,2.225626398,1912.515906,636.979215,6,1,0,1,0,1,0,1,0,1,0,1,0,1,0,1,0,1,0,1,0,1,0,1,0,1,0,1,0,1,0,1,0,1,0,1,0,1,0,1,0,4.68552926,2.811317556,1421.589577,620.364074
2026-04-14,CYC,261900,3.4102,0.515894986,46.88296621,101.6313122,63.0182548,0.2130870594,183.1090747,1,0,1,0,1,0,1,0,1,0,1,0,141.66754,3,1,0,1,0,1,0,1,0,1,0,1,0,1,0,1,0,1,0,1,0,1,0,1,0,1,0,1,0,0.4486043356,0.2691626014,136.1065554,59.39521404
2026-04-14,CYQ,481230,3.3235,0.9479348763,86.14543654,186.7431706,115.7933362,0.3915383185,336.4550593,1,0,1,0,1,0,1,0,1,0,1,0,1,0,143.84508,0,1,0,1,0,1,0,1,0,1,0,1,0,1,0,1,0,1,0,1,0,1,0,1,0,1,0,0.8242911968,0.4945747181,250.0899491,109.1361545
2026-04-14,PTQ,791244,6.8493,1.558605622,141.6413353,307.0453075,190.3887591,0.6437718872,553.2033475,1,0,1,0,1,0,1,0,1,0,1,0,1,0,1,0,1,0,1,0,1,0,158.843476,2,1,0,1,0,1,0,1,0,1,0,1,0,1,0,1,0,1,0,1.355309236,0.8131855417,411.2008223,179.4429429
2026-04-14,HLQ,315240,2.0519,0.6209650072,56.43140996,122.3301064,75.85290051,0.2564855464,220.4020798,1,0,1,0,1,0,1,0,1,0,1,0,1,0,1,0,1,0,1,0,1,0,1,0,1,0,1,0,1,0,1,0,1,0,49.017858,0,1,0,1,0,1,0,0.5399695715,0.3239817429,163.826768,71.49197126
2026-04-14,TTQ,210140,0.7514,0.4139372751,37.61735975,81.5456432,50.56378795,0.1709740919,146.9207368,1,0,1,0,1,0,1,0,1,0,1,0,1,0,1,0,1,0,1,0,1,0,1,0,1,0,1,0,1,0,87.557494,0,1,0,1,0,1,0,1,0,1,0,0.3599454566,0.215967274,109.2074515,47.65677846
2026-04-14,PHQ,107450,0.1445,0.2116568012,19.23472592,41.69638984,25.85456846,0.08742346138,75.12436074,1,0,1,0,1,0,1,0,1,0,1,0,1,0,1,0,1,0,1,0,1,0,1,0,1,0,1,0,1,0,1,0,1,0,1,0,1,0,1,0,27.495544,0,0.1840493924,0.1104296354,55.84058565,24.36813955
2026-04-14,KMQ,143180,0.1652,0.2820383509,25.63078695,55.56155512,34.45190425,0.1164941014,100.1052208,1,0,1,0,1,0,1,0,1,0,1,0,1,0,1,0,1,0,1,0,1,0,1,0,1,0,1,0,1,0,1,0,1,0,1,0,51.105995,0,1,0,1,0,0.2452507399,0.1471504439,74.40907448,32.47119796
2026-04-14,MZQ,14130,0.0054,0.02783350955,2.529424638,5.483201382,3.399953953,0.0114964496,9.879080663,1,0,1,0,1,0,1,0,1,0,1,0,1,0,1,0,1,0,1,0,1,0,1,0,1,0,1,0,1,0,1,0,1,0,1,0,1,0,1,0,1,0,0.02420305179,0.01452183107,7.343205912,3.204484056
2026-04-15,TPC,2465110,19.3575,7.705966922,537.3719086,955.3287759,518.7076345,0.4222447628,1717.691695,1,0,1,0,1,0,1,0,1,0,254.740553,0,1,0,1,0,1,0,1,0,1,0,1,0,1,0,1,0,1,0,1,0,1,0,1,0,1,0,1,0,1,0,5.066937154,3.483519293,1254.911435,482.2035191
2026-04-15,NTPC,4041120,41.1447,12.63259532,880.9279778,1566.095721,850.3311398,0.6921970038,2815.857411,1,0,1,0,1,0,503.172635,3,1,0,1,0,1,0,1,0,1,0,1,0,1,0,1,0,1,0,1,0,1,0,1,0,1,0,1,0,1,0,1,0,1,0,8.306364045,5.710625281,2057.209495,790.4889783
2026-04-15,KLC,361050,2.6166,1.128647142,78.70566734,139.9213238,75.97202212,0.06184367903,251.5800863,1,0,1,0,1,0,1,0,1,0,1,0,1,0,1,0,1,0,1,0,1,0,1,0,1,0,1,0,79.646588,0,1,0,1,0,1,0,1,0,1,0,1,0,0.7421241484,0.510210352,183.7994141,70.62548145
2026-04-15,TYC,2332150,31.3191,7.290332178,508.3878191,903.801455,490.7302351,0.3994702563,1625.045003,1,0,1,0,1,0,1,0,1,0,1,0,1,0,1,0,1,0,1,0,1,0,1,0,1,0,1,0,1,0,1,0,1,0,1,0,1,0,360.546534,1,1,0,4.793643076,3.295629615,1187.225602,456.1950327
2026-04-15,HCC,457320,5.5269,1.429588453,99.69166538,177.2298014,96.22912382,0.07833361389,318.6611413,1,0,1,0,1,0,1,0,1,0,1,0,1,0,1,0,1,0,1,0,1,0,1,0,1,0,1,0,1,0,1,0,78.986698,0,1,0,1,0,1,0,1,0,0.9400033667,0.6462523146,232.8075005,89.45698706
2026-04-15,HSQ,593210,8.1702,1.854382416,129.3144687,229.8926146,124.8230529,0.1016099954,413.3494613,1,0,1,0,1,0,1,0,1,0,1,0,1,0,1,0,1,0,1,0,1,0,1,0,100.329376,2,1,0,1,0,1,0,1,0,1,0,1,0,1,0,1,0,1.219319945,0.838282462,301.9849063,116.0386147
2026-04-15,ILQ,448110,5.1798,1.40079787,97.68396785,173.6605579,94.29115865,0.07675604767,312.2436019,1,0,1,0,1,0,1,0,1,0,1,0,1,0,1,0,1,0,1,0,1,0,1,0,1,0,98.754435,0,1,0,1,0,1,0,1,0,1,0,1,0,1,0,0.921072572,0.6332373933,228.1189737,87.65540644
2026-04-15,TCC,2854310,47.9799,8.922611341,622.2140239,1106.159351,600.6029704,0.4889102105,1988.886736,1,0,668.836239,2,1,0,1,0,1,0,1,0,1,0,1,0,1,0,1,0,1,0,1,0,1,0,1,0,1,0,1,0,1,0,1,0,1,0,1,0,1,0,5.866922526,4.033509237,1453.041146,558.3354604
2026-04-15,MLQ,531090,8.8911,1.660194463,115.7728649,205.8186286,111.7517829,0.09096955961,370.0641685,1,0,1,0,1,0,1,0,1,0,1,0,1,0,1,0,168.709753,2,1,0,1,0,1,0,1,0,1,0,1,0,1,0,1,0,1,0,1,0,1,0,1,0,1.091634715,0.7504988668,270.3615312,103.8872371
2026-04-15,CHQ,1224190,9.1047,3.826834359,266.8624592,474.4226157,257.5936567,0.2096895539,853.0171052,1,0,1,0,1,0,1,0,299.694389,0,1,0,1,0,1,0,1,0,1,0,1,0,1,0,1,0,1,0,1,0,1,0,1,0,1,0,1,0,1,0,1,0,2.516274647,1.72993882,623.1973542,239.4654705
2026-04-15,NTQ,473460,2.4030,1.48004231,103.2100409,183.4846973,99.6252973,0.08109820876,329.9075133,1,0,1,0,1,0,1,0,1,0,1,0,1,0,1,0,1,0,147.28066,0,1,0,1,0,1,0,1,0,1,0,1,0,1,0,1,0,1,0,1,0,1,0,0.9731785052,0.6690602223,241.0238764,92.61415441
2026-04-15,YLQ,654120,2.7234,2.044787893,142.5923033,253.4976771,137.639715,0.1120431722,455.7916246,1,0,1,0,1,0,1,0,1,0,1,0,1,0,1,0,1,0,1,0,147.267039,0,1,0,1,0,1,0,1,0,1,0,1,0,1,0,1,0,1,0,1,0,1.344518067,0.9243561708,332.9923078,127.9533027
2026-04-15,TNC,1857211,28.3020,5.805666495,404.8553695,719.743586,390.7937271,0.318118712,1294.106921,1,0,1,0,531.2888,1,1,0,1,0,1,0,1,0,1,0,1,0,1,0,1,0,1,0,1,0,1,0,1,0,1,0,1,0,1,0,1,0,1,0,1,0,3.817424544,2.624479374,945.4488122,363.2915691
2026-04-15,KSC,2735462,38.8218,8.551090899,596.306224,1060.100995,575.5950133,0.468552926,1906.073303,622.715433,4,1,0,1,0,1,0,1,0,1,0,1,0,1,0,1,0,1,0,1,0,1,0,1,0,1,0,1,0,1,0,1,0,1,0,1,0,1,0,1,0,5.622635112,3.865561639,1392.539296,535.0874415
2026-04-15,CYC,261900,3.1506,0.8187029125,57.09185508,101.4967309,55.10891176,0.04486043356,182.4922437,1,0,1,0,1,0,1,0,1,0,1,0,156.1991,1,1,0,1,0,1,0,1,0,1,0,1,0,1,0,1,0,1,0,1,0,1,0,1,0,1,0,1,0,0.5383252028,0.3700985769,133.3252086,51.23061513
2026-04-15,CYQ,481230,3.0705,1.504331434,104.9038313,186.4958833,101.2602581,0.08242911968,335.3216589,1,0,1,0,1,0,1,0,1,0,1,0,1,0,112.018655,0,1,0,1,0,1,0,1,0,1,0,1,0,1,0,1,0,1,0,1,0,1,0,1,0,1,0,0.9891494362,0.6800402374,244.9793437,94.13405467
2026-04-15,PTQ,791244,6.3279,2.473439356,172.4841076,306.6387147,166.4933019,0.1355309236,551.3397973,1,0,1,0,1,0,1,0,1,0,1,0,1,0,1,0,1,0,1,0,1,0,151.778077,0,1,0,1,0,1,0,1,0,1,0,1,0,1,0,1,0,1,0,1.626371083,1.11813012,402.797905,154.7763148
2026-04-15,HLQ,315240,1.8957,0.9854444679,68.7194975,122.1681155,66.332697,0.05399695715,219.6596217,1,0,1,0,1,0,1,0,1,0,1,0,1,0,1,0,1,0,1,0,1,0,1,0,1,0,1,0,1,0,1,0,1,0,49.199877,0,1,0,1,0,1,0,0.6479634858,0.4454748965,160.4789566,61.66452506
2026-04-15,TTQ,210140,0.6942,0.6569004584,45.80863851,81.43765956,44.21758961,0.03599454566,146.4258118,1,0,1,0,1,0,1,0,1,0,1,0,1,0,1,0,1,0,1,0,1,0,1,0,1,0,1,0,1,0,81.6852,0,1,0,1,0,1,0,1,0,1,0,0.431934548,0.2969550017,106.9757897,41.10577115
2026-04-15,PHQ,107450,0.1335,0.3358901411,23.42313795,41.64117503,22.60959362,0.01840493924,74.87129282,1,0,1,0,1,0,1,0,1,0,1,0,1,0,1,0,1,0,1,0,1,0,1,0,1,0,1,0,1,0,1,0,1,0,1,0,1,0,1,0,38.71,0,0.2208592709,0.1518407487,54.69947942,21.01844061
2026-04-15,KMQ,143180,0.1527,0.4475826003,31.21195804,55.4879799,30.12788845,0.02452507399,99.76800099,1,0,1,0,1,0,1,0,1,0,1,0,1,0,1,0,1,0,1,0,1,0,1,0,1,0,1,0,1,0,1,0,1,0,1,0,49.27,0,1,0,1,0,0.2943008879,0.2023318604,72.8885199,28.0076345
2026-04-15,MZQ,14130,0.0050,0.04417056951,3.080213487,5.475940466,2.973229947,0.002420305179,9.845801466,1,0,1,0,1,0,1,0,1,0,1,0,1,0,1,0,1,0,1,0,1,0,1,0,1,0,1,0,1,0,1,0,1,0,1,0,1,0,1,0,1,0,0.02904366214,0.01996751772,7.193146991,2.763988514
2026-04-16,TPC,2465110,22.1850,7.389283349,583.3976434,953.4286745,544.9807593,0.4222447628,1816.602531,1,0,1,0,1,0,1,0,1,0,235.51181,0,1,0,1,0,1,0,1,0,1,0,1,0,1,0,1,0,1,0,1,0,1,0,1,0,1,0,1,0,1,0,7.072599777,4.328008819,1266.523166,527.5948311
2026-04-16,NTPC,4041120,47.1546,12.11344757,956.3791817,1562.980834,893.4013678,0.6921970038,2978.004559,1,0,1,0,1,0,518.475212,0,1,0,1,0,1,0,1,0,1,0,1,0,1,0,1,0,1,0,1,0,1,0,1,0,1,0,1,0,1,0,1,0,1,0,11.59429981,7.095019289,2076.244913,864.9001562
2026-04-16,KLC,361050,2.9988,1.082264383,85.44678296,139.6430273,79.82009043,0.06184367903,266.0669681,1,0,1,0,1,0,1,0,1,0,1,0,1,0,1,0,1,0,1,0,1,0,1,0,1,0,1,0,90.425306,0,1,0,1,0,1,0,1,0,1,0,1,0,1.035881624,0.6338977101,185.5001153,77.27367695
2026-04-16,TYC,2332150,35.8938,6.990729486,551.9310757,902.0038388,515.5862731,0.3994702563,1718.62091,1,0,1,0,1,0,1,0,1,0,1,0,1,0,1,0,1,0,1,0,1,0,1,0,1,0,1,0,1,0,1,0,1,0,1,0,1,0,355.963352,1,1,0,6.691126794,4.094570128,1198.211034,499.1380853
2026-04-16,HCC,457320,6.3342,1.370838243,108.2302251,176.8773002,101.1032371,0.07833361389,337.0107904,1,0,1,0,1,0,1,0,1,0,1,0,1,0,1,0,1,0,1,0,1,0,1,0,1,0,1,0,1,0,1,0,85.441299,0,1,0,1,0,1,0,1,0,1.312088033,0.8029195424,234.9616749,97.87785055
2026-04-16,HSQ,593210,9.3636,1.778174919,140.3902122,229.4353696,131.1454808,0.1016099954,437.1516027,1,0,1,0,1,0,1,0,1,0,1,0,1,0,1,0,1,0,1,0,1,0,1,0,112.694017,0,1,0,1,0,1,0,1,0,1,0,1,0,1,0,1,0,1.701967423,1.041502453,304.7791812,126.9616892
2026-04-16,ILQ,448110,5.9364,1.343230834,106.0505689,173.3151556,99.06711183,0.07675604767,330.2237061,1,0,1,0,1,0,1,0,1,0,1,0,1,0,1,0,1,0,1,0,1,0,1,0,1,0,117.343864,1,1,0,1,0,1,0,1,0,1,0,1,0,1,0,1.285663798,0.7867494886,230.229765,95.90668156
2026-04-16,TCC,2854310,54.9882,8.555928684,675.5064591,1103.959255,631.0241859,0.4889102105,2103.413953,1,0,654.844285,1,1,0,1,0,1,0,1,0,1,0,1,0,1,0,1,0,1,0,1,0,1,0,1,0,1,0,1,0,1,0,1,0,1,0,1,0,1,0,8.189246026,5.011329658,1466.486176,610.893308
2026-04-16,MLQ,531090,10.1898,1.591967293,125.6887743,205.4092656,117.4121363,0.09096955961,391.3737878,1,0,1,0,1,0,1,0,1,0,1,0,1,0,1,0,161.952207,1,1,0,1,0,1,0,1,0,1,0,1,0,1,0,1,0,1,0,1,0,1,0,1,0,1.523740123,0.932437986,272.863194,113.6664647
2026-04-16,CHQ,1224190,10.4346,3.669567193,289.7191448,473.4790127,270.641065,0.2096895539,902.1368832,1,0,1,0,1,0,1,0,348.49506,1,1,0,1,0,1,0,1,0,1,0,1,0,1,0,1,0,1,0,1,0,1,0,1,0,1,0,1,0,1,0,1,0,3.512300028,2.149317927,628.9638169,262.0070976
2026-04-16,NTQ,473460,2.7540,1.419218653,112.0499484,183.1197554,104.6714306,0.08109820876,348.9047687,1,0,1,0,1,0,1,0,1,0,1,0,1,0,1,0,1,0,141.768041,0,1,0,1,0,1,0,1,0,1,0,1,0,1,0,1,0,1,0,1,0,1,0,1.358394997,0.8312566398,243.2540772,101.3322119
2026-04-16,YLQ,654120,3.1212,1.960755514,154.8052892,252.9934829,144.6113213,0.1120431722,482.0377377,1,0,1,0,1,0,1,0,1,0,1,0,1,0,1,0,1,0,1,0,150.159516,1,1,0,1,0,1,0,1,0,1,0,1,0,1,0,1,0,1,0,1,0,1.876723135,1.148442515,336.0734951,139.9979437
2026-04-16,TNC,1857211,32.4360,5.567077461,439.5311044,718.3120518,410.5878686,0.318118712,1368.626229,1,0,1,0,446.748797,3,1,0,1,0,1,0,1,0,1,0,1,0,1,0,1,0,1,0,1,0,1,0,1,0,1,0,1,0,1,0,1,0,1,0,1,0,5.328488426,3.260716798,954.1970767,397.4893307
2026-04-16,KSC,2735462,44.4924,8.199676205,647.3796644,1057.992507,604.7495478,0.468552926,2015.831826,669.088748,1,1,0,1,0,1,0,1,0,1,0,1,0,1,0,1,0,1,0,1,0,1,0,1,0,1,0,1,0,1,0,1,0,1,0,1,0,1,0,1,0,7.84826151,4.802667491,1405.424502,585.456881
2026-04-16,CYC,261900,3.6108,0.7850575874,61.98175449,101.294859,57.90024009,0.04486043356,193.0008003,1,0,1,0,1,0,1,0,1,0,1,0,166.062667,0,1,0,1,0,1,0,1,0,1,0,1,0,1,0,1,0,1,0,1,0,1,0,1,0,1,0,1,0,0.7514122622,0.459819444,134.5588705,56.05311174
2026-04-16,CYQ,481230,3.5190,1.442509594,113.8888114,186.1249522,106.389204,0.08242911968,354.6306801,1,0,1,0,1,0,1,0,1,0,1,0,1,0,128.607638,2,1,0,1,0,1,0,1,0,1,0,1,0,1,0,1,0,1,0,1,0,1,0,1,0,1,0,1.380687755,0.8448984767,247.2461445,102.995185
2026-04-16,PTQ,791244,7.2522,2.371791163,187.2573171,306.0288255,174.9263748,0.1355309236,583.0879161,1,0,1,0,1,0,1,0,1,0,1,0,1,0,1,0,1,0,1,0,1,0,155.971154,0,1,0,1,0,1,0,1,0,1,0,1,0,1,0,1,0,1,0,2.270142971,1.389191967,406.5250054,169.3458891
2026-04-16,HLQ,315240,2.1726,0.9449467501,74.60530082,121.9251292,69.69252267,0.05399695715,232.3084089,1,0,1,0,1,0,1,0,1,0,1,0,1,0,1,0,1,0,1,0,1,0,1,0,1,0,1,0,1,0,1,0,1,0,52.209258,0,1,0,1,0,1,0,0.9044490322,0.5534688108,161.963873,67.46919796
2026-04-16,TTQ,210140,0.7956,0.6299045491,49.73213397,81.27568411,46.45726022,0.03599454566,154.8575341,1,0,1,0,1,0,1,0,1,0,1,0,1,0,1,0,1,0,1,0,1,0,1,0,1,0,1,0,1,0,88.189436,0,1,0,1,0,1,0,1,0,1,0,0.6029086399,0.368944093,107.9656397,44.97518481
2026-04-16,PHQ,107450,0.1530,0.3220864367,25.42932234,41.5583528,23.75479495,0.01840493924,79.18264984,1,0,1,0,1,0,1,0,1,0,1,0,1,0,1,0,1,0,1,0,1,0,1,0,1,0,1,0,1,0,1,0,1,0,1,0,1,0,1,0,38.652769,0,0.3082827322,0.1886506272,55.20561525,22.99697158
2026-04-16,KMQ,143180,0.1750,0.4291887948,33.88525242,55.37761707,31.65389987,0.02452507399,105.5129996,1,0,1,0,1,0,1,0,1,0,1,0,1,0,1,0,1,0,1,0,1,0,1,0,1,0,1,0,1,0,1,0,1,0,1,0,27.905936,0,1,0,1,0,0.4107949893,0.2513820084,73.56295943,30.64407995
2026-04-16,MZQ,14130,0.0057,0.04235534062,3.344032802,5.465049093,3.123827386,0.002420305179,10.41275795,1,0,1,0,1,0,1,0,1,0,1,0,1,0,1,0,1,0,1,0,1,0,1,0,1,0,1,0,1,0,1,0,1,0,1,0,1,0,1,0,1,0,0.04054011174,0.02480812808,7.259705383,3.024171321
2026-04-17,TPC,2465110,22.1125,5.91142668,683.2690859,943.9281673,545.0757643,0.5278059535,1816.919214,1,0,1,0,1,0,1,0,1,0,294.28005,1,1,0,1,0,1,0,1,0,1,0,1,0,1,0,1,0,1,0,1,0,1,0,1,0,1,0,1,0,1,0,4.328008819,4.5391312,1180.490796,593.4650142
2026-04-17,NTPC,4041120,47.0005,9.690758053,1120.101078,1547.406402,893.5571122,0.8652462547,2978.523707,1,0,1,0,1,0,431.515905,1,1,0,1,0,1,0,1,0,1,0,1,0,1,0,1,0,1,0,1,0,1,0,1,0,1,0,1,0,1,0,1,0,1,0,7.095019289,7.44111779,1935.209773,972.8828888
2026-04-17,KLC,361050,2.9890,0.8658115064,100.0743591,138.2515445,79.83400526,0.07730459879,266.1133509,1,0,1,0,1,0,1,0,1,0,1,0,1,0,1,0,1,0,1,0,1,0,1,0,1,0,1,0,88.248614,0,1,0,1,0,1,0,1,0,1,0,1,0,0.6338977101,0.6648195496,172.8994657,86.92129088
2026-04-17,TYC,2332150,35.7765,5.592583589,646.4157781,893.0157581,515.6761539,0.4993378204,1718.920513,1,0,1,0,1,0,1,0,1,0,1,0,1,0,1,0,1,0,1,0,1,0,1,0,1,0,1,0,1,0,1,0,1,0,1,0,1,0,356.672219,2,1,0,4.094570128,4.294305256,1116.818969,561.4554453
2026-04-17,HCC,457320,6.3135,1.096670594,126.7580832,175.1147938,101.1208622,0.09791701736,337.0695406,1,0,1,0,1,0,1,0,1,0,1,0,1,0,1,0,1,0,1,0,1,0,1,0,1,0,1,0,1,0,1,0,66.552164,0,1,0,1,0,1,0,1,0,0.8029195424,0.8420863493,219.001201,110.0978943
2026-04-17,HSQ,593210,9.3330,1.422539936,164.4235164,227.1491447,131.1683431,0.1270124942,437.2278102,1,0,1,0,1,0,1,0,1,0,1,0,1,0,1,0,1,0,1,0,1,0,1,0,83.911196,1,1,0,1,0,1,0,1,0,1,0,1,0,1,0,1,0,1.041502453,1.092307451,284.0761446,142.8128485
2026-04-17,ILQ,448110,5.9170,1.074584667,124.2052931,171.5881446,99.08438194,0.09594505959,330.2812731,1,0,1,0,1,0,1,0,1,0,1,0,1,0,1,0,1,0,1,0,1,0,1,0,1,0,79.927912,0,1,0,1,0,1,0,1,0,1,0,1,0,1,0,0.7867494886,0.8251275124,214.5907203,107.880625
2026-04-17,TCC,2854310,54.8085,6.844742947,791.1459467,1092.958776,631.1341907,0.6111377631,2103.780636,1,0,680.681296,1,1,0,1,0,1,0,1,0,1,0,1,0,1,0,1,0,1,0,1,0,1,0,1,0,1,0,1,0,1,0,1,0,1,0,1,0,1,0,5.011329658,5.255784763,1366.870721,687.1633008
2026-04-17,MLQ,531090,10.1565,1.273573835,147.2053494,203.3624505,117.4326045,0.1137119495,391.442015,1,0,1,0,1,0,1,0,1,0,1,0,1,0,1,0,140.555667,0,1,0,1,0,1,0,1,0,1,0,1,0,1,0,1,0,1,0,1,0,1,0,1,0,0.932437986,0.9779227658,254.3281463,127.857716
2026-04-17,CHQ,1224190,10.4005,2.935653755,339.3159665,468.7609977,270.6882451,0.2621119424,902.2941504,1,0,1,0,1,0,1,0,221.035034,0,1,0,1,0,1,0,1,0,1,0,1,0,1,0,1,0,1,0,1,0,1,0,1,0,1,0,1,0,1,0,1,0,2.149317927,2.254162704,586.2395703,294.718668
2026-04-17,NTQ,473460,2.7450,1.135374923,131.2317022,181.2950457,104.6896777,0.101372761,348.9655923,1,0,1,0,1,0,1,0,1,0,1,0,1,0,1,0,1,0,80.477293,0,1,0,1,0,1,0,1,0,1,0,1,0,1,0,1,0,1,0,1,0,1,0,0.8312566398,0.8718057442,226.7303172,113.9835324
2026-04-17,YLQ,654120,3.1110,1.568604411,181.3063005,250.4725115,144.636531,0.1400539653,482.12177,1,0,1,0,1,0,1,0,1,0,1,0,1,0,1,0,1,0,1,0,87.142598,0,1,0,1,0,1,0,1,0,1,0,1,0,1,0,1,0,1,0,1,0,1.148442515,1.204464101,313.2446987,157.4766785
2026-04-17,TNC,1857211,32.3300,4.453661968,514.7741327,711.1543807,410.6594454,0.39764839,1368.864818,1,0,1,0,526.928571,1,1,0,1,0,1,0,1,0,1,0,1,0,1,0,1,0,1,0,1,0,1,0,1,0,1,0,1,0,1,0,1,0,1,0,1,0,3.260716798,3.419776154,889.3803892,447.1158498
2026-04-17,KSC,2735462,44.3470,6.559740964,758.2041452,1047.450066,604.8549722,0.5856911575,2016.183241,493.179364,3,1,0,1,0,1,0,1,0,1,0,1,0,1,0,1,0,1,0,1,0,1,0,1,0,1,0,1,0,1,0,1,0,1,0,1,0,1,0,1,0,4.802667491,5.036943954,1309.956843,658.5511375
2026-04-17,CYC,261900,3.5990,0.6280460699,72.59236854,100.2854992,57.91033369,0.05607554196,193.0344456,1,0,1,0,1,0,1,0,1,0,1,0,139.091165,0,1,0,1,0,1,0,1,0,1,0,1,0,1,0,1,0,1,0,1,0,1,0,1,0,1,0,1,0,0.459819444,0.4822496608,125.4185571,63.05133937
2026-04-17,CYQ,481230,3.5075,1.154007676,133.385359,184.270297,106.4077506,0.1030363996,354.692502,1,0,1,0,1,0,1,0,1,0,1,0,1,0,220.769469,1,1,0,1,0,1,0,1,0,1,0,1,0,1,0,1,0,1,0,1,0,1,0,1,0,1,0,0.8448984767,0.8861130366,230.4512113,115.8541277
2026-04-17,PTQ,791244,7.2285,1.897432931,219.3137688,302.9793797,174.9568693,0.1694136545,583.1895643,1,0,1,0,1,0,1,0,1,0,1,0,1,0,1,0,1,0,1,0,1,0,108.924268,0,1,0,1,0,1,0,1,0,1,0,1,0,1,0,1,0,1,0,1.389191967,1.456957429,378.9105797,190.4887131
2026-04-17,HLQ,315240,2.1655,0.7559574001,87.37693111,120.7101977,69.70467198,0.06749619643,232.3489066,1,0,1,0,1,0,1,0,1,0,1,0,1,0,1,0,1,0,1,0,1,0,1,0,1,0,1,0,1,0,1,0,1,0,42.954321,0,1,0,1,0,1,0,0.5534688108,0.5804672893,150.9619929,75.89272327
2026-04-17,TTQ,210140,0.7930,0.5039236393,58.24574389,80.46580683,46.465359,0.04499318208,154.88453,1,0,1,0,1,0,1,0,1,0,1,0,1,0,1,0,1,0,1,0,1,0,1,0,1,0,1,0,1,0,61.600737,1,1,0,1,0,1,0,1,0,1,0,0.368944093,0.3869413659,100.631751,50.59033393
2026-04-17,PHQ,107450,0.1525,0.2576691493,29.78255059,41.14424167,23.75893606,0.02300617405,79.19645354,1,0,1,0,1,0,1,0,1,0,1,0,1,0,1,0,1,0,1,0,1,0,1,0,1,0,1,0,1,0,1,0,1,0,1,0,1,0,1,0,33.95,0,0.1886506272,0.1978530968,51.45560888,25.8681421
2026-04-17,KMQ,143180,0.1744,0.3433510358,39.68604554,54.8258029,31.65941801,0.03065634249,105.5313934,1,0,1,0,1,0,1,0,1,0,1,0,1,0,1,0,1,0,1,0,1,0,1,0,1,0,1,0,1,0,1,0,1,0,1,0,54.203786,0,1,0,1,0,0.2513820084,0.2636445454,68.56597561,34.46999149
2026-04-17,MZQ,14130,0.0057,0.0338842725,3.916495485,5.410592227,3.124371955,0.003025381473,10.41457318,1,0,1,0,1,0,1,0,1,0,1,0,1,0,1,0,1,0,1,0,1,0,1,0,1,0,1,0,1,0,1,0,1,0,1,0,1,0,1,0,1,0,0.02480812808,0.02601828067,6.766568203,3.401738928
2026-04-18,TPC,2465110,22.4750,6.439232633,664.5478087,937.0666899,520.0577621,0.6333671442,1733.525874,1,0,1,0,1,0,1,0,1,0,283.441685,0,1,0,1,0,1,0,1,0,1,0,1,0,1,0,1,0,1,0,1,0,1,0,1,0,1,0,1,0,1,0,4.855814772,3.694641675,1261.984035,657.1184121
2026-04-18,NTPC,4041120,47.7710,10.55600431,1089.410793,1536.158201,852.5444397,1.038295506,2841.814799,1,0,1,0,1,0,542.192357,1,1,0,1,0,1,0,1,0,1,0,1,0,1,0,1,0,1,0,1,0,1,0,1,0,1,0,1,0,1,0,1,0,1,0,7.960265543,6.056723783,2068.803795,1077.231587
2026-04-18,KLC,361050,3.0380,0.9431161052,97.33236503,137.2465847,76.16976728,0.09276551855,253.8992243,1,0,1,0,1,0,1,0,1,0,1,0,1,0,1,0,1,0,1,0,1,0,1,0,1,0,1,0,89.714527,0,1,0,1,0,1,0,1,0,1,0,1,0,0.7112023089,0.5411321915,184.8352957,96.24422549
2026-04-18,TYC,2332150,36.3630,6.091921409,628.7042656,886.5243664,492.0075412,0.5992053845,1640.025137,1,0,1,0,1,0,1,0,1,0,1,0,1,0,1,0,1,0,1,0,1,0,1,0,1,0,1,0,1,0,1,0,1,0,1,0,1,0,367.071309,0,1,0,4.593907948,3.495364743,1193.916729,621.6755864
2026-04-18,HCC,457320,6.4170,1.194587612,123.2849666,173.8418726,96.47959555,0.1175004208,321.5986518,1,0,1,0,1,0,1,0,1,0,1,0,1,0,1,0,1,0,1,0,1,0,1,0,1,0,1,0,1,0,1,0,84.37478,0,1,0,1,0,1,0,1,0,0.9008365597,0.6854191215,234.1195885,121.9066866
2026-04-18,HSQ,593210,9.4860,1.54955243,159.9183832,225.4979823,125.1479508,0.1524149931,417.1598361,1,0,1,0,1,0,1,0,1,0,1,0,1,0,1,0,1,0,1,0,1,0,1,0,97.766787,1,1,0,1,0,1,0,1,0,1,0,1,0,1,0,1,0,1.168514947,0.8890874597,303.6868737,158.1305553
2026-04-18,ILQ,448110,6.0140,1.170529727,120.8021218,170.3408588,94.53658611,0.1151340715,315.1219537,1,0,1,0,1,0,1,0,1,0,1,0,1,0,1,0,1,0,1,0,1,0,1,0,1,0,102.567858,1,1,0,1,0,1,0,1,0,1,0,1,0,1,0,0.8826945482,0.6716154171,229.4046375,119.4515992
2026-04-18,TCC,2854310,55.7070,7.45588071,769.4688902,1085.013985,602.1662607,0.7333653157,2007.220869,1,0,755.615102,4,1,0,1,0,1,0,1,0,1,0,1,0,1,0,1,0,1,0,1,0,1,0,1,0,1,0,1,0,1,0,1,0,1,0,1,0,1,0,5.622467421,4.277964342,1461.230392,760.8665151
2026-04-18,MLQ,531090,10.3230,1.387285784,143.1719865,201.8841952,112.0426581,0.1364543394,373.475527,1,0,1,0,1,0,1,0,1,0,1,0,1,0,1,0,170.328739,1,1,0,1,0,1,0,1,0,1,0,1,0,1,0,1,0,1,0,1,0,1,0,1,0,1.046149936,0.7959836466,271.8852713,141.5713771
2026-04-18,CHQ,1224190,10.5710,3.197765697,330.018856,465.3535425,258.2641391,0.3145343308,860.8804635,1,0,1,0,1,0,1,0,327.22383,0,1,0,1,0,1,0,1,0,1,0,1,0,1,0,1,0,1,0,1,0,1,0,1,0,1,0,1,0,1,0,1,0,2.41142987,1.834783597,626.7096542,326.3293682
2026-04-18,NTQ,473460,2.7900,1.236747684,127.6360104,179.9771998,99.88460882,0.1216473131,332.9486961,1,0,1,0,1,0,1,0,1,0,1,0,1,0,1,0,1,0,159.711483,0,1,0,1,0,1,0,1,0,1,0,1,0,1,0,1,0,1,0,1,0,1,0,0.9326294008,0.7096093267,242.3822714,126.2090874
2026-04-18,YLQ,654120,3.1620,1.708658376,176.3385864,248.6518099,137.9979731,0.1680647583,459.9932435,1,0,1,0,1,0,1,0,1,0,1,0,1,0,1,0,1,0,1,0,155.872577,1,1,0,1,0,1,0,1,0,1,0,1,0,1,0,1,0,1,0,1,0,1.28849648,0.9803777569,334.869031,174.3671868
2026-04-18,TNC,1857211,32.8600,4.851310358,500.6695443,705.9849517,391.8109117,0.477178068,1306.036372,1,0,1,0,490.67559,2,1,0,1,0,1,0,1,0,1,0,1,0,1,0,1,0,1,0,1,0,1,0,1,0,1,0,1,0,1,0,1,0,1,0,1,0,3.658365188,2.78353873,950.7773006,495.0722456
2026-04-18,KSC,2735462,45.0740,7.145432121,737.4296798,1039.836081,577.0932113,0.702829389,1923.644038,635.9421,2,1,0,1,0,1,0,1,0,1,0,1,0,1,0,1,0,1,0,1,0,1,0,1,0,1,0,1,0,1,0,1,0,1,0,1,0,1,0,1,0,5.388358649,4.099838102,1400.387558,729.1854911
2026-04-18,CYC,261900,3.6580,0.6841216119,70.60336906,99.55651719,55.252353,0.06729065035,184.17451,1,0,1,0,1,0,1,0,1,0,1,0,182.02131,0,1,0,1,0,1,0,1,0,1,0,1,0,1,0,1,0,1,0,1,0,1,0,1,0,1,0,1,0,0.515894986,0.3925287937,134.0766208,69.81404973
2026-04-18,CYQ,481230,3.5650,1.257044075,129.7306579,182.9308238,101.5238253,0.1236436795,338.4127508,1,0,1,0,1,0,1,0,1,0,1,0,1,0,144.74525,0,1,0,1,0,1,0,1,0,1,0,1,0,1,0,1,0,1,0,1,0,1,0,1,0,1,0,0.9479348763,0.7212547972,246.3600314,128.2803175
2026-04-18,PTQ,791244,7.3470,2.066846585,213.3046665,300.7770022,166.9266621,0.2032963854,556.4222069,1,0,1,0,1,0,1,0,1,0,1,0,1,0,1,0,1,0,1,0,1,0,144.595641,0,1,0,1,0,1,0,1,0,1,0,1,0,1,0,1,0,1,0,1.558605622,1.185895582,405.068048,210.9199999
2026-04-18,HLQ,315240,2.2010,0.8234535965,84.98284102,119.8327471,66.50535227,0.08099543572,221.6845076,1,0,1,0,1,0,1,0,1,0,1,0,1,0,1,0,1,0,1,0,1,0,1,0,1,0,1,0,1,0,1,0,1,0,49.11335,0,1,0,1,0,1,0,0.6209650072,0.472473375,161.3834057,84.03276456
2026-04-18,TTQ,210140,0.8060,0.5489168214,56.64983572,79.88089546,44.33268217,0.05399181849,147.7756072,1,0,1,0,1,0,1,0,1,0,1,0,1,0,1,0,1,0,1,0,1,0,1,0,1,0,1,0,1,0,84.863258,1,1,0,1,0,1,0,1,0,1,0,0.4139372751,0.3149522746,107.5786984,56.01651169
2026-04-18,PHQ,107450,0.1550,0.2806753234,28.9665216,40.8451614,22.66844341,0.02760740886,75.56147804,1,0,1,0,1,0,1,0,1,0,1,0,1,0,1,0,1,0,1,0,1,0,1,0,1,0,1,0,1,0,1,0,1,0,1,0,1,0,1,0,22.208689,0,0.2116568012,0.1610432183,55.00776215,28.64268669
2026-04-18,KMQ,143180,0.1772,0.3740073783,38.59866507,54.42727045,30.20630738,0.03678761098,100.6876913,1,0,1,0,1,0,1,0,1,0,1,0,1,0,1,0,1,0,1,0,1,0,1,0,1,0,1,0,1,0,1,0,1,0,1,0,44.89,0,1,0,1,0,0.2820383509,0.2145943974,73.29931488,38.1671464
2026-04-18,MZQ,14130,0.0058,0.03690965397,3.809185204,5.371262268,2.980968873,0.003630457768,9.936562911,1,0,1,0,1,0,1,0,1,0,1,0,1,0,1,0,1,0,1,0,1,0,1,0,1,0,1,0,1,0,1,0,1,0,1,0,1,0,1,0,1,0,0.02783350955,0.02117767031,7.233687102,3.766599934
2026-04-19,TPC,2465110,27.1150,8.339334066,765.7588228,928.6217946,492.2920021,0.4222447628,1510.791761,1,0,1,0,1,0,1,0,1,0,266.652535,1,1,0,1,0,1,0,1,0,1,0,1,0,1,0,1,0,1,0,1,0,1,0,1,0,1,0,1,0,1,0,6.333671442,5.805865489,1319.831567,649.2013228
2026-04-19,NTPC,4041120,57.6334,13.67089082,1255.328685,1522.314261,807.0272952,0.6921970038,2476.680879,1,0,1,0,1,0,541.334494,1,1,0,1,0,1,0,1,0,1,0,1,0,1,0,1,0,1,0,1,0,1,0,1,0,1,0,1,0,1,0,1,0,1,0,10.38295506,9.517708802,2163.634785,1064.252893
2026-04-19,KLC,361050,3.6652,1.221412661,112.1561403,136.0097111,72.10308156,0.06184367903,221.2766836,1,0,1,0,1,0,1,0,1,0,1,0,1,0,1,0,1,0,1,0,1,0,1,0,1,0,1,0,88.042229,0,1,0,1,0,1,0,1,0,1,0,1,0,0.9276551855,0.8503505867,193.3078797,95.08465651
2026-04-19,TYC,2332150,43.8702,7.889537563,724.4562874,878.5349613,465.7393758,0.3994702563,1429.304577,1,0,1,0,1,0,1,0,1,0,1,0,1,0,1,0,1,0,1,0,1,0,1,0,1,0,1,0,1,0,1,0,1,0,1,0,1,0,356.583917,1,1,0,5.992053845,5.492716025,1248.644154,614.1855191
2026-04-19,HCC,457320,7.7418,1.547088874,142.061338,172.2752003,91.32857293,0.07833361389,280.2776705,1,0,1,0,1,0,1,0,1,0,1,0,1,0,1,0,1,0,1,0,1,0,1,0,1,0,1,0,1,0,1,0,80.938174,0,1,0,1,0,1,0,1,0,1.175004208,1.077087191,244.8512936,120.4379314
2026-04-19,HSQ,593210,11.4444,2.006797409,184.2740451,223.4657824,118.4663316,0.1016099954,363.5605635,1,0,1,0,1,0,1,0,1,0,1,0,1,0,1,0,1,0,1,0,1,0,1,0,95.060866,0,1,0,1,0,1,0,1,0,1,0,1,0,1,0,1,0,1.524149931,1.397137437,317.6074431,156.2253679
2026-04-19,ILQ,448110,7.2556,1.515931941,139.2003546,168.8057378,89.48930031,0.07675604767,274.6331386,1,0,1,0,1,0,1,0,1,0,1,0,1,0,1,0,1,0,1,0,1,0,1,0,1,0,102.108142,0,1,0,1,0,1,0,1,0,1,0,1,0,1,0,1.151340715,1.055395655,239.920216,118.0124233
2026-04-19,TCC,2854310,67.2078,9.655976657,886.6594454,1075.23578,570.0167476,0.4889102105,1749.320733,1,0,699.786869,0,1,0,1,0,1,0,1,0,1,0,1,0,1,0,1,0,1,0,1,0,1,0,1,0,1,0,1,0,1,0,1,0,1,0,1,0,1,0,7.333653157,6.722515394,1528.21109,751.6994486
2026-04-19,MLQ,531090,12.4542,1.796648802,164.9771626,200.064804,106.0607273,0.09096955961,325.4890843,1,0,1,0,1,0,1,0,1,0,1,0,1,0,1,0,153.330173,0,1,0,1,0,1,0,1,0,1,0,1,0,1,0,1,0,1,0,1,0,1,0,1,0,1.364543394,1.250831445,284.3481009,139.8656979
2026-04-19,CHQ,1224190,12.7534,4.141368689,380.2809178,461.1597514,244.4754782,0.2096895539,750.2692238,1,0,1,0,1,0,1,0,359.063058,0,1,0,1,0,1,0,1,0,1,0,1,0,1,0,1,0,1,0,1,0,1,0,1,0,1,0,1,0,1,0,1,0,3.145343308,2.883231366,655.4371231,322.3976891
2026-04-19,NTQ,473460,3.3660,1.601689623,147.0750483,178.3552356,94.55179336,0.08109820876,290.169391,1,0,1,0,1,0,1,0,1,0,1,0,1,0,1,0,1,0,181.132452,0,1,0,1,0,1,0,1,0,1,0,1,0,1,0,1,0,1,0,1,0,1,0,1.216473131,1.115100371,253.492726,124.688496
2026-04-19,YLQ,654120,3.8148,2.212852651,203.1950546,246.4109465,130.6302942,0.1120431722,400.8904702,1,0,1,0,1,0,1,0,1,0,1,0,1,0,1,0,1,0,1,0,165.127068,1,1,0,1,0,1,0,1,0,1,0,1,0,1,0,1,0,1,0,1,0,1.680647583,1.540593618,350.2189456,172.2663773
2026-04-19,TNC,1857211,39.6440,6.282844563,576.9218043,699.6225774,370.8922205,0.318118712,1138.228752,1,0,1,0,599.50129,3,1,0,1,0,1,0,1,0,1,0,1,0,1,0,1,0,1,0,1,0,1,0,1,0,1,0,1,0,1,0,1,0,1,0,1,0,4.77178068,4.37413229,994.3595641,489.1075197
2026-04-19,KSC,2735462,54.3796,9.253920288,849.7406448,1030.465023,546.2823423,0.468552926,1676.482369,716.720806,3,1,0,1,0,1,0,1,0,1,0,1,0,1,0,1,0,1,0,1,0,1,0,1,0,1,0,1,0,1,0,1,0,1,0,1,0,1,0,1,0,7.02829389,6.442602732,1464.579308,720.4001237
2026-04-19,CYC,261900,4.4132,0.8859935629,81.35630284,98.65930852,52.30244304,0.04486043356,160.5106313,1,0,1,0,1,0,1,0,1,0,1,0,150.919341,0,1,0,1,0,1,0,1,0,1,0,1,0,1,0,1,0,1,0,1,0,1,0,1,0,1,0,1,0,0.6729065035,0.6168309615,140.2225002,68.97291661
2026-04-19,CYQ,481230,4.3010,1.627975114,149.4887118,181.2822415,96.10349242,0.08242911968,294.9313902,1,0,1,0,1,0,1,0,1,0,1,0,1,0,170.646224,0,1,0,1,0,1,0,1,0,1,0,1,0,1,0,1,0,1,0,1,0,1,0,1,0,1,0,1.236436795,1.133400396,257.6528208,126.7347715
2026-04-19,PTQ,791244,8.8638,2.676735741,245.79109,298.0663838,158.0144874,0.1355309236,484.9296447,1,0,1,0,1,0,1,0,1,0,1,0,1,0,1,0,1,0,1,0,1,0,173.886133,0,1,0,1,0,1,0,1,0,1,0,1,0,1,0,1,0,1,0,2.032963854,1.8635502,423.6357845,208.3787951
2026-04-19,HLQ,315240,2.6554,1.066439904,97.92577666,118.752808,62.95464736,0.05399695715,193.2011127,1,0,1,0,1,0,1,0,1,0,1,0,1,0,1,0,1,0,1,0,1,0,1,0,1,0,1,0,1,0,1,0,1,0,57.207558,0,1,0,1,0,1,0,0.8099543572,0.7424581608,168.7809888,83.02032161
2026-04-19,TTQ,210140,0.9724,0.7108922768,65.27763833,79.16100455,41.96577083,0.03599454566,128.7884844,1,0,1,0,1,0,1,0,1,0,1,0,1,0,1,0,1,0,1,0,1,0,1,0,1,0,1,0,1,0,76.084088,0,1,0,1,0,1,0,1,0,1,0,0.5399181849,0.4949250029,112.5099511,55.34161396
2026-04-19,PHQ,107450,0.1870,0.36349755,33.37813952,40.47706262,21.45818062,0.01840493924,65.85287259,1,0,1,0,1,0,1,0,1,0,1,0,1,0,1,0,1,0,1,0,1,0,1,0,1,0,1,0,1,0,1,0,1,0,1,0,1,0,1,0,31.2,0,0.2760740886,0.2530679145,57.52923882,28.29759408
2026-04-19,KMQ,143180,0.2138,0.4843702113,44.47726399,53.93676897,28.59359983,0.02452507399,87.75071473,1,0,1,0,1,0,1,0,1,0,1,0,1,0,1,0,1,0,1,0,1,0,1,0,1,0,1,0,1,0,1,0,1,0,1,0,43.859028,0,1,0,1,0,0.3678761098,0.3372197674,76.65925002,37.70730126
2026-04-19,MZQ,14130,0.0070,0.04780102728,4.389326304,5.322856164,2.821815655,0.002420305179,8.659851929,1,0,1,0,1,0,1,0,1,0,1,0,1,0,1,0,1,0,1,0,1,0,1,0,1,0,1,0,1,0,1,0,1,0,1,0,1,0,1,0,1,0,0.03630457768,0.03327919621,7.565268912,3.721219212
2026-04-20,TPC,2465110,17.3275,5.91142668,898.0438845,922.710368,470.4883382,0.7389283349,1497.174368,1,0,1,0,1,0,1,0,1,0,241.05961,0,1,0,1,0,1,0,1,0,1,0,1,0,1,0,1,0,1,0,1,0,1,0,1,0,1,0,1,0,1,0,3.589080484,3.272396912,1293.863514,606.9768466
2026-04-20,NTPC,4041120,36.8299,9.690758053,1472.187084,1512.623502,771.2839724,1.211344757,2454.357526,1,0,1,0,1,0,473.117982,1,1,0,1,0,1,0,1,0,1,0,1,0,1,0,1,0,1,0,1,0,1,0,1,0,1,0,1,0,1,0,1,0,1,0,5.883674532,5.364526779,2121.064669,995.0331929
2026-04-20,KLC,361050,2.3422,0.8658115064,131.5311465,135.1438996,68.90962858,0.1082264383,219.2822249,1,0,1,0,1,0,1,0,1,0,1,0,1,0,1,0,1,0,1,0,1,0,1,0,1,0,1,0,93.208311,0,1,0,1,0,1,0,1,0,1,0,1,0,0.5256712718,0.4792885125,189.5044935,88.90028861
2026-04-20,TYC,2332150,28.0347,5.592583589,849.606324,872.9423777,445.1117305,0.6990729486,1416.421661,1,0,1,0,1,0,1,0,1,0,1,0,1,0,1,0,1,0,1,0,1,0,1,0,1,0,1,0,1,0,1,0,1,0,1,0,1,0,346.199244,0,1,0,3.395497179,3.095894487,1224.076733,574.2384935
2026-04-20,HCC,457320,4.9473,1.096670594,166.6024759,171.1785298,87.28362094,0.1370838243,277.7514114,1,0,1,0,1,0,1,0,1,0,1,0,1,0,1,0,1,0,1,0,1,0,1,0,1,0,1,0,1,0,1,0,41.17,0,1,0,1,0,1,0,1,0,0.6658357181,0.6070855076,240.0337764,112.60457
2026-04-20,HSQ,593210,7.3134,1.422539936,216.1074405,222.0432424,113.2194454,0.1778174919,360.2836412,1,0,1,0,1,0,1,0,1,0,1,0,1,0,1,0,1,0,1,0,1,0,1,0,72.327355,4,1,0,1,0,1,0,1,0,1,0,1,0,1,0,1,0,0.8636849609,0.7874774643,311.3584284,146.0643684
2026-04-20,ILQ,448110,4.6366,1.074584667,163.2472568,167.7311532,85.5258099,0.1343230834,272.157756,1,0,1,0,1,0,1,0,1,0,1,0,1,0,1,0,1,0,1,0,1,0,1,0,1,0,130.545931,0,1,0,1,0,1,0,1,0,1,0,1,0,1,0,0.6524264052,0.5948593694,235.1997191,110.3368185
2026-04-20,TCC,2854310,42.9483,6.844742947,1039.830125,1068.391037,544.7706466,0.8555928684,1733.553379,1,0,623.058057,3,1,0,1,0,1,0,1,0,1,0,1,0,1,0,1,0,1,0,1,0,1,0,1,0,1,0,1,0,1,0,1,0,1,0,1,0,1,0,4.155736789,3.789054131,1498.143112,702.8084276
2026-04-20,MLQ,531090,7.9587,1.273573835,193.4770159,198.7912301,101.3632866,0.1591967293,322.555316,1,0,1,0,1,0,1,0,1,0,1,0,1,0,1,0,141.46021,0,1,0,1,0,1,0,1,0,1,0,1,0,1,0,1,0,1,0,1,0,1,0,1,0,0.7732412567,0.705014087,278.753473,130.7687419
2026-04-20,CHQ,1224190,8.1499,2.935653755,445.9745581,458.2240976,233.6476339,0.3669567193,743.5067357,1,0,1,0,1,0,1,0,290.549768,0,1,0,1,0,1,0,1,0,1,0,1,0,1,0,1,0,1,0,1,0,1,0,1,0,1,0,1,0,1,0,1,0,1.782361208,1.625094043,642.5412155,301.4287337
2026-04-20,NTQ,473460,2.1510,1.135374923,172.4823061,177.2198607,90.36408461,0.1419218653,287.5539737,1,0,1,0,1,0,1,0,1,0,1,0,1,0,1,0,1,0,92.342837,0,1,0,1,0,1,0,1,0,1,0,1,0,1,0,1,0,1,0,1,0,1,0,0.6893347745,0.6285111179,248.5051862,116.5786751
2026-04-20,YLQ,654120,2.4378,1.568604411,238.2970601,244.8423421,124.8446649,0.1960755514,397.2770779,1,0,1,0,1,0,1,0,1,0,1,0,1,0,1,0,1,0,1,0,67.98521,1,1,0,1,0,1,0,1,0,1,0,1,0,1,0,1,0,1,0,1,0,0.9523669638,0.8683345847,343.3282905,161.0620601
2026-04-20,TNC,1857211,25.3340,4.453661968,676.5852156,695.1689155,354.4653655,0.5567077461,1127.969423,1,0,1,0,499.15884,0,1,0,1,0,1,0,1,0,1,0,1,0,1,0,1,0,1,0,1,0,1,0,1,0,1,0,1,0,1,0,1,0,1,0,1,0,2.704009052,2.465420018,974.7952633,457.2956485
2026-04-20,KSC,2735462,34.7506,6.559740964,996.533591,1023.905282,522.0874406,0.8199676205,1661.371537,615.054958,2,1,0,1,0,1,0,1,0,1,0,1,0,1,0,1,0,1,0,1,0,1,0,1,0,1,0,1,0,1,0,1,0,1,0,1,0,1,0,1,0,3.982699871,3.631285176,1435.763303,673.5448311
2026-04-20,CYC,261900,2.8202,0.6280460699,95.41062807,98.03126245,49.9859624,0.07850575874,159.0638823,1,0,1,0,1,0,1,0,1,0,1,0,139.250434,1,1,0,1,0,1,0,1,0,1,0,1,0,1,0,1,0,1,0,1,0,1,0,1,0,1,0,1,0,0.3813136853,0.3476683601,137.4635835,64.48687325
2026-04-20,CYQ,481230,2.7485,1.154007676,175.3129307,180.1282338,91.84705875,0.1442509594,292.2730511,1,0,1,0,1,0,1,0,1,0,1,0,1,0,137.318669,3,1,0,1,0,1,0,1,0,1,0,1,0,1,0,1,0,1,0,1,0,1,0,1,0,1,0,0.7006475173,0.6388256775,252.58343,118.4918595
2026-04-20,PTQ,791244,5.6643,1.897432931,288.2515731,296.1689508,151.0160093,0.2371791163,480.5587724,1,0,1,0,1,0,1,0,1,0,1,0,1,0,1,0,1,0,1,0,1,0,87.367273,0,1,0,1,0,1,0,1,0,1,0,1,0,1,0,1,0,1,0,1.152012851,1.050364658,415.3006327,194.8257027
2026-04-20,HLQ,315240,1.6969,0.7559574001,114.8424834,117.9968506,60.16637949,0.09449467501,191.4597108,1,0,1,0,1,0,1,0,1,0,1,0,1,0,1,0,1,0,1,0,1,0,1,0,1,0,1,0,1,0,1,0,1,0,35.766312,0,1,0,1,0,1,0,0.4589741358,0.4184764179,165.4601759,77.6206259
2026-04-20,TTQ,210140,0.6214,0.5039236393,76.55436954,78.65708091,40.10710248,0.06299045491,127.6276603,1,0,1,0,1,0,1,0,1,0,1,0,1,0,1,0,1,0,1,0,1,0,1,0,1,0,1,0,1,0,77.064539,0,1,0,1,0,1,0,1,0,1,0,0.3059536381,0.2789577289,110.2962865,51.74215939
2026-04-20,PHQ,107450,0.1195,0.2576691493,39.14422293,40.21939347,20.50779557,0.03220864367,65.2593133,1,0,1,0,1,0,1,0,1,0,1,0,1,0,1,0,1,0,1,0,1,0,1,0,1,0,1,0,1,0,1,0,1,0,1,0,1,0,1,0,39.697986,0,0.1564419835,0.1426382791,56.39733506,26.45710015
2026-04-20,KMQ,143180,0.1366,0.3433510358,52.16072442,53.59341793,27.32718632,0.04291887948,86.9597811,1,0,1,0,1,0,1,0,1,0,1,0,1,0,1,0,1,0,1,0,1,0,1,0,1,0,1,0,1,0,1,0,1,0,1,0,41.916057,0,1,0,1,0,0.2084631289,0.1900693234,75.15095797,35.25479386
2026-04-20,MZQ,14130,0.0045,0.0338842725,5.147583714,5.288971891,2.696837147,0.004235534062,8.581797087,1,0,1,0,1,0,1,0,1,0,1,0,1,0,1,0,1,0,1,0,1,0,1,0,1,0,1,0,1,0,1,0,1,0,1,0,1,0,1,0,1,0,0.02057259402,0.01875736513,7.416420143,3.479188694
2026-04-21,TPC,2465110,22.5475,6.333671442,518.2188862,920.5991441,505.6676606,0.7389283349,1408.186284,1,0,1,0,1,0,1,0,1,0,239.381573,0,1,0,1,0,1,0,1,0,1,0,1,0,1,0,1,0,1,0,1,0,1,0,1,0,1,0,1,0,1,0,4.5391312,5.383620726,1011.909574,768.0632236
2026-04-21,NTPC,4041120,47.9251,10.38295506,849.5299217,1509.162517,828.9543658,1.211344757,2308.477008,1,0,1,0,1,0,521.835526,0,1,0,1,0,1,0,1,0,1,0,1,0,1,0,1,0,1,0,1,0,1,0,1,0,1,0,1,0,1,0,1,0,1,0,7.44111779,8.825511798,1658.85012,1259.10635
2026-04-21,KLC,361050,3.0478,0.9276551855,75.90043806,134.8346812,74.0621347,0.1082264383,206.2486696,1,0,1,0,1,0,1,0,1,0,1,0,1,0,1,0,1,0,1,0,1,0,1,0,1,0,1,0,92.347685,0,1,0,1,0,1,0,1,0,1,0,1,0,0.6648195496,0.7885069077,148.2083768,112.4936522
2026-04-21,TYC,2332150,36.4803,5.992053845,490.2678483,870.9450264,478.3935949,0.6990729486,1332.233305,1,0,1,0,1,0,1,0,1,0,1,0,1,0,1,0,1,0,1,0,1,0,1,0,1,0,1,0,1,0,1,0,1,0,1,0,1,0,350.064876,0,1,0,4.294305256,5.093245768,957.3304693,726.6363963
2026-04-21,HCC,457320,6.4377,1.175004208,96.13845266,170.7868617,93.80998599,0.1370838243,261.2426023,1,0,1,0,1,0,1,0,1,0,1,0,1,0,1,0,1,0,1,0,1,0,1,0,1,0,1,0,1,0,1,0,87.078714,0,1,0,1,0,1,0,1,0,0.8420863493,0.9987535771,187.7265057,142.4888437
2026-04-21,HSQ,593210,9.5166,1.524149931,124.7054393,221.5351925,121.6850822,0.1778174919,338.8693347,1,0,1,0,1,0,1,0,1,0,1,0,1,0,1,0,1,0,1,0,1,0,1,0,100.782996,0,1,0,1,0,1,0,1,0,1,0,1,0,1,0,1,0,1.092307451,1.295527441,243.508354,184.8285816
2026-04-21,ILQ,448110,6.0334,1.151340715,94.20231352,167.3473729,91.92074001,0.1343230834,255.981419,1,0,1,0,1,0,1,0,1,0,1,0,1,0,1,0,1,0,1,0,1,0,1,0,1,0,94.825332,0,1,0,1,0,1,0,1,0,1,0,1,0,1,0,0.8251275124,0.9786396078,183.9458682,139.6192507
2026-04-21,TCC,2854310,55.8867,7.333653157,600.0370568,1065.946486,585.5042008,0.8555928684,1630.515552,1,0,638.474792,3,1,0,1,0,1,0,1,0,1,0,1,0,1,0,1,0,1,0,1,0,1,0,1,0,1,0,1,0,1,0,1,0,1,0,1,0,1,0,5.255784763,6.233605184,1171.673319,889.3276729
2026-04-21,MLQ,531090,10.3563,1.364543394,111.6464857,198.3363823,108.9424155,0.1591967293,303.3834813,1,0,1,0,1,0,1,0,1,0,1,0,1,0,1,0,156.500209,0,1,0,1,0,1,0,1,0,1,0,1,0,1,0,1,0,1,0,1,0,1,0,1,0,0.9779227658,1.159861885,218.0085496,165.4736289
2026-04-21,CHQ,1224190,10.6051,3.145343308,257.350941,457.1756499,251.1179191,0.3669567193,699.3146622,1,0,1,0,1,0,1,0,301.56249,2,1,0,1,0,1,0,1,0,1,0,1,0,1,0,1,0,1,0,1,0,1,0,1,0,1,0,1,0,1,0,1,0,2.254162704,2.673541812,502.5210159,381.4252985
2026-04-21,NTQ,473460,2.7990,1.216473131,99.53142613,176.8143697,97.12078187,0.1419218653,270.4625262,1,0,1,0,1,0,1,0,1,0,1,0,1,0,1,0,1,0,140.204834,0,1,0,1,0,1,0,1,0,1,0,1,0,1,0,1,0,1,0,1,0,1,0,0.8718057442,1.034002162,194.3518573,147.5176417
2026-04-21,YLQ,654120,3.1722,1.680647583,137.510025,244.2821262,134.1795417,0.1960755514,373.6639793,1,0,1,0,1,0,1,0,1,0,1,0,1,0,1,0,1,0,1,0,151.119677,0,1,0,1,0,1,0,1,0,1,0,1,0,1,0,1,0,1,0,1,0,1.204464101,1.428550446,268.5114622,203.8065303
2026-04-21,TNC,1857211,32.9660,4.77178068,390.4255047,693.5783219,380.969426,0.5567077461,1060.925905,1,0,1,0,511.252346,1,1,0,1,0,1,0,1,0,1,0,1,0,1,0,1,0,1,0,1,0,1,0,1,0,1,0,1,0,1,0,1,0,1,0,1,0,3.419776154,4.056013578,762.3714934,578.6579372
2026-04-21,KSC,2735462,45.2194,7.02829389,575.0526633,1021.562517,561.1249276,0.8199676205,1562.624008,609.154003,1,1,0,1,0,1,0,1,0,1,0,1,0,1,0,1,0,1,0,1,0,1,0,1,0,1,0,1,0,1,0,1,0,1,0,1,0,1,0,1,0,5.036943954,5.974049806,1122.887087,852.2977724
2026-04-21,CYC,261900,3.6698,0.6729065035,55.05698581,97.80696028,53.72350942,0.07850575874,149.6095459,1,0,1,0,1,0,1,0,1,0,1,0,144.258429,1,1,0,1,0,1,0,1,0,1,0,1,0,1,0,1,0,1,0,1,0,1,0,1,0,1,0,1,0,0.4822496608,0.5719705279,107.508029,81.60112865
2026-04-21,CYQ,481230,3.5765,1.236436795,101.1648464,179.7160882,98.71464086,0.1442509594,274.9011141,1,0,1,0,1,0,1,0,1,0,1,0,1,0,138.971893,0,1,0,1,0,1,0,1,0,1,0,1,0,1,0,1,0,1,0,1,0,1,0,1,0,1,0,0.8861130366,1.050971276,197.5413853,149.9385687
2026-04-21,PTQ,791244,7.3707,2.032963854,166.3364249,295.4912962,162.3077682,0.2371791163,451.9956303,1,0,1,0,1,0,1,0,1,0,1,0,1,0,1,0,1,0,1,0,1,0,139.144121,1,1,0,1,0,1,0,1,0,1,0,1,0,1,0,1,0,1,0,1.456957429,1.728019276,324.7998584,246.5307501
2026-04-21,HLQ,315240,2.2081,0.8099543572,66.27019552,117.7268658,64.66513597,0.09449467501,180.0798521,1,0,1,0,1,0,1,0,1,0,1,0,1,0,1,0,1,0,1,0,1,0,1,0,1,0,1,0,1,0,1,0,1,0,47.839471,1,1,0,1,0,1,0,0.5804672893,0.6884612036,129.4037078,98.22046505
2026-04-21,TTQ,210140,0.8086,0.5399181849,44.17592592,78.47710818,43.10598805,0.06299045491,120.0418098,1,0,1,0,1,0,1,0,1,0,1,0,1,0,1,0,1,0,1,0,1,0,1,0,1,0,1,0,1,0,104.299972,0,1,0,1,0,1,0,1,0,1,0,0.3869413659,0.4589304572,86.26092868,65.47407856
2026-04-21,PHQ,107450,0.1555,0.2760740886,22.5882899,40.12736877,22.04120308,0.03220864367,61.38047236,1,0,1,0,1,0,1,0,1,0,1,0,1,0,1,0,1,0,1,0,1,0,1,0,1,0,1,0,1,0,1,0,1,0,1,0,1,0,1,0,33.95,0,0.1978530968,0.2346629753,44.10743688,33.47858447
2026-04-21,KMQ,143180,0.1778,0.3678761098,30.09950068,53.47079256,29.37049286,0.04291887948,81.79112175,1,0,1,0,1,0,1,0,1,0,1,0,1,0,1,0,1,0,1,0,1,0,1,0,1,0,1,0,1,0,1,0,1,0,1,0,53.980336,0,1,0,1,0,0.2636445454,0.3126946934,58.77433981,44.61110959
2026-04-21,MZQ,14130,0.0058,0.03630457768,2.970428444,5.276870366,2.898484873,0.004235534062,8.07171777,1,0,1,0,1,0,1,0,1,0,1,0,1,0,1,0,1,0,1,0,1,0,1,0,1,0,1,0,1,0,1,0,1,0,1,0,1,0,1,0,1,0,0.02601828067,0.03085889103,5.80026136,4.40253512
2026-04-22,TPC,2465110,19.9375,5.172498345,736.1309634,910.0430251,489.4481837,0.6333671442,1170.040238,1,0,1,0,1,0,1,0,1,0,250.352454,2,1,0,1,0,1,0,1,0,1,0,1,0,1,0,1,0,1,0,1,0,1,0,1,0,1,0,1,0,1,0,4.43357001,5.066937154,1017.082072,752.8624121
2026-04-22,NTPC,4041120,42.3775,8.479413296,1206.758951,1491.857592,802.3653484,1.038295506,1918.077897,1,0,1,0,1,0,456.736042,0,1,0,1,0,1,0,1,0,1,0,1,0,1,0,1,0,1,0,1,0,1,0,1,0,1,0,1,0,1,0,1,0,1,0,7.26806854,8.306364045,1667.329533,1234.187258
2026-04-22,KLC,361050,2.6950,0.7575850681,107.8167239,133.2885892,71.68656438,0.09276551855,171.3688346,1,0,1,0,1,0,1,0,1,0,1,0,1,0,1,0,1,0,1,0,1,0,1,0,1,0,1,0,81.910259,2,1,0,1,0,1,0,1,0,1,0,1,0,0.6493586298,0.7421241484,148.9659619,110.2672797
2026-04-22,TYC,2332150,32.2575,4.89351064,696.4264582,860.95827,463.0489437,0.5992053845,1106.93208,1,0,1,0,1,0,1,0,1,0,1,0,1,0,1,0,1,0,1,0,1,0,1,0,1,0,1,0,1,0,1,0,1,0,1,0,1,0,328.447275,1,1,0,4.194437692,4.793643076,962.22398,712.2554671
2026-04-22,HCC,457320,5.6925,0.9595867701,136.5648641,168.8285213,90.80099604,0.1175004208,217.0624441,1,0,1,0,1,0,1,0,1,0,1,0,1,0,1,0,1,0,1,0,1,0,1,0,1,0,1,0,1,0,1,0,73.287105,3,1,0,1,0,1,0,1,0,0.8225029458,0.9400033667,188.6860925,139.6688336
2026-04-22,HSQ,593210,8.4150,1.244722444,177.1443257,218.9949426,117.7819882,0.1524149931,281.5612972,1,0,1,0,1,0,1,0,1,0,1,0,1,0,1,0,1,0,1,0,1,0,1,0,85.935833,0,1,0,1,0,1,0,1,0,1,0,1,0,1,0,1,0,1.066904952,1.219319945,244.7530764,181.1706218
2026-04-22,ILQ,448110,5.3350,0.9402615839,133.8145746,165.4284717,88.97234833,0.1151340715,212.6910081,1,0,1,0,1,0,1,0,1,0,1,0,1,0,1,0,1,0,1,0,1,0,1,0,1,0,85.104957,1,1,0,1,0,1,0,1,0,1,0,1,0,1,0,0.8059385005,0.921072572,184.8861298,136.856033
2026-04-22,TCC,2854310,49.4175,5.989150078,852.3538382,1053.723731,566.7239373,0.7333653157,1354.770193,1,0,691.398022,1,1,0,1,0,1,0,1,0,1,0,1,0,1,0,1,0,1,0,1,0,1,0,1,0,1,0,1,0,1,0,1,0,1,0,1,0,1,0,5.13355721,5.866922526,1177.66247,871.7269053
2026-04-22,MLQ,531090,9.1575,1.114377105,158.594056,196.0621433,105.4480473,0.1364543394,252.0766497,1,0,1,0,1,0,1,0,1,0,1,0,1,0,1,0,138.943959,0,1,0,1,0,1,0,1,0,1,0,1,0,1,0,1,0,1,0,1,0,1,0,1,0,0.9551803759,1.091634715,219.1229267,162.1987248
2026-04-22,CHQ,1224190,9.3775,2.568697035,365.567526,451.933411,243.0632191,0.3145343308,581.0497538,1,0,1,0,1,0,1,0,295.326405,0,1,0,1,0,1,0,1,0,1,0,1,0,1,0,1,0,1,0,1,0,1,0,1,0,1,0,1,0,1,0,1,0,2.201740316,2.516274647,505.0897129,373.8764746
2026-04-22,NTQ,473460,2.4750,0.9934530574,141.3845897,174.7869144,94.00559693,0.1216473131,224.7231365,1,0,1,0,1,0,1,0,1,0,1,0,1,0,1,0,1,0,172.714126,0,1,0,1,0,1,0,1,0,1,0,1,0,1,0,1,0,1,0,1,0,1,0,0.851531192,0.9731785052,195.3453104,144.5981062
2026-04-22,YLQ,654120,2.8050,1.37252886,195.3332654,241.4810469,129.8756834,0.1680647583,310.4716302,1,0,1,0,1,0,1,0,1,0,1,0,1,0,1,0,1,0,1,0,178.31707,0,1,0,1,0,1,0,1,0,1,0,1,0,1,0,1,0,1,0,1,0,1.176453308,1.344518067,269.8839911,199.7729761
2026-04-22,TNC,1857211,29.1500,3.896954222,554.6002096,685.6253541,368.7496909,0.477178068,881.506951,1,0,1,0,526.736044,1,1,0,1,0,1,0,1,0,1,0,1,0,1,0,1,0,1,0,1,0,1,0,1,0,1,0,1,0,1,0,1,0,1,0,1,0,3.340246476,3.817424544,766.2684476,567.2056635
2026-04-22,KSC,2735462,39.9850,5.739773343,816.8634574,1009.848694,543.1266383,0.702829389,1298.360158,598.651229,0,1,0,1,0,1,0,1,0,1,0,1,0,1,0,1,0,1,0,1,0,1,0,1,0,1,0,1,0,1,0,1,0,1,0,1,0,1,0,1,0,4.919805723,5.622635112,1128.62686,835.4298671
2026-04-22,CYC,261900,3.2450,0.5495403112,78.20855837,96.68544944,52.00030802,0.06729065035,124.3082614,1,0,1,0,1,0,1,0,1,0,1,0,145.230354,0,1,0,1,0,1,0,1,0,1,0,1,0,1,0,1,0,1,0,1,0,1,0,1,0,1,0,1,0,0.4710345524,0.5383252028,108.0575693,79.98615305
2026-04-22,CYQ,481230,3.1625,1.009756716,143.7048665,177.6553602,95.5483323,0.1236436795,228.4110906,1,0,1,0,1,0,1,0,1,0,1,0,1,0,146.705134,0,1,0,1,0,1,0,1,0,1,0,1,0,1,0,1,0,1,0,1,0,1,0,1,0,1,0,0.8655057566,0.9891494362,198.551142,146.9711204
2026-04-22,PTQ,791244,6.5175,1.660253814,236.281224,292.1030231,157.1016866,0.2032963854,375.5561893,1,0,1,0,1,0,1,0,1,0,1,0,1,0,1,0,1,0,1,0,1,0,149.514599,1,1,0,1,0,1,0,1,0,1,0,1,0,1,0,1,0,1,0,1.423074698,1.626371083,326.4601123,241.6516368
2026-04-22,HLQ,315240,1.9525,0.6614627251,94.13694517,116.3769419,62.59097785,0.08099543572,149.6255683,1,0,1,0,1,0,1,0,1,0,1,0,1,0,1,0,1,0,1,0,1,0,1,0,1,0,1,0,1,0,1,0,1,0,48.209287,0,1,0,1,0,1,0,0.56696805,0.6479634858,130.0651705,96.27657459
2026-04-22,TTQ,210140,0.7150,0.4409331844,62.75199105,77.57724454,41.72334756,0.05399181849,99.74088603,1,0,1,0,1,0,1,0,1,0,1,0,1,0,1,0,1,0,1,0,1,0,1,0,1,0,1,0,1,0,92.240124,0,1,0,1,0,1,0,1,0,1,0,0.3779427295,0.431934548,86.70186187,64.17827492
2026-04-22,PHQ,107450,0.1375,0.2254605057,32.08671094,39.66724529,21.33422336,0.02760740886,51.00008663,1,0,1,0,1,0,1,0,1,0,1,0,1,0,1,0,1,0,1,0,1,0,1,0,1,0,1,0,1,0,1,0,1,0,1,0,1,0,1,0,49.478885,0,0.193251862,0.2208592709,44.33289739,32.81600666
2026-04-22,KMQ,143180,0.1572,0.3004321564,42.75640087,52.85766572,28.42842345,0.03678761098,67.95898002,1,0,1,0,1,0,1,0,1,0,1,0,1,0,1,0,1,0,1,0,1,0,1,0,1,0,1,0,1,0,1,0,1,0,1,0,72.021108,0,1,0,1,0,0.2575132769,0.2943008879,59.07477197,43.72820692
2026-04-22,MZQ,14130,0.0052,0.02964873844,4.219499541,5.216362736,2.8055149,0.003630457768,6.70666565,1,0,1,0,1,0,1,0,1,0,1,0,1,0,1,0,1,0,1,0,1,0,1,0,1,0,1,0,1,0,1,0,1,0,1,0,1,0,1,0,1,0,0.02541320437,0.02904366214,5.829910099,4.315404133
2026-04-23,TPC,2465110,19.2125,5.172498345,755.5721679,909.0929744,476.249868,0.5278059535,1305.053001,1,0,1,0,1,0,1,0,1,0,208.037049,1,1,0,1,0,1,0,1,0,1,0,1,0,1,0,1,0,1,0,1,0,1,0,1,0,1,0,1,0,1,0,3.166835721,4.5391312,958.2844892,754.9736359
2026-04-23,NTPC,4041120,40.8365,8.479413296,1238.629432,1490.300149,780.7290005,0.8652462547,2139.407889,1,0,1,0,1,0,415.530003,4,1,0,1,0,1,0,1,0,1,0,1,0,1,0,1,0,1,0,1,0,1,0,1,0,1,0,1,0,1,0,1,0,1,0,5.191477528,7.44111779,1570.9411,1237.648243
2026-04-23,KLC,361050,2.5970,0.7575850681,110.6641615,133.149441,69.75348558,0.07730459879,191.143351,1,0,1,0,1,0,1,0,1,0,1,0,1,0,1,0,1,0,1,0,1,0,1,0,1,0,1,0,88.004137,0,1,0,1,0,1,0,1,0,1,0,1,0,0.4638275927,0.6648195496,140.3542296,110.5764981
2026-04-23,TYC,2332150,31.0845,4.89351064,714.8190674,860.0594619,450.5625021,0.4993378204,1234.662695,1,0,1,0,1,0,1,0,1,0,1,0,1,0,1,0,1,0,1,0,1,0,1,0,1,0,1,0,1,0,1,0,1,0,1,0,1,0,336.785331,0,1,0,2.996026923,4.294305256,906.5977468,714.2528183
2026-04-23,HCC,457320,5.4855,0.9595867701,140.1715395,168.6522707,88.35248311,0.09791701736,242.1096171,1,0,1,0,1,0,1,0,1,0,1,0,1,0,1,0,1,0,1,0,1,0,1,0,1,0,1,0,1,0,1,0,79.967796,0,1,0,1,0,1,0,1,0,0.5875021042,0.8420863493,177.7781367,140.0605016
2026-04-23,HSQ,593210,8.1090,1.244722444,181.8227039,218.7663201,114.6059138,0.1270124942,314.0510933,1,0,1,0,1,0,1,0,1,0,1,0,1,0,1,0,1,0,1,0,1,0,1,0,89.386215,1,1,0,1,0,1,0,1,0,1,0,1,0,1,0,1,0,0.7620749655,1.092307451,230.6038846,181.6786718
2026-04-23,ILQ,448110,5.1410,0.9402615839,137.3486149,165.2557706,86.57314617,0.09594505959,237.2337543,1,0,1,0,1,0,1,0,1,0,1,0,1,0,1,0,1,0,1,0,1,0,1,0,1,0,93.922573,0,1,0,1,0,1,0,1,0,1,0,1,0,1,0,0.5756703575,0.8251275124,174.1978502,137.2398132
2026-04-23,TCC,2854310,47.6205,5.989150078,874.8644866,1052.623683,551.4418264,0.6111377631,1511.099233,1,0,633.453215,1,1,0,1,0,1,0,1,0,1,0,1,0,1,0,1,0,1,0,1,0,1,0,1,0,1,0,1,0,1,0,1,0,1,0,1,0,1,0,3.666826579,5.255784763,1109.581723,874.1714564
2026-04-23,MLQ,531090,8.8245,1.114377105,162.7825219,195.8574618,102.6045663,0.1137119495,281.1641664,1,0,1,0,1,0,1,0,1,0,1,0,1,0,1,0,141.074358,1,1,0,1,0,1,0,1,0,1,0,1,0,1,0,1,0,1,0,1,0,1,0,1,0,0.6822716971,0.9779227658,206.4554155,162.6535726
2026-04-23,CHQ,1224190,9.0365,2.568697035,375.2221573,451.4616095,236.5088478,0.2621119424,648.0979887,1,0,1,0,1,0,1,0,301.093718,1,1,0,1,0,1,0,1,0,1,0,1,0,1,0,1,0,1,0,1,0,1,0,1,0,1,0,1,0,1,0,1,0,1.572671654,2.254162704,475.8904426,374.9249224
2026-04-23,NTQ,473460,2.3850,0.9934530574,145.118554,174.6044435,91.47066967,0.101372761,250.6542887,1,0,1,0,1,0,1,0,1,0,1,0,1,0,1,0,1,0,157.576624,0,1,0,1,0,1,0,1,0,1,0,1,0,1,0,1,0,1,0,1,0,1,0,0.6082365657,0.8718057442,184.0523848,145.0035973
2026-04-23,YLQ,654120,2.7030,1.37252886,200.4920131,241.2289498,126.3734939,0.1400539653,346.2974345,1,0,1,0,1,0,1,0,1,0,1,0,1,0,1,0,1,0,1,0,169.808648,3,1,0,1,0,1,0,1,0,1,0,1,0,1,0,1,0,1,0,1,0,0.8403237916,1.204464101,254.2819793,200.3331919
2026-04-23,TNC,1857211,28.0900,3.896954222,569.2471904,684.909587,358.8060953,0.39764839,983.2254092,1,0,1,0,583.636297,0,1,0,1,0,1,0,1,0,1,0,1,0,1,0,1,0,1,0,1,0,1,0,1,0,1,0,1,0,1,0,1,0,1,0,1,0,2.38589034,3.419776154,721.970417,568.7962571
2026-04-23,KSC,2735462,38.5310,5.739773343,838.4368055,1008.79445,528.4808452,0.5856911575,1448.179956,619.509235,1,1,0,1,0,1,0,1,0,1,0,1,0,1,0,1,0,1,0,1,0,1,0,1,0,1,0,1,0,1,0,1,0,1,0,1,0,1,0,1,0,3.514146945,5.036943954,1063.380866,837.7726317
2026-04-23,CYC,261900,3.1270,0.5495403112,80.27404488,96.58451346,50.59808302,0.05607554196,138.652385,1,0,1,0,1,0,1,0,1,0,1,0,152.554094,0,1,0,1,0,1,0,1,0,1,0,1,0,1,0,1,0,1,0,1,0,1,0,1,0,1,0,1,0,0.3364532517,0.4822496608,101.810754,80.21045521
2026-04-23,CYQ,481230,3.0475,1.009756716,147.5001093,177.4698947,92.97180409,0.1030363996,254.7678017,1,0,1,0,1,0,1,0,1,0,1,0,1,0,153.223284,0,1,0,1,0,1,0,1,0,1,0,1,0,1,0,1,0,1,0,1,0,1,0,1,0,1,0,0.6182183976,0.8861130366,187.0728871,147.383266
2026-04-23,PTQ,791244,6.2805,1.660253814,242.5214065,291.7980785,152.8653287,0.1694136545,418.8922022,1,0,1,0,1,0,1,0,1,0,1,0,1,0,1,0,1,0,1,0,1,0,158.832788,0,1,0,1,0,1,0,1,0,1,0,1,0,1,0,1,0,1,0,1.016481927,1.456957429,307.5874311,242.3292914
2026-04-23,HLQ,315240,1.8815,0.6614627251,96.62310007,116.2554487,60.90316797,0.06749619643,166.8910953,1,0,1,0,1,0,1,0,1,0,1,0,1,0,1,0,1,0,1,0,1,0,1,0,1,0,1,0,1,0,1,0,1,0,54.994103,0,1,0,1,0,1,0,0.4049771786,0.5804672893,122.5460942,96.54655938
2026-04-23,TTQ,210140,0.6890,0.4409331844,64.40926991,77.49625681,40.59824805,0.04499318208,111.250142,1,0,1,0,1,0,1,0,1,0,1,0,1,0,1,0,1,0,1,0,1,0,1,0,1,0,1,0,1,0,84.290425,0,1,0,1,0,1,0,1,0,1,0,0.2699590925,0.3869413659,81.68962138,64.35824765
2026-04-23,PHQ,107450,0.1325,0.2254605057,32.93412036,39.62583418,20.75893097,0.02300617405,56.88506595,1,0,1,0,1,0,1,0,1,0,1,0,1,0,1,0,1,0,1,0,1,0,1,0,1,0,1,0,1,0,1,0,1,0,1,0,1,0,1,0,38.945788,0,0.1380370443,0.1978530968,41.7700096,32.90803136
2026-04-23,KMQ,143180,0.1515,0.3004321564,43.88559658,52.8024843,27.66183095,0.03065634249,75.80087243,1,0,1,0,1,0,1,0,1,0,1,0,1,0,1,0,1,0,1,0,1,0,1,0,1,0,1,0,1,0,1,0,1,0,1,0,54.024252,0,1,0,1,0,0.1839380549,0.2636445454,55.65965542,43.85083229
2026-04-23,MZQ,14130,0.0050,0.02964873844,4.330936442,5.210917049,2.729862211,0.003025381473,7.480558231,1,0,1,0,1,0,1,0,1,0,1,0,1,0,1,0,1,0,1,0,1,0,1,0,1,0,1,0,1,0,1,0,1,0,1,0,1,0,1,0,1,0,0.01815228884,0.02601828067,5.492882603,4.327505659
2026-04-24,TPC,2465110,22.6925,6.122549061,713.5556471,907.2984341,489.0956093,0.5278059535,1281.723978,1,0,1,0,1,0,1,0,1,0,228.086359,0,1,0,1,0,1,0,1,0,1,0,1,0,1,0,1,0,1,0,1,0,1,0,1,0,1,0,1,0,1,0,4.43357001,6.228110252,927.0383768,851.6676866
2026-04-24,NTPC,4041120,48.2333,10.03685655,1169.750639,1487.358312,801.7873639,0.8652462547,2101.164005,1,0,1,0,1,0,415.933627,1,1,0,1,0,1,0,1,0,1,0,1,0,1,0,1,0,1,0,1,0,1,0,1,0,1,0,1,0,1,0,1,0,1,0,7.26806854,10.20990581,1519.718522,1396.161357
2026-04-24,KLC,361050,3.0674,0.896733346,104.5102516,132.8866053,71.63492491,0.07730459879,187.7264877,1,0,1,0,1,0,1,0,1,0,1,0,1,0,1,0,1,0,1,0,1,0,1,0,1,0,1,0,85.0937,0,1,0,1,0,1,0,1,0,1,0,1,0,0.6493586298,0.9121942657,135.7777973,124.7387006
2026-04-24,TYC,2332150,36.7149,5.792318717,675.0687809,858.3617133,462.715386,0.4993378204,1212.591963,1,0,1,0,1,0,1,0,1,0,1,0,1,0,1,0,1,0,1,0,1,0,1,0,1,0,1,0,1,0,1,0,1,0,1,0,1,0,325.22341,2,1,0,4.194437692,5.892186281,877.0369478,805.7315071
2026-04-24,HCC,457320,6.4791,1.135837401,132.3767574,168.3193528,90.73558747,0.09791701736,237.781685,1,0,1,0,1,0,1,0,1,0,1,0,1,0,1,0,1,0,1,0,1,0,1,0,1,0,1,0,1,0,1,0,79.606025,0,1,0,1,0,1,0,1,0,0.8225029458,1.155420805,171.9814493,157.9988992
2026-04-24,HSQ,593210,9.5778,1.473344933,171.7117473,218.3344776,117.6971439,0.1270124942,308.437141,1,0,1,0,1,0,1,0,1,0,1,0,1,0,1,0,1,0,1,0,1,0,1,0,89.768615,1,1,0,1,0,1,0,1,0,1,0,1,0,1,0,1,0,1.066904952,1.498747432,223.0847449,204.9473607
2026-04-24,ILQ,448110,6.0722,1.112962691,129.7108125,164.9295574,88.90825703,0.09594505959,232.9929827,1,0,1,0,1,0,1,0,1,0,1,0,1,0,1,0,1,0,1,0,1,0,1,0,1,0,87.260414,0,1,0,1,0,1,0,1,0,1,0,1,0,1,0,0.8059385005,1.132151703,168.5179027,154.8169481
2026-04-24,TCC,2854310,56.2461,7.089198052,826.2142538,1050.545815,566.3156973,0.6111377631,1484.086944,1,0,656.65691,2,1,0,1,0,1,0,1,0,1,0,1,0,1,0,1,0,1,0,1,0,1,0,1,0,1,0,1,0,1,0,1,0,1,0,1,0,1,0,5.13355721,7.211425605,1073.402367,986.1318946
2026-04-24,MLQ,531090,10.4229,1.319058614,153.7303685,195.4708412,105.3720877,0.1137119495,276.1380982,1,0,1,0,1,0,1,0,1,0,1,0,1,0,1,0,152.63434,3,1,0,1,0,1,0,1,0,1,0,1,0,1,0,1,0,1,0,1,0,1,0,1,0,0.9551803759,1.341801004,199.7236681,183.4856017
2026-04-24,CHQ,1224190,10.6733,3.040498531,354.356474,450.5704289,242.8881283,0.2621119424,636.5126408,1,0,1,0,1,0,1,0,203.795525,0,1,0,1,0,1,0,1,0,1,0,1,0,1,0,1,0,1,0,1,0,1,0,1,0,1,0,1,0,1,0,1,0,2.201740316,3.09292092,460.3734156,422.9438302
2026-04-24,NTQ,473460,2.8170,1.175924027,137.048674,174.2597761,93.93787992,0.101372761,246.1736127,1,0,1,0,1,0,1,0,1,0,1,0,1,0,1,0,1,0,116.893538,0,1,0,1,0,1,0,1,0,1,0,1,0,1,0,1,0,1,0,1,0,1,0,0.851531192,1.196198579,178.0511173,163.5750871
2026-04-24,YLQ,654120,3.1926,1.624625997,189.3428772,240.7527663,129.7821273,0.1400539653,340.1070493,1,0,1,0,1,0,1,0,1,0,1,0,1,0,1,0,1,0,1,0,146.82152,0,1,0,1,0,1,0,1,0,1,0,1,0,1,0,1,0,1,0,1,0,1.176453308,1.65263679,245.9907846,225.9910784
2026-04-24,TNC,1857211,33.1780,4.612721324,537.5919926,683.5575825,368.4840618,0.39764839,965.6493504,1,0,1,0,600.842726,0,1,0,1,0,1,0,1,0,1,0,1,0,1,0,1,0,1,0,1,0,1,0,1,0,1,0,1,0,1,0,1,0,1,0,1,0,3.340246476,4.692251002,698.4296323,641.6454422
2026-04-24,KSC,2735462,45.5102,6.794017427,791.8122752,1006.8031,542.7353966,0.5856911575,1422.292407,459.885721,2,1,0,1,0,1,0,1,0,1,0,1,0,1,0,1,0,1,0,1,0,1,0,1,0,1,0,1,0,1,0,1,0,1,0,1,0,1,0,1,0,4.919805723,6.911155658,1028.707949,945.0712517
2026-04-24,CYC,261900,3.6934,0.6504762867,75.81009528,96.39385662,51.96284956,0.05607554196,136.1738461,1,0,1,0,1,0,1,0,1,0,1,0,152.757953,0,1,0,1,0,1,0,1,0,1,0,1,0,1,0,1,0,1,0,1,0,1,0,1,0,1,0,1,0,0.4710345524,0.6616913951,98.49108189,90.4834945
2026-04-24,CYQ,481230,3.5995,1.195222235,139.2977936,177.1195709,95.47950398,0.1030363996,250.2135928,1,0,1,0,1,0,1,0,1,0,1,0,1,0,168.369937,0,1,0,1,0,1,0,1,0,1,0,1,0,1,0,1,0,1,0,1,0,1,0,1,0,1,0,0.8655057566,1.215829515,180.9731323,166.2595344
2026-04-24,PTQ,791244,7.4181,1.965198392,229.0350631,291.2220721,156.9885183,0.1694136545,411.4041186,1,0,1,0,1,0,1,0,1,0,1,0,1,0,1,0,1,0,1,0,1,0,149.094096,1,1,0,1,0,1,0,1,0,1,0,1,0,1,0,1,0,1,0,1.423074698,1.999081123,297.5581428,273.3658729
2026-04-24,HLQ,315240,2.2223,0.7829558786,91.24999785,116.0259617,62.5458904,0.06749619643,163.9077634,1,0,1,0,1,0,1,0,1,0,1,0,1,0,1,0,1,0,1,0,1,0,1,0,1,0,1,0,1,0,1,0,1,0,49.078582,0,1,0,1,0,1,0,0.56696805,0.7964551179,118.5503194,108.9118626
2026-04-24,TTQ,210140,0.8138,0.5219209121,60.82754266,77.34327999,41.69329212,0.04499318208,109.2614434,1,0,1,0,1,0,1,0,1,0,1,0,1,0,1,0,1,0,1,0,1,0,1,0,1,0,1,0,1,0,77.821761,1,1,0,1,0,1,0,1,0,1,0,0.3779427295,0.5309195485,79.026025,72.6009986
2026-04-24,PHQ,107450,0.1565,0.266871619,31.10269087,39.54761319,21.31885523,0.02300617405,55.86819306,1,0,1,0,1,0,1,0,1,0,1,0,1,0,1,0,1,0,1,0,1,0,1,0,1,0,1,0,1,0,1,0,1,0,1,0,1,0,1,0,48.517026,0,0.193251862,0.2714728538,40.4080441,37.12276244
2026-04-24,KMQ,143180,0.1790,0.3556135728,41.44516778,52.69825273,28.40794502,0.03065634249,74.44586209,1,0,1,0,1,0,1,0,1,0,1,0,1,0,1,0,1,0,1,0,1,0,1,0,1,0,1,0,1,0,1,0,1,0,1,0,27.153911,0,1,0,1,0,0.2575132769,0.3617448413,53.84479994,49.46707424
2026-04-24,MZQ,14130,0.0059,0.03509442509,4.090097924,5.200630752,2.803493945,0.003025381473,7.34683637,1,0,1,0,1,0,1,0,1,0,1,0,1,0,1,0,1,0,1,0,1,0,1,0,1,0,1,0,1,0,1,0,1,0,1,0,1,0,1,0,1,0,0.02541320437,0.03569950138,5.31378002,4.881755545
2026-04-25,TPC,2465110,30.3050,4.5391312,542.1918326,893.0476734,294.4692751,0.4222447628,831.1888156,1,0,1,0,1,0,1,0,1,0,309.586925,6,1,0,1,0,1,0,1,0,1,0,1,0,1,0,1,0,1,0,1,0,1,0,1,0,1,0,1,0,1,0,3.483519293,4.855814772,948.4672985,945.8282687
2026-04-25,NTPC,4041120,64.4138,7.44111779,888.8294066,1463.996663,482.7312685,0.6921970038,1362.589802,1,0,1,0,1,0,573.844616,3,1,0,1,0,1,0,1,0,1,0,1,0,1,0,1,0,1,0,1,0,1,0,1,0,1,0,1,0,1,0,1,0,1,0,5.710625281,7.960265543,1554.84752,1550.521288
2026-04-25,KLC,361050,4.0964,0.6648195496,79.41161293,130.7993812,43.12916332,0.06184367903,121.7392822,1,0,1,0,1,0,1,0,1,0,1,0,1,0,1,0,1,0,1,0,1,0,1,0,1,0,1,0,95.878732,0,1,0,1,0,1,0,1,0,1,0,1,0,0.510210352,0.7112023089,138.916364,138.529841
2026-04-25,TYC,2332150,49.0314,4.294305256,512.9477721,844.8795922,278.5865621,0.3994702563,786.3571996,1,0,1,0,1,0,1,0,1,0,1,0,1,0,1,0,1,0,1,0,1,0,1,0,1,0,1,0,1,0,1,0,1,0,1,0,1,0,332.381393,4,1,0,3.295629615,4.593907948,897.3100633,894.8133742
2026-04-25,HCC,457320,8.6526,0.8420863493,100.5858436,165.6755934,54.62907899,0.07833361389,154.1997189,1,0,1,0,1,0,1,0,1,0,1,0,1,0,1,0,1,0,1,0,1,0,1,0,1,0,1,0,1,0,1,0,81.715141,0,1,0,1,0,1,0,1,0,0.6462523146,0.9008365597,175.9568802,175.4672951
2026-04-25,HSQ,593210,12.7908,1.092307451,130.4743468,214.9051403,70.86179469,0.1016099954,200.0192759,1,0,1,0,1,0,1,0,1,0,1,0,1,0,1,0,1,0,1,0,1,0,1,0,103.014799,0,1,0,1,0,1,0,1,0,1,0,1,0,1,0,1,0,0.838282462,1.168514947,228.2414522,227.6063897
2026-04-25,ILQ,448110,8.1092,0.8251275124,98.56013813,162.3390408,53.52890008,0.07675604767,151.0942798,1,0,1,0,1,0,1,0,1,0,1,0,1,0,1,0,1,0,1,0,1,0,1,0,1,0,102.256164,1,1,0,1,0,1,0,1,0,1,0,1,0,1,0,0.6332373933,0.8826945482,172.4132721,171.9335468
2026-04-25,TCC,2854310,75.1146,5.255784763,627.794934,1034.045095,340.9610917,0.4889102105,962.4197493,1,0,620.206607,7,1,0,1,0,1,0,1,0,1,0,1,0,1,0,1,0,1,0,1,0,1,0,1,0,1,0,1,0,1,0,1,0,1,0,1,0,1,0,4.033509237,5.622467421,1098.21456,1095.158871
2026-04-25,MLQ,531090,13.9194,0.9779227658,116.8112824,192.4006186,63.44126118,0.09096955961,179.0735781,1,0,1,0,1,0,1,0,1,0,1,0,1,0,1,0,172.151391,1,1,0,1,0,1,0,1,0,1,0,1,0,1,0,1,0,1,0,1,0,1,0,1,0,0.7504988668,1.046149936,204.3403733,203.7718135
2026-04-25,CHQ,1224190,14.2538,2.254162704,269.2560655,443.4934065,146.235398,0.2096895539,412.7738868,1,0,1,0,1,0,1,0,248.194349,1,1,0,1,0,1,0,1,0,1,0,1,0,1,0,1,0,1,0,1,0,1,0,1,0,1,0,1,0,1,0,1,0,1.72993882,2.41142987,471.0151604,469.7046007
2026-04-25,NTQ,473460,3.7620,0.8718057442,104.1357769,171.5227115,56.55707981,0.08109820876,159.641824,1,0,1,0,1,0,1,0,1,0,1,0,1,0,1,0,1,0,153.734506,0,1,0,1,0,1,0,1,0,1,0,1,0,1,0,1,0,1,0,1,0,1,0,0.6690602223,0.9326294008,182.1668514,181.6599876
2026-04-25,YLQ,654120,4.2636,1.204464101,143.8712761,236.9713092,78.13778787,0.1120431722,220.5569845,1,0,1,0,1,0,1,0,1,0,1,0,1,0,1,0,1,0,1,0,147.599495,0,1,0,1,0,1,0,1,0,1,0,1,0,1,0,1,0,1,0,1,0,0.9243561708,1.28849648,251.6769756,250.9767058
2026-04-25,TNC,1857211,44.3080,3.419776154,408.4866946,672.8210759,221.8528086,0.318118712,626.2166846,1,0,1,0,502.546644,0,1,0,1,0,1,0,1,0,1,0,1,0,1,0,1,0,1,0,1,0,1,0,1,0,1,0,1,0,1,0,1,0,1,0,1,0,2.624479374,3.658365188,714.5741569,712.5859149
2026-04-25,KSC,2735462,60.7772,5.036943954,601.6547557,990.9894385,326.7641251,0.468552926,922.3464348,653.208999,0,1,0,1,0,1,0,1,0,1,0,1,0,1,0,1,0,1,0,1,0,1,0,1,0,1,0,1,0,1,0,1,0,1,0,1,0,1,0,1,0,3.865561639,5.388358649,1052.48701,1049.558554
2026-04-25,CYC,261900,4.9324,0.4822496608,57.60393693,94.87981699,31.28521776,0.04486043356,88.30776347,1,0,1,0,1,0,1,0,1,0,1,0,152.64884,0,1,0,1,0,1,0,1,0,1,0,1,0,1,0,1,0,1,0,1,0,1,0,1,0,1,0,1,0,0.3700985769,0.515894986,100.7677489,100.4873712
2026-04-25,CYQ,481230,4.8070,0.8861130366,105.8447597,174.3375881,57.48524377,0.08242911968,162.2617221,1,0,1,0,1,0,1,0,1,0,1,0,1,0,110.959381,0,1,0,1,0,1,0,1,0,1,0,1,0,1,0,1,0,1,0,1,0,1,0,1,0,1,0,0.6800402374,0.9479348763,185.1564101,184.6412281
2026-04-25,PTQ,791244,9.9066,1.456957429,174.0311931,286.6479034,94.51791082,0.1355309236,266.7926231,1,0,1,0,1,0,1,0,1,0,1,0,1,0,1,0,1,0,1,0,1,0,154.371795,0,1,0,1,0,1,0,1,0,1,0,1,0,1,0,1,0,1,0,1.11813012,1.558605622,304.4363372,303.5892689
2026-04-25,HLQ,315240,2.9678,0.5804672893,69.33587276,114.2035644,37.65693794,0.05399695715,106.2930101,1,0,1,0,1,0,1,0,1,0,1,0,1,0,1,0,1,0,1,0,1,0,1,0,1,0,1,0,1,0,1,0,1,0,49.324466,0,1,0,1,0,1,0,0.4454748965,0.6209650072,121.290665,120.953184
2026-04-25,TTQ,210140,1.0868,0.3869413659,46.21951625,76.12846408,25.1022362,0.03599454566,70.85526314,1,0,1,0,1,0,1,0,1,0,1,0,1,0,1,0,1,0,1,0,1,0,1,0,1,0,1,0,1,0,86.501719,0,1,0,1,0,1,0,1,0,1,0,0.2969550017,0.4139372751,80.8527482,80.62778229
2026-04-25,PHQ,107450,0.2090,0.1978530968,23.63323033,38.92644649,12.83542058,0.01840493924,36.23012289,1,0,1,0,1,0,1,0,1,0,1,0,1,0,1,0,1,0,1,0,1,0,1,0,1,0,1,0,1,0,1,0,1,0,1,0,1,0,1,0,38.991524,0,0.1518407487,0.2116568012,41.34209476,41.22706389
2026-04-25,KMQ,143180,0.2390,0.2636445454,31.49191176,51.87053149,17.10354135,0.02452507399,48.27760815,1,0,1,0,1,0,1,0,1,0,1,0,1,0,1,0,1,0,1,0,1,0,1,0,1,0,1,0,1,0,1,0,1,0,1,0,43.120976,0,1,0,1,0,0.2023318604,0.2820383509,55.08944745,54.93616574
2026-04-25,MZQ,14130,0.0078,0.02601828067,3.107841271,5.118945453,1.687896628,0.002420305179,4.764370744,1,0,1,0,1,0,1,0,1,0,1,0,1,0,1,0,1,0,1,0,1,0,1,0,1,0,1,0,1,0,1,0,1,0,1,0,1,0,1,0,1,0,0.01996751772,0.02783350955,5.436610507,5.4214836
2026-04-26,TPC,2465110,24.3600,5.700304298,659.2043013,892.5198674,299.8571183,0,783.3695962,1,0,1,0,1,0,1,0,1,0,238.190292,1,1,0,1,0,1,0,1,0,1,0,1,0,1,0,1,0,1,0,1,0,1,0,1,0,1,0,1,0,1,0,4.644692391,5.383620726,994.1752941,973.5908619
2026-04-26,NTPC,4041120,51.7776,9.344659551,1080.65104,1463.131417,491.5637022,0,1284.198491,1,0,1,0,1,0,428.737359,1,1,0,1,0,1,0,1,0,1,0,1,0,1,0,1,0,1,0,1,0,1,0,1,0,1,0,1,0,1,0,1,0,1,0,7.614167041,8.825511798,1629.777845,1596.033241
2026-04-26,KLC,361050,3.2928,0.8348896669,96.54973327,130.7220766,43.91828866,0,114.7354855,1,0,1,0,1,0,1,0,1,0,1,0,1,0,1,0,1,0,1,0,1,0,1,0,1,0,1,0,71.502177,0,1,0,1,0,1,0,1,0,1,0,1,0,0.6802804693,0.7885069077,145.6109423,142.5960629
2026-04-26,TYC,2332150,39.4128,5.392848461,623.6489695,844.3802544,283.6838025,0,741.1171931,1,0,1,0,1,0,1,0,1,0,1,0,1,0,1,0,1,0,1,0,1,0,1,0,1,0,1,0,1,0,1,0,1,0,1,0,1,0,322.19716,0,1,0,4.39417282,5.093245768,940.5527186,921.0785436
2026-04-26,HCC,457320,6.9552,1.057503788,122.2936547,165.5776764,55.6286159,0,145.3284372,1,0,1,0,1,0,1,0,1,0,1,0,1,0,1,0,1,0,1,0,1,0,1,0,1,0,1,0,1,0,1,0,67.79811,0,1,0,1,0,1,0,1,0,0.8616697528,0.9987535771,184.4364939,180.6177302
2026-04-26,HSQ,593210,10.2816,1.371734938,158.6325087,214.7781278,72.15833823,0,188.511944,1,0,1,0,1,0,1,0,1,0,1,0,1,0,1,0,1,0,1,0,1,0,1,0,115.970941,5,1,0,1,0,1,0,1,0,1,0,1,0,1,0,1,0,1.117709949,1.295527441,239.2407342,234.2872469
2026-04-26,ILQ,448110,6.5184,1.036206644,119.8307741,162.2430958,54.50830725,0,142.4016574,1,0,1,0,1,0,1,0,1,0,1,0,1,0,1,0,1,0,1,0,1,0,1,0,1,0,94.854245,0,1,0,1,0,1,0,1,0,1,0,1,0,1,0,0.8443165244,0.9786396078,180.7221142,176.9802569
2026-04-26,TCC,2854310,60.3792,6.600287842,763.2817315,1033.433957,347.199586,0,907.050668,1,0,671.932047,1,1,0,1,0,1,0,1,0,1,0,1,0,1,0,1,0,1,0,1,0,1,0,1,0,1,0,1,0,1,0,1,0,1,0,1,0,1,0,5.378012315,6.233605184,1151.139091,1127.304718
2026-04-26,MLQ,531090,11.1888,1.228089055,142.0207668,192.2869066,64.60203276,0,168.7712755,1,0,1,0,1,0,1,0,1,0,1,0,1,0,1,0,161.448065,2,1,0,1,0,1,0,1,0,1,0,1,0,1,0,1,0,1,0,1,0,1,0,1,0,1.000665156,1.159861885,214.1878281,209.7530621
2026-04-26,CHQ,1224190,11.4576,2.830808978,327.3652346,443.2312945,148.9110367,0,389.0265449,1,0,1,0,1,0,1,0,346.169822,0,1,0,1,0,1,0,1,0,1,0,1,0,1,0,1,0,1,0,1,0,1,0,1,0,1,0,1,0,1,0,1,0,2.306585093,2.673541812,493.7140546,483.4916889
2026-04-26,NTQ,473460,3.0240,1.094825818,126.6097125,171.4213388,57.59189295,0,150.4574518,1,0,1,0,1,0,1,0,1,0,1,0,1,0,1,0,1,0,113.750201,0,1,0,1,0,1,0,1,0,1,0,1,0,1,0,1,0,1,0,1,0,1,0,0.8920802964,1.034002162,190.9457325,186.9921949
2026-04-26,YLQ,654120,3.4272,1.512582825,174.92068,236.8312553,79.56745875,0,207.8680953,1,0,1,0,1,0,1,0,1,0,1,0,1,0,1,0,1,0,1,0,126.168919,0,1,0,1,0,1,0,1,0,1,0,1,0,1,0,1,0,1,0,1,0,1.232474894,1.428550446,263.805649,258.3435443
2026-04-26,TNC,1857211,35.6160,4.294602612,496.643752,672.4234276,225.9120033,0,590.1897405,1,0,1,0,671.444656,3,1,0,1,0,1,0,1,0,1,0,1,0,1,0,1,0,1,0,1,0,1,0,1,0,1,0,1,0,1,0,1,0,1,0,1,0,3.499305832,4.056013578,749.0105075,733.5022203
2026-04-26,KSC,2735462,48.8544,6.325464501,731.5001425,990.4037473,332.7428604,0,869.282816,658.266184,1,1,0,1,0,1,0,1,0,1,0,1,0,1,0,1,0,1,0,1,0,1,0,1,0,1,0,1,0,1,0,1,0,1,0,1,0,1,0,1,0,5.154082186,5.974049806,1103.207864,1080.365909
2026-04-26,CYC,261900,3.9648,0.6056158531,70.03566028,94.82374145,31.8576369,0,83.22731937,1,0,1,0,1,0,1,0,1,0,1,0,150.571939,1,1,0,1,0,1,0,1,0,1,0,1,0,1,0,1,0,1,0,1,0,1,0,1,0,1,0,1,0,0.4934647692,0.5719705279,105.6238908,103.4369447
2026-04-26,CYQ,481230,3.8640,1.112793116,128.6875174,174.2345517,58.53703934,0,152.9266243,1,0,1,0,1,0,1,0,1,0,1,0,1,0,198.927117,0,1,0,1,0,1,0,1,0,1,0,1,0,1,0,1,0,1,0,1,0,1,0,1,0,1,0,0.9067203165,1.050971276,194.0793623,190.0609427
2026-04-26,PTQ,791244,7.9632,1.829667469,211.5895226,286.4784898,96.24728541,0,251.443746,1,0,1,0,1,0,1,0,1,0,1,0,1,0,1,0,1,0,1,0,1,0,122.240171,3,1,0,1,0,1,0,1,0,1,0,1,0,1,0,1,0,1,0,1.49084016,1.728019276,319.1075597,312.5004271
2026-04-26,HLQ,315240,2.3856,0.7289589215,84.29950953,114.1360682,38.34593912,0,100.1778547,1,0,1,0,1,0,1,0,1,0,1,0,1,0,1,0,1,0,1,0,1,0,1,0,1,0,1,0,1,0,1,0,1,0,35.294898,0,1,0,1,0,1,0,0.5939665286,0.6884612036,127.1358356,124.5034839
2026-04-26,TTQ,210140,0.8736,0.4859263665,56.19432474,76.0834709,25.5615266,0,66.77888084,1,0,1,0,1,0,1,0,1,0,1,0,1,0,1,0,1,0,1,0,1,0,1,0,1,0,1,0,1,0,63.246687,0,1,0,1,0,1,0,1,0,1,0,0.3959400023,0.4589304572,84.74915776,82.99442366
2026-04-26,PHQ,107450,0.1680,0.2484666797,28.73360709,38.90344031,13.0702676,0,34.14576352,1,0,1,0,1,0,1,0,1,0,1,0,1,0,1,0,1,0,1,0,1,0,1,0,1,0,1,0,1,0,1,0,1,0,1,0,1,0,1,0,48.765784,0,0.2024543316,0.2346629753,43.33442944,42.43718865
2026-04-26,KMQ,143180,0.1921,0.3310884989,38.28830026,51.83987514,17.41648129,0,45.50014352,1,0,1,0,1,0,1,0,1,0,1,0,1,0,1,0,1,0,1,0,1,0,1,0,1,0,1,0,1,0,1,0,1,0,1,0,34.360161,0,1,0,1,0,0.2697758139,0.3126946934,57.74428671,56.54868935
2026-04-26,MZQ,14130,0.0063,0.03267411991,3.778556242,5.115920071,1.718779723,0,4.490271183,1,0,1,0,1,0,1,0,1,0,1,0,1,0,1,0,1,0,1,0,1,0,1,0,1,0,1,0,1,0,1,0,1,0,1,0,1,0,1,0,1,0,0.02662335696,0.03085889103,5.698608543,5.580618665
2026-04-27,TPC,2465110,31.5375,4.855814772,911.103915,889.7752765,455.1492416,0.4222447628,1244.249755,1,0,1,0,1,0,1,0,1,0,237.268334,0,1,0,1,0,1,0,1,0,1,0,1,0,1,0,1,0,1,0,1,0,1,0,1,0,1,0,1,0,1,0,4.855814772,4.855814772,928.9384782,956.489949
2026-04-27,NTPC,4041120,67.0335,7.960265543,1493.596737,1458.632136,746.1381858,0.6921970038,2039.731521,1,0,1,0,1,0,479.720444,2,1,0,1,0,1,0,1,0,1,0,1,0,1,0,1,0,1,0,1,0,1,0,1,0,1,0,1,0,1,0,1,0,1,0,7.960265543,7.960265543,1522.833408,1567.999263
2026-04-27,KLC,361050,4.2630,0.7112023089,133.4439715,130.3200926,66.66300233,0.06184367903,182.2378612,1,0,1,0,1,0,1,0,1,0,1,0,1,0,1,0,1,0,1,0,1,0,1,0,1,0,1,0,87.636109,0,1,0,1,0,1,0,1,0,1,0,1,0,0.7112023089,0.7112023089,136.0560939,140.0913939
2026-04-27,TYC,2332150,51.0255,4.593907948,861.961939,841.7836977,430.5999747,0.3994702563,1177.138978,1,0,1,0,1,0,1,0,1,0,1,0,1,0,1,0,1,0,1,0,1,0,1,0,1,0,1,0,1,0,1,0,1,0,1,0,1,0,319.025375,1,1,0,4.593907948,4.593907948,878.834564,904.8999982
2026-04-27,HCC,457320,9.0045,0.9008365597,169.0253345,165.0685079,84.43795659,0.07833361389,230.8295767,1,0,1,0,1,0,1,0,1,0,1,0,1,0,1,0,1,0,1,0,1,0,1,0,1,0,1,0,1,0,1,0,65.730212,0,1,0,1,0,1,0,1,0,0.9008365597,0.9008365597,172.3339506,177.4452189
2026-04-27,HSQ,593210,13.3110,1.168514947,219.2502377,214.1176628,109.5282083,0.1016099954,299.4192539,1,0,1,0,1,0,1,0,1,0,1,0,1,0,1,0,1,0,1,0,1,0,1,0,81.322435,0,1,0,1,0,1,0,1,0,1,0,1,0,1,0,1,0,1.168514947,1.168514947,223.5419899,230.1720421
2026-04-27,ILQ,448110,8.4390,0.8826945482,165.6213213,161.7441815,82.73745457,0.07675604767,226.1808835,1,0,1,0,1,0,1,0,1,0,1,0,1,0,1,0,1,0,1,0,1,0,1,0,1,0,94.648251,0,1,0,1,0,1,0,1,0,1,0,1,0,1,0,0.8826945482,0.8826945482,168.8633049,173.871637
2026-04-27,TCC,2854310,78.1695,5.622467421,1054.952118,1030.256041,527.0097609,0.4889102105,1440.696163,1,0,632.101873,1,1,0,1,0,1,0,1,0,1,0,1,0,1,0,1,0,1,0,1,0,1,0,1,0,1,0,1,0,1,0,1,0,1,0,1,0,1,0,5.622467421,5.622467421,1075.602463,1107.503854
2026-04-27,MLQ,531090,14.4855,1.046149936,196.2907044,191.6956045,98.05858997,0.09096955961,268.0645498,1,0,1,0,1,0,1,0,1,0,1,0,1,0,1,0,129.997126,1,1,0,1,0,1,0,1,0,1,0,1,0,1,0,1,0,1,0,1,0,1,0,1,0,1.046149936,1.046149936,200.1330311,206.0687949
2026-04-27,CHQ,1224190,14.8335,2.41142987,452.460256,441.8683124,226.0301366,0.2096895539,617.9026929,1,0,1,0,1,0,1,0,347.927572,0,1,0,1,0,1,0,1,0,1,0,1,0,1,0,1,0,1,0,1,0,1,0,1,0,1,0,1,0,1,0,1,0,2.41142987,2.41142987,461.3170186,474.999262
2026-04-27,NTQ,473460,3.9150,0.9326294008,174.9906737,170.8942004,87.41798943,0.08109820876,238.9761467,1,0,1,0,1,0,1,0,1,0,1,0,1,0,1,0,1,0,132.430802,0,1,0,1,0,1,0,1,0,1,0,1,0,1,0,1,0,1,0,1,0,1,0,0.9326294008,0.9326294008,178.4160593,183.7077174
2026-04-27,YLQ,654120,4.4370,1.28849648,241.7625554,236.1029747,120.7744165,0.1120431722,330.1632177,1,0,1,0,1,0,1,0,1,0,1,0,1,0,1,0,1,0,1,0,149.942903,0,1,0,1,0,1,0,1,0,1,0,1,0,1,0,1,0,1,0,1,0,1.28849648,1.28849648,246.4949789,253.8057959
2026-04-27,TNC,1857211,46.1100,3.658365188,686.4246274,670.3556559,342.908908,0.318118712,937.4163147,1,0,1,0,518.068015,3,1,0,1,0,1,0,1,0,1,0,1,0,1,0,1,0,1,0,1,0,1,0,1,0,1,0,1,0,1,0,1,0,1,0,1,0,3.658365188,3.658365188,699.8611665,720.6184124
2026-04-27,KSC,2735462,63.2490,5.388358649,1011.025933,987.3581533,505.0660841,0.468552926,1380.708335,579.16437,4,1,0,1,0,1,0,1,0,1,0,1,0,1,0,1,0,1,0,1,0,1,0,1,0,1,0,1,0,1,0,1,0,1,0,1,0,1,0,1,0,5.388358649,5.388358649,1030.816437,1061.389516
2026-04-27,CYC,261900,5.1330,0.515894986,96.79816128,94.53214863,48.356295,0.04486043356,132.1924826,1,0,1,0,1,0,1,0,1,0,1,0,135.164063,1,1,0,1,0,1,0,1,0,1,0,1,0,1,0,1,0,1,0,1,0,1,0,1,0,1,0,1,0,0.515894986,0.515894986,98.69295384,101.6200971
2026-04-27,CYQ,481230,5.0025,0.9479348763,177.8624634,173.6987624,88.8526149,0.08242911968,242.8980084,1,0,1,0,1,0,1,0,1,0,1,0,1,0,129.564706,0,1,0,1,0,1,0,1,0,1,0,1,0,1,0,1,0,1,0,1,0,1,0,1,0,1,0,0.9479348763,0.9479348763,181.3440633,186.7225634
2026-04-27,PTQ,791244,10.3095,1.558605622,292.4435446,285.5975388,146.0925097,0.1355309236,399.3757492,1,0,1,0,1,0,1,0,1,0,1,0,1,0,1,0,1,0,1,0,1,0,164.723225,2,1,0,1,0,1,0,1,0,1,0,1,0,1,0,1,0,1,0,1.558605622,1.558605622,298.168032,307.0114247
2026-04-27,HLQ,315240,3.0885,0.6209650072,116.5126092,113.7850879,58.20480503,0.05399695715,159.1155335,1,0,1,0,1,0,1,0,1,0,1,0,1,0,1,0,1,0,1,0,1,0,1,0,1,0,1,0,1,0,1,0,1,0,36.882668,0,1,0,1,0,1,0,0.6209650072,0.6209650072,118.7933057,122.3166072
2026-04-27,TTQ,210140,1.1310,0.4139372751,77.66768084,75.84950635,38.79951062,0.03599454566,106.0669274,1,0,1,0,1,0,1,0,1,0,1,0,1,0,1,0,1,0,1,0,1,0,1,0,1,0,1,0,1,0,84.848895,1,1,0,1,0,1,0,1,0,1,0,0.4139372751,0.4139372751,79.18800046,81.53664456
2026-04-27,PHQ,107450,0.2175,0.2116568012,39.7134877,38.78380821,19.83919014,0.01840493924,54.2347547,1,0,1,0,1,0,1,0,1,0,1,0,1,0,1,0,1,0,1,0,1,0,1,0,1,0,1,0,1,0,1,0,1,0,1,0,1,0,1,0,43.549181,0,0.2116568012,0.2116568012,40.49086632,41.69178861
2026-04-27,KMQ,143180,0.2487,0.2820383509,52.91928496,51.68046216,26.43625169,0.02452507399,72.26926178,1,0,1,0,1,0,1,0,1,0,1,0,1,0,1,0,1,0,1,0,1,0,1,0,1,0,1,0,1,0,1,0,1,0,1,0,51.195869,1,1,0,1,0,0.2820383509,0.2820383509,53.95516278,55.55542385
2026-04-27,MZQ,14130,0.0082,0.02783350955,5.222443753,5.100188088,2.60891351,0.002420305179,7.132034285,1,0,1,0,1,0,1,0,1,0,1,0,1,0,1,0,1,0,1,0,1,0,1,0,1,0,1,0,1,0,1,0,1,0,1,0,1,0,1,0,1,0,0.02783350955,0.02783350955,5.324671393,5.482596306
2026-04-28,TPC,2465110,20.1550,5.172498345,659.4048675,886.186196,377.930175,0.4222447628,1259.76725,1,0,1,0,1,0,1,0,1,0,237.168338,0,1,0,1,0,1,0,1,0,1,0,1,0,1,0,1,0,1,0,1,0,1,0,1,0,1,0,1,0,1,0,4.116886438,3.589080484,851.351003,891.2531331
2026-04-28,NTPC,4041120,42.8398,8.479413296,1080.979834,1452.748462,619.5509282,0.6921970038,2065.169761,1,0,1,0,1,0,443.573986,1,1,0,1,0,1,0,1,0,1,0,1,0,1,0,1,0,1,0,1,0,1,0,1,0,1,0,1,0,1,0,1,0,1,0,6.748920787,5.883674532,1395.642209,1461.054826
2026-04-28,KLC,361050,2.7244,0.7575850681,96.57910902,129.7944214,55.35318492,0.06184367903,184.5106164,1,0,1,0,1,0,1,0,1,0,1,0,1,0,1,0,1,0,1,0,1,0,1,0,1,0,1,0,84.914095,3,1,0,1,0,1,0,1,0,1,0,1,0,0.6029758706,0.5256712718,124.6923178,130.5365455
2026-04-28,TYC,2332150,32.6094,4.89351064,623.8387179,838.3882005,357.5458529,0.3994702563,1191.81951,1,0,1,0,1,0,1,0,1,0,1,0,1,0,1,0,1,0,1,0,1,0,1,0,1,0,1,0,1,0,1,0,1,0,1,0,1,0,311.61529,8,1,0,3.894834999,3.395497179,805.4319044,843.1818436
2026-04-28,HCC,457320,5.7546,0.9595867701,122.3308631,164.4026722,70.11250111,0.07833361389,233.708337,1,0,1,0,1,0,1,0,1,0,1,0,1,0,1,0,1,0,1,0,1,0,1,0,1,0,1,0,1,0,1,0,74.261161,1,1,0,1,0,1,0,1,0,0.7637527354,0.6658357181,157.940149,165.3426755
2026-04-28,HSQ,593210,8.5068,1.244722444,158.6807735,213.2539778,90.94602638,0.1016099954,303.1534213,1,0,1,0,1,0,1,0,1,0,1,0,1,0,1,0,1,0,1,0,1,0,1,0,97.67613,0,1,0,1,0,1,0,1,0,1,0,1,0,1,0,1,0,0.9906974551,0.8636849609,204.8711532,214.4732978
2026-04-28,ILQ,448110,5.3932,0.9402615839,119.8672332,161.091755,68.70050047,0.07675604767,229.0016682,1,0,1,0,1,0,1,0,1,0,1,0,1,0,1,0,1,0,1,0,1,0,1,0,1,0,96.419935,0,1,0,1,0,1,0,1,0,1,0,1,0,1,0,0.7483714648,0.6524264052,154.7593811,162.0128276
2026-04-28,TCC,2854310,49.9566,5.989150078,763.5139639,1026.100304,437.5990839,0.4889102105,1458.663613,1,0,626.10365,1,1,0,1,0,1,0,1,0,1,0,1,0,1,0,1,0,1,0,1,0,1,0,1,0,1,0,1,0,1,0,1,0,1,0,1,0,1,0,4.766874552,4.155736789,985.7652119,1031.967227
2026-04-28,MLQ,531090,9.2574,1.114377105,142.0639773,190.9223632,81.42230433,0.09096955961,271.4076811,1,0,1,0,1,0,1,0,1,0,1,0,1,0,1,0,129.103072,1,1,0,1,0,1,0,1,0,1,0,1,0,1,0,1,0,1,0,1,0,1,0,1,0,0.8869532062,0.7732412567,183.4173746,192.0139979
2026-04-28,CHQ,1224190,9.4798,2.568697035,327.4648372,440.0859512,187.6826352,0.2096895539,625.608784,1,0,1,0,1,0,1,0,282.676241,0,1,0,1,0,1,0,1,0,1,0,1,0,1,0,1,0,1,0,1,0,1,0,1,0,1,0,1,0,1,0,1,0,2.04447315,1.782361208,422.786563,442.6022259
2026-04-28,NTQ,473460,2.5020,0.9934530574,126.6482342,170.2048656,72.58695175,0.08109820876,241.9565058,1,0,1,0,1,0,1,0,1,0,1,0,1,0,1,0,1,0,157.010684,0,1,0,1,0,1,0,1,0,1,0,1,0,1,0,1,0,1,0,1,0,1,0,0.7907075355,0.6893347745,163.5142634,171.1780441
2026-04-28,YLQ,654120,2.8356,1.37252886,174.9739005,235.1506077,100.2842413,0.1120431722,334.2808043,1,0,1,0,1,0,1,0,1,0,1,0,1,0,1,0,1,0,1,0,167.998245,2,1,0,1,0,1,0,1,0,1,0,1,0,1,0,1,0,1,0,1,0,1.092420929,0.9523669638,225.907046,236.4951258
2026-04-28,TNC,1857211,29.4680,3.896954222,496.7948584,667.6516469,284.7321532,0.318118712,949.1071773,1,0,1,0,517.983939,0,1,0,1,0,1,0,1,0,1,0,1,0,1,0,1,0,1,0,1,0,1,0,1,0,1,0,1,0,1,0,1,0,1,0,1,0,3.101657442,2.704009052,641.4068531,671.4690714
2026-04-28,KSC,2735462,40.4212,5.739773343,731.7227052,983.3754534,419.3782964,0.468552926,1397.927655,574.483881,2,1,0,1,0,1,0,1,0,1,0,1,0,1,0,1,0,1,0,1,0,1,0,1,0,1,0,1,0,1,0,1,0,1,0,1,0,1,0,1,0,4.568391028,3.982699871,944.719837,988.9980885
2026-04-28,CYC,261900,3.2804,0.5495403112,70.05696898,94.15083494,40.15233106,0.04486043356,133.8411035,1,0,1,0,1,0,1,0,1,0,1,0,143.990741,0,1,0,1,0,1,0,1,0,1,0,1,0,1,0,1,0,1,0,1,0,1,0,1,0,1,0,1,0,0.4373892273,0.3813136853,90.44984917,94.68916015
2026-04-28,CYQ,481230,3.1970,1.009756716,128.7266712,172.9981149,73.77818357,0.08242911968,245.9272786,1,0,1,0,1,0,1,0,1,0,1,0,1,0,117.600145,0,1,0,1,0,1,0,1,0,1,0,1,0,1,0,1,0,1,0,1,0,1,0,1,0,1,0,0.8036839169,0.7006475173,166.1977126,173.9872644
2026-04-28,PTQ,791244,6.5886,1.660253814,211.6538998,284.4455259,121.3069532,0.1355309236,404.3565106,1,0,1,0,1,0,1,0,1,0,1,0,1,0,1,0,1,0,1,0,1,0,140.145158,0,1,0,1,0,1,0,1,0,1,0,1,0,1,0,1,0,1,0,1.321426505,1.152012851,273.2642247,286.071897
2026-04-28,HLQ,315240,1.9738,0.6614627251,84.32515808,113.3261138,48.32997649,0.05399695715,161.0999216,1,0,1,0,1,0,1,0,1,0,1,0,1,0,1,0,1,0,1,0,1,0,1,0,1,0,1,0,1,0,1,0,1,0,40.036877,0,1,0,1,0,1,0,0.5264703322,0.4589741358,108.8713648,113.9740773
2026-04-28,TTQ,210140,0.7228,0.4409331844,56.21142215,75.54355271,32.2169181,0.03599454566,107.389727,1,0,1,0,1,0,1,0,1,0,1,0,1,0,1,0,1,0,1,0,1,0,1,0,1,0,1,0,1,0,87.686217,0,1,0,1,0,1,0,1,0,1,0,0.3509468202,0.3059536381,72.57400269,75.97548726
2026-04-28,PHQ,107450,0.1390,0.2254605057,28.74234944,38.62736623,16.47334087,0.01840493924,54.91113622,1,0,1,0,1,0,1,0,1,0,1,0,1,0,1,0,1,0,1,0,1,0,1,0,1,0,1,0,1,0,1,0,1,0,1,0,1,0,1,0,46.338112,1,0.1794481576,0.1564419835,37.10895874,38.8482255
2026-04-28,KMQ,143180,0.1589,0.3004321564,38.29994967,51.47199903,21.95116747,0.02452507399,73.17055825,1,0,1,0,1,0,1,0,1,0,1,0,1,0,1,0,1,0,1,0,1,0,1,0,1,0,1,0,1,0,1,0,1,0,1,0,57.265695,0,1,0,1,0,0.2391194714,0.2084631289,49.44868043,51.76629992
2026-04-28,MZQ,14130,0.0052,0.02964873844,3.779705887,5.079615493,2.16629415,0.002420305179,7.2209805,1,0,1,0,1,0,1,0,1,0,1,0,1,0,1,0,1,0,1,0,1,0,1,0,1,0,1,0,1,0,1,0,1,0,1,0,1,0,1,0,1,0,0.02359797549,0.02057259402,4.879940316,5.108659156
2026-04-29,TPC,2465110,19.1400,4.644692391,645.6618561,884.9194617,358.2641251,0.2111223814,1194.21375,1,0,1,0,1,0,1,0,1,0,231.549235,0,1,0,1,0,1,0,1,0,1,0,1,0,1,0,1,0,1,0,1,0,1,0,1,0,1,0,1,0,1,0,4.328008819,4.43357001,885.1305841,892.4143062
2026-04-29,NTPC,4041120,40.6824,7.614167041,1058.450552,1450.671871,587.3118528,0.3460985019,1957.706176,1,0,1,0,1,0,440.356137,0,1,0,1,0,1,0,1,0,1,0,1,0,1,0,1,0,1,0,1,0,1,0,1,0,1,0,1,0,1,0,1,0,1,0,7.095019289,7.26806854,1451.017969,1462.958367
2026-04-29,KLC,361050,2.5872,0.6802804693,94.56625187,129.6088903,52.47281557,0.03092183952,174.9093852,1,0,1,0,1,0,1,0,1,0,1,0,1,0,1,0,1,0,1,0,1,0,1,0,1,0,1,0,79.72877,0,1,0,1,0,1,0,1,0,1,0,1,0,0.6338977101,0.6493586298,129.6398122,130.7066156
2026-04-29,TYC,2332150,30.9672,4.39417282,610.8369597,837.1897897,338.9405258,0.1997351282,1129.801753,1,0,1,0,1,0,1,0,1,0,1,0,1,0,1,0,1,0,1,0,1,0,1,0,1,0,1,0,1,0,1,0,1,0,1,0,1,0,300.181284,0,1,0,4.094570128,4.194437692,837.3895249,844.2803868
2026-04-29,HCC,457320,5.4648,0.8616697528,119.7812998,164.1676713,66.46411304,0.03916680694,221.5470435,1,0,1,0,1,0,1,0,1,0,1,0,1,0,1,0,1,0,1,0,1,0,1,0,1,0,1,0,1,0,1,0,85.804167,0,1,0,1,0,1,0,1,0,0.8029195424,0.8225029458,164.2068381,165.558093
2026-04-29,HSQ,593210,8.0784,1.117709949,155.3736221,212.9491479,86.21354085,0.0508049977,287.3784695,1,0,1,0,1,0,1,0,1,0,1,0,1,0,1,0,1,0,1,0,1,0,1,0,110.074322,0,1,0,1,0,1,0,1,0,1,0,1,0,1,0,1,0,1.041502453,1.066904952,212.9999529,214.7527253
2026-04-29,ILQ,448110,5.1216,0.8443165244,117.3690157,160.8614869,65.12558755,0.03837802383,217.0852918,1,0,1,0,1,0,1,0,1,0,1,0,1,0,1,0,1,0,1,0,1,0,1,0,1,0,108.33625,0,1,0,1,0,1,0,1,0,1,0,1,0,1,0,0.7867494886,0.8059385005,160.8998649,162.2239067
2026-04-29,TCC,2854310,47.4408,5.378012315,747.6011588,1024.633574,414.8280908,0.2444551052,1382.760303,1,0,607.80625,1,1,0,1,0,1,0,1,0,1,0,1,0,1,0,1,0,1,0,1,0,1,0,1,0,1,0,1,0,1,0,1,0,1,0,1,0,1,0,5.011329658,5.13355721,1024.878029,1033.31173
2026-04-29,MLQ,531090,8.7912,1.000665156,139.1031456,190.6494546,77.18539709,0.0454847798,257.284657,1,0,1,0,1,0,1,0,1,0,1,0,1,0,1,0,128.033669,1,1,0,1,0,1,0,1,0,1,0,1,0,1,0,1,0,1,0,1,0,1,0,1,0,0.932437986,0.9551803759,190.6949393,192.2641642
2026-04-29,CHQ,1224190,9.0024,2.306585093,320.6399664,439.4568826,177.9163442,0.1048447769,593.0544808,1,0,1,0,1,0,1,0,272.461977,2,1,0,1,0,1,0,1,0,1,0,1,0,1,0,1,0,1,0,1,0,1,0,1,0,1,0,1,0,1,0,1,0,2.149317927,2.201740316,439.5617274,443.1788722
2026-04-29,NTQ,473460,2.3760,0.8920802964,124.0086902,169.961571,68.80980268,0.04054910438,229.3660089,1,0,1,0,1,0,1,0,1,0,1,0,1,0,1,0,1,0,125.628876,0,1,0,1,0,1,0,1,0,1,0,1,0,1,0,1,0,1,0,1,0,1,0,0.8312566398,0.851531192,170.0021201,171.4010642
2026-04-29,YLQ,654120,2.6928,1.232474894,171.3271754,234.8144782,95.06583055,0.05602158611,316.8861018,1,0,1,0,1,0,1,0,1,0,1,0,1,0,1,0,1,0,1,0,144.439161,0,1,0,1,0,1,0,1,0,1,0,1,0,1,0,1,0,1,0,1,0,1.148442515,1.176453308,234.8704998,236.8032445
2026-04-29,TNC,1857211,27.9840,3.499305832,486.4408896,666.6972907,269.9157742,0.159059356,899.7192473,1,0,1,0,508.239655,3,1,0,1,0,1,0,1,0,1,0,1,0,1,0,1,0,1,0,1,0,1,0,1,0,1,0,1,0,1,0,1,0,1,0,1,0,3.260716798,3.340246476,666.8563501,672.3438979
2026-04-29,KSC,2735462,38.3856,5.154082186,716.4724788,981.9697947,397.5554439,0.234276463,1325.184813,560.463722,0,1,0,1,0,1,0,1,0,1,0,1,0,1,0,1,0,1,0,1,0,1,0,1,0,1,0,1,0,1,0,1,0,1,0,1,0,1,0,1,0,4.802667491,4.919805723,982.2040711,990.2866091
2026-04-29,CYC,261900,3.1152,0.4934647692,68.59687402,94.01625364,38.06295637,0.02243021678,126.8765212,1,0,1,0,1,0,1,0,1,0,1,0,130.242715,0,1,0,1,0,1,0,1,0,1,0,1,0,1,0,1,0,1,0,1,0,1,0,1,0,1,0,1,0,0.459819444,0.4710345524,94.03868386,94.81252634
2026-04-29,CYQ,481230,3.0360,0.9067203165,126.0438094,172.7508276,69.93904732,0.04121455984,233.1301577,1,0,1,0,1,0,1,0,1,0,1,0,1,0,139.128676,0,1,0,1,0,1,0,1,0,1,0,1,0,1,0,1,0,1,0,1,0,1,0,1,0,1,0,0.8448984767,0.8655057566,172.7920421,174.2139444
2026-04-29,PTQ,791244,6.2568,1.49084016,207.2427071,284.0389332,114.9946004,0.06776546181,383.3153347,1,0,1,0,1,0,1,0,1,0,1,0,1,0,1,0,1,0,1,0,1,0,146.368608,1,1,0,1,0,1,0,1,0,1,0,1,0,1,0,1,0,1,0,1.389191967,1.423074698,284.1066986,286.4446071
2026-04-29,HLQ,315240,1.8744,0.5939665286,82.56769212,113.1641229,45.81506822,0.02699847857,152.7168941,1,0,1,0,1,0,1,0,1,0,1,0,1,0,1,0,1,0,1,0,1,0,1,0,1,0,1,0,1,0,1,0,1,0,46.938122,0,1,0,1,0,1,0,0.5534688108,0.56696805,113.1911214,114.1225689
2026-04-29,TTQ,210140,0.6864,0.3959400023,55.03988968,75.43556907,30.54047213,0.01799727283,101.8015738,1,0,1,0,1,0,1,0,1,0,1,0,1,0,1,0,1,0,1,0,1,0,1,0,1,0,1,0,1,0,80.887724,0,1,0,1,0,1,0,1,0,1,0,0.368944093,0.3779427295,75.45356635,76.07447226
2026-04-29,PHQ,107450,0.1320,0.2024543316,28.14331468,38.57215141,15.61613082,0.009202469619,52.0537694,1,0,1,0,1,0,1,0,1,0,1,0,1,0,1,0,1,0,1,0,1,0,1,0,1,0,1,0,1,0,1,0,1,0,1,0,1,0,1,0,45.515865,0,0.1886506272,0.193251862,38.58135388,38.89883908
2026-04-29,KMQ,143180,0.1509,0.2697758139,37.50171983,51.39842381,20.80891215,0.01226253699,69.36304051,1,0,1,0,1,0,1,0,1,0,1,0,1,0,1,0,1,0,1,0,1,0,1,0,1,0,1,0,1,0,1,0,1,0,1,0,40.003943,0,1,0,1,0,0.2513820084,0.2575132769,51.41068635,51.83374388
2026-04-29,MZQ,14130,0.0049,0.02662335696,3.700931004,5.072354578,2.053568436,0.001210152589,6.845228121,1,0,1,0,1,0,1,0,1,0,1,0,1,0,1,0,1,0,1,0,1,0,1,0,1,0,1,0,1,0,1,0,1,0,1,0,1,0,1,0,1,0,0.02480812808,0.02541320437,5.073564731,5.115314995
2026-04-30,TPC,2465110,20.7350,5.172498345,585.4444749,874.046659,397.7862349,1.161173098,1325.954116,1,0,1,0,1,0,1,0,1,0,219.583179,0,1,0,1,0,1,0,1,0,1,0,1,0,1,0,1,0,1,0,1,0,1,0,1,0,1,0,1,0,1,0,3.166835721,3.905764056,837.6280483,922.2881232
2026-04-30,NTPC,4041120,44.0726,8.479413296,959.7346067,1432.847798,652.1014923,1.90354176,2173.671641,1,0,1,0,1,0,406.529418,2,1,0,1,0,1,0,1,0,1,0,1,0,1,0,1,0,1,0,1,0,1,0,1,0,1,0,1,0,1,0,1,0,1,0,5.191477528,6.402822285,1373.145806,1511.931305
2026-04-30,KLC,361050,2.8028,0.7575850681,85.7465702,128.0164156,58.26138392,0.1700701173,194.2046131,1,0,1,0,1,0,1,0,1,0,1,0,1,0,1,0,1,0,1,0,1,0,1,0,1,0,1,0,84.863553,2,1,0,1,0,1,0,1,0,1,0,1,0,0.4638275927,0.572054031,122.6823983,135.0820559
2026-04-30,TYC,2332150,33.5478,4.89351064,553.8675078,826.9034306,376.3309417,1.098543205,1254.436472,1,0,1,0,1,0,1,0,1,0,1,0,1,0,1,0,1,0,1,0,1,0,1,0,1,0,1,0,1,0,1,0,1,0,1,0,1,0,299.835695,0,1,0,2.996026923,3.695099871,792.449121,872.5429074
2026-04-30,HCC,457320,5.9202,0.9595867701,108.6099473,162.1505808,73.7961393,0.2154174382,245.987131,1,0,1,0,1,0,1,0,1,0,1,0,1,0,1,0,1,0,1,0,1,0,1,0,1,0,1,0,1,0,1,0,85.814831,0,1,0,1,0,1,0,1,0,0.5875021042,0.7245859285,155.3943066,171.1001961
2026-04-30,HSQ,593210,8.7516,1.244722444,140.8827667,210.3326905,95.72423641,0.2794274873,319.080788,1,0,1,0,1,0,1,0,1,0,1,0,1,0,1,0,1,0,1,0,1,0,1,0,102.374059,0,1,0,1,0,1,0,1,0,1,0,1,0,1,0,1,0,0.7620749655,0.9398924574,201.5688284,221.9416324
2026-04-30,ILQ,448110,5.5484,0.9402615839,106.4226439,158.8850187,72.30995361,0.2110791311,241.0331787,1,0,1,0,1,0,1,0,1,0,1,0,1,0,1,0,1,0,1,0,1,0,1,0,1,0,107.25976,0,1,0,1,0,1,0,1,0,1,0,1,0,1,0,0.5756703575,0.7099934409,152.2648096,167.6543971
2026-04-30,TCC,2854310,51.3942,5.989150078,677.8764514,1012.044136,460.5900865,1.344503079,1535.300288,1,0,567.379192,1,1,0,1,0,1,0,1,0,1,0,1,0,1,0,1,0,1,0,1,0,1,0,1,0,1,0,1,0,1,0,1,0,1,0,1,0,1,0,3.666826579,4.522419447,969.8756301,1067.902127
2026-04-30,MLQ,531090,9.5238,1.114377105,126.1297492,188.3069884,85.70014787,0.2501662889,285.6671596,1,0,1,0,1,0,1,0,1,0,1,0,1,0,1,0,136.185635,6,1,0,1,0,1,0,1,0,1,0,1,0,1,0,1,0,1,0,1,0,1,0,1,0,0.6822716971,0.8414684264,180.4608639,198.7002606
2026-04-30,CHQ,1224190,9.7526,2.568697035,290.7356149,434.0573766,197.5432865,0.5766462732,658.4776216,1,0,1,0,1,0,1,0,256.868114,0,1,0,1,0,1,0,1,0,1,0,1,0,1,0,1,0,1,0,1,0,1,0,1,0,1,0,1,0,1,0,1,0,1.572671654,1.939628374,415.9716525,458.0144081
2026-04-30,NTQ,473460,2.5740,0.9934530574,112.4430719,167.8732921,76.40059502,0.2230200741,254.6686501,1,0,1,0,1,0,1,0,1,0,1,0,1,0,1,0,1,0,131.847463,0,1,0,1,0,1,0,1,0,1,0,1,0,1,0,1,0,1,0,1,0,1,0,0.6082365657,0.7501584311,160.8785716,177.1387625
2026-04-30,YLQ,654120,2.9172,1.37252886,155.3484185,231.9293665,105.5530715,0.3081187236,351.8435715,1,0,1,0,1,0,1,0,1,0,1,0,1,0,1,0,1,0,1,0,143.601334,0,1,0,1,0,1,0,1,0,1,0,1,0,1,0,1,0,1,0,1,0,0.8403237916,1.036399343,222.2656429,244.7302989
2026-04-30,TNC,1857211,30.3160,3.896954222,441.0731848,658.5057339,299.6916856,0.8748264581,998.9722855,1,0,1,0,492.594297,2,1,0,1,0,1,0,1,0,1,0,1,0,1,0,1,0,1,0,1,0,1,0,1,0,1,0,1,0,1,0,1,0,1,0,1,0,2.38589034,2.942598086,631.067995,694.8507968
2026-04-30,KSC,2735462,41.5844,5.739773343,649.6509747,969.9045568,441.4119978,1.288520546,1471.373326,481.532849,0,1,0,1,0,1,0,1,0,1,0,1,0,1,0,1,0,1,0,1,0,1,0,1,0,1,0,1,0,1,0,1,0,1,0,1,0,1,0,1,0,3.514146945,4.334114565,929.4918669,1023.436729
2026-04-30,CYC,261900,3.3748,0.5495403112,62.19921544,92.86109748,42.26189295,0.1233661923,140.8729765,1,0,1,0,1,0,1,0,1,0,1,0,132.691825,0,1,0,1,0,1,0,1,0,1,0,1,0,1,0,1,0,1,0,1,0,1,0,1,0,1,0,1,0,0.3364532517,0.4149590105,88.99188508,97.98640201
2026-04-30,CYQ,481230,3.2890,1.009756716,114.2883866,170.6282777,77.65441292,0.2266800791,258.8480431,1,0,1,0,1,0,1,0,1,0,1,0,1,0,121.217273,0,1,0,1,0,1,0,1,0,1,0,1,0,1,0,1,0,1,0,1,0,1,0,1,0,1,0,0.6182183976,0.762469357,163.5187662,180.0458047
2026-04-30,PTQ,791244,6.7782,1.660253814,187.9143032,280.5490119,127.6802949,0.3727100399,425.6009829,1,0,1,0,1,0,1,0,1,0,1,0,1,0,1,0,1,0,1,0,1,0,143.35592,0,1,0,1,0,1,0,1,0,1,0,1,0,1,0,1,0,1,0,1.016481927,1.253661043,268.8594697,296.0334199
2026-04-30,HLQ,315240,2.0306,0.6614627251,74.86705107,111.7737013,50.8691834,0.1484916322,169.5639447,1,0,1,0,1,0,1,0,1,0,1,0,1,0,1,0,1,0,1,0,1,0,1,0,1,0,1,0,1,0,1,0,1,0,46.500783,0,1,0,1,0,1,0,0.4049771786,0.4994718536,107.1164637,117.9428536
2026-04-30,TTQ,210140,0.7436,0.4409331844,49.90661753,74.50870952,33.90956161,0.09898500057,113.031872,1,0,1,0,1,0,1,0,1,0,1,0,1,0,1,0,1,0,1,0,1,0,1,0,1,0,1,0,1,0,71.537071,1,1,0,1,0,1,0,1,0,1,0,0.2699590925,0.3329495474,71.40417996,78.62108637
2026-04-30,PHQ,107450,0.1430,0.2254605057,25.51854028,38.09822422,17.33883313,0.05061358291,57.79611044,1,0,1,0,1,0,1,0,1,0,1,0,1,0,1,0,1,0,1,0,1,0,1,0,1,0,1,0,1,0,1,0,1,0,1,0,1,0,1,0,43.81,0,0.1380370443,0.170245688,36.51079821,40.20098853
2026-04-30,KMQ,143180,0.1635,0.3004321564,34.00413771,50.76690316,23.10445908,0.06744395347,77.01486359,1,0,1,0,1,0,1,0,1,0,1,0,1,0,1,0,1,0,1,0,1,0,1,0,1,0,1,0,1,0,1,0,1,0,1,0,24.836026,0,1,0,1,0,0.1839380549,0.2268569344,48.65161553,53.56889286
2026-04-30,MZQ,14130,0.0054,0.02964873844,3.355765232,5.01003172,2.280109001,0.006655839241,7.600363337,1,0,1,0,1,0,1,0,1,0,1,0,1,0,1,0,1,0,1,0,1,0,1,0,1,0,1,0,1,0,1,0,1,0,1,0,1,0,1,0,1,0,0.01815228884,0.0223878229,4.801280398,5.286551586